class,year,elevation,eastness,northness,roughness,dew_temp,precip_annual,temp_annual_mean,temp_annual_min,temp_annual_max,temp_january_min,vapor_min,vapor_max,county,longitude,latitude
Yes,2005,113,-25,96,30,6.4,1710,10.64,1.4,15.84,5.44,34,938,thurston,-123.082521,47.079908
No,2005,164,-84,53,13,6.06,1297,10.07,0.19,14.42,5.72,49,754,whatcom,-122.346826,48.771319
Yes,2005,299,93,34,6,4.43,2545,9.86,-1.2,15.78,3.95,67,1164,skamania,-121.914399,45.807759
Yes,2005,806,47,-88,35,1.06,609,7.72,-5.98,13.84,1.6,114,1254,stevens,-117.884149,48.073964
Yes,2005,736,-27,-96,53,1.35,539,7.89,-6,14.66,1.12,67,1331,stevens,-117.722435,48.190338
Yes,2005,636,-48,87,3,1.42,702,7.61,-5.76,14.23,0.99,67,1275,pend_oreille,-117.20429,48.288755
Yes,2005,224,-65,-75,9,6.39,1195,10.45,1.11,15.36,5.54,31,944,pierce,-122.176806,47.102145
Yes,2005,52,-62,78,42,6.5,1312,10.88,1.75,15.56,6.2,60,892,pierce,-122.611296,47.40131
Yes,2005,2240,-67,-74,99,-5.63,1036,0.28,-10.52,5.1,-4.54,79,549,okanogan,-120.272068,48.92261
Yes,2004,1044,96,-26,51,-1.97,1611,5.38,-5.25,9.93,0.82,172,846,whatcom,-120.951111,48.737946
Yes,2003,1031,-49,86,190,-0.77,2619,6.86,-4.8,12.14,1.57,162,1036,skagit,-121.264894,48.346516
Yes,2005,787,66,-74,95,3.22,2805,7.51,-1.48,11.49,3.54,70,635,king,-121.430303,47.715722
Yes,2005,1330,99,7,212,-0.32,3355,5.2,-3.14,9.18,1.22,119,633,snohomish,-121.426401,47.860677
Yes,2005,147,-79,-60,17,6.49,1409,10.67,1.28,15.83,5.51,36,945,thurston,-122.850549,46.877674
Yes,2005,1038,-34,-93,183,-1.22,1736,5.69,-5.56,10.17,1.22,155,843,chelan,-120.971123,48.349453
No,2005,1713,-66,75,227,-2.59,2568,3.64,-5.67,7.53,-0.26,138,596,whatcom,-121.268397,48.839666
Yes,2014,546,-92,-38,28,2.32,2883,8.21,-2.8,13.16,3.25,98,893,snohomish,-121.501348,48.061913
Yes,2014,1612,30,-95,144,-1.37,3197,3.92,-5.4,8.18,-0.33,81,555,snohomish,-121.347041,48.106422
Yes,2015,1023,10,-99,109,-0.52,2312,5.55,-5.33,10.22,0.87,123,821,chelan,-121.131364,47.906697
No,2014,507,44,-89,3,1.89,290,9.59,-4.02,16.25,2.93,142,1512,adams,-118.332451,46.991571
No,2014,542,-32,-94,19,1.75,282,9.39,-4.25,16.02,2.76,143,1490,adams,-118.40148,46.988149
No,2014,759,-2,-99,16,0.32,293,8.1,-6.61,14.11,2.11,178,1332,douglas,-119.314687,47.714457
Yes,2014,940,-93,35,50,-0.15,442,7.67,-6.53,13.38,1.97,206,1262,okanogan,-118.855175,48.26722
No,2014,458,44,-89,4,1.68,230,9.77,-4.42,16.35,3.2,175,1555,grant,-119.069349,47.283794
No,2014,119,0,0,0,3.02,196,12.37,-2.51,18.9,5.84,297,1934,benton,-119.52291,46.714986
No,2014,246,22,-97,5,2.41,195,11.36,-3.52,17.96,4.78,272,1820,grant,-119.709295,46.75357
No,2014,235,0,-100,1,2.67,194,11.67,-3.15,18.06,5.28,312,1782,grant,-119.869932,46.701785
No,2014,324,71,70,51,3,343,11.43,-2.1,17.81,5.05,225,1682,walla_walla,-118.277976,46.502617
No,2014,419,86,-49,5,1.87,223,9.92,-4.21,16.34,3.5,192,1537,grant,-119.062307,47.112639
Yes,2014,1163,89,43,67,-0.69,537,5.69,-8.51,11.38,0.01,142,1047,ferry,-118.627956,48.454249
No,2014,302,-31,-94,1,2.55,226,10.65,-3.18,17.24,4.05,184,1627,franklin,-118.987529,46.634037
Yes,2014,569,-97,-21,55,1,467,8.53,-5.63,14.99,2.08,145,1410,ferry,-118.276043,48.196629
No,2014,340,-54,83,60,1.29,327,9.95,-4.96,16.37,3.53,212,1612,okanogan,-119.447648,48.685181
No,2014,200,-90,43,9,3.19,241,11.58,-2.21,18.13,5.03,227,1759,franklin,-118.947491,46.308043
No,2014,434,11,99,8,3.04,249,10.68,-2.87,16.59,4.77,199,1473,benton,-119.260224,46.128996
No,2014,792,-61,-79,30,0.25,264,7.79,-5.94,14.63,0.94,125,1360,kittitas,-120.239389,46.840179
Yes,2014,805,-98,-19,32,-0.67,365,8.01,-6.69,13.52,2.5,249,1324,okanogan,-119.759542,48.34686
No,2014,659,88,46,12,0.38,289,8.61,-6.44,14.56,2.65,204,1386,douglas,-119.675019,47.692702
No,2014,232,-44,89,5,2.11,197,10.66,-3.5,17.7,3.63,220,1673,yakima,-120.163825,46.357531
No,2014,243,98,19,2,2.25,215,10.87,-3.23,17.84,3.9,208,1709,yakima,-120.139222,46.194478
No,2014,421,-49,-87,13,2.78,267,10.77,-2.94,17.07,4.48,200,1598,franklin,-118.64309,46.654016
No,2014,673,74,67,36,2.1,543,10.52,-1.95,15.59,5.44,276,1351,columbia,-117.910587,46.362141
No,2014,809,-63,76,88,1.23,957,8.88,-3.99,14.65,3.11,193,1260,walla_walla,-118.047825,46.133267
Yes,2014,1804,91,-40,102,-3.5,1619,2.96,-7.59,7.41,-1.49,137,652,okanogan,-120.449831,48.286282
No,2014,150,100,0,1,3.23,216,11.67,-1.94,18.31,5.04,184,1753,benton,-119.75836,45.89199
No,2014,676,-65,-75,6,0.83,252,8.86,-6.21,14.82,2.9,211,1414,grant,-119.623511,47.368179
Yes,2014,1296,0,99,82,-2.44,484,6.47,-5.31,11.47,1.47,236,1083,chelan,-120.104969,47.991754
Yes,2014,965,16,-98,68,-0.57,817,7.67,-5.71,12.73,2.62,255,1182,chelan,-120.419031,47.594704
No,2014,1031,98,-18,46,0.46,456,8.86,-3.19,13.78,3.95,304,1154,asotin,-117.414907,46.334912
Yes,2014,1526,99,9,64,-0.28,1129,5.02,-6.02,9.35,0.69,120,792,pend_oreille,-117.430838,48.194346
Yes,2014,564,-89,-44,1,2.19,451,9.17,-4.06,15.52,2.82,117,1386,spokane,-117.357053,47.844133
Yes,2014,1634,54,83,38,-0.58,990,5.86,-5.5,10.51,1.21,217,821,garfield,-117.572509,46.214363
No,2014,751,-38,92,17,1.78,483,8.64,-3.85,14.82,2.47,116,1302,whitman,-117.305715,47.201023
No,2014,818,-12,99,42,1.72,556,8.53,-3.5,14.38,2.71,135,1244,whitman,-117.289999,47.039444
No,2014,781,86,-50,16,1.56,586,8.48,-3.57,14.56,2.39,126,1268,whitman,-117.110495,47.006699
No,2014,361,78,61,44,2.76,385,11.33,-1.44,17.11,5.55,249,1590,asotin,-117.258481,46.396016
No,2014,1113,94,32,26,0.06,473,7.97,-4.09,13.42,2.53,207,1156,asotin,-117.056113,46.079885
Yes,2014,1253,44,-89,60,0.27,749,6.2,-6.75,11.2,1.21,140,933,stevens,-117.643803,48.936339
No,2014,605,2,99,65,1.69,725,7.6,-6.08,13.84,1.36,76,1211,pend_oreille,-117.347395,48.986233
No,2014,483,-83,-55,25,1.62,503,8.45,-5.58,15.03,1.88,90,1369,stevens,-118.004375,48.596423
Yes,2014,950,-99,-8,46,0.62,589,8.74,-4.63,13.58,3.91,309,1240,stevens,-118.079674,48.003792
No,2014,692,100,0,7,1.39,343,8.23,-5.33,14.48,1.98,118,1310,lincoln,-118.419719,47.646598
Yes,2014,412,-93,-35,33,2.05,396,9.64,-4.07,16.28,3,129,1534,stevens,-118.147709,48.301333
Yes,2014,1395,63,-76,97,-0.9,669,5.71,-7,10.5,0.91,188,942,stevens,-117.95159,48.23901
Yes,2014,694,-86,-49,33,1.53,571,8.03,-5.56,14.41,1.67,70,1285,stevens,-117.717171,47.992946
Yes,2014,730,90,-42,45,0.86,739,7.41,-6.28,14.02,0.8,98,1220,pend_oreille,-117.32614,48.524296
No,2014,468,-85,-51,18,2.96,426,11.56,-1.28,17.35,5.79,235,1604,whitman,-117.605844,46.700228
No,2014,652,14,-98,10,1.64,415,8.62,-4.4,14.95,2.29,115,1342,spokane,-117.806929,47.29587
No,2014,572,89,-44,15,1.84,413,9.21,-4.06,15.75,2.68,131,1434,whitman,-117.828588,47.139517
No,2014,576,84,-53,12,1.59,307,9.06,-4.52,15.65,2.47,132,1446,adams,-118.361919,47.154741
No,2014,507,-100,0,3,2,379,9.76,-3.49,16.51,3.02,134,1524,adams,-117.984102,47.009394
No,2014,523,87,-47,34,2.07,398,9.91,-3.13,16.67,3.14,135,1537,whitman,-117.810234,46.978477
No,2014,500,-100,0,1,2.05,330,9.76,-3.7,16.4,3.1,139,1518,adams,-118.157485,46.96257
No,2014,476,16,98,19,2.87,620,10.9,-1.94,16.76,5.05,252,1516,walla_walla,-118.212515,46.026431
Yes,2014,1403,-42,90,26,-1.24,482,5.52,-7.77,10.26,0.78,192,896,ferry,-118.785738,48.876808
No,2014,572,-98,18,31,2.4,431,10.56,-2.3,16.56,4.55,209,1501,garfield,-117.583983,46.535456
No,2014,397,-51,-85,63,2.89,375,11.3,-1.91,17.14,5.47,257,1587,columbia,-118.098546,46.47208
Yes,2014,1056,-82,57,78,0.27,761,6.16,-6.55,11.27,1.06,148,979,stevens,-117.87292,48.973232
Yes,2014,904,-100,0,75,0.85,490,8.53,-4.96,13.69,3.37,243,1231,stevens,-118.091339,48.141889
No,2014,645,20,-97,31,0.85,244,8.83,-6.25,14.7,2.96,205,1386,grant,-119.727508,47.396234
No,2014,114,-44,89,4,3.85,221,12.24,-1.52,18.55,5.93,229,1753,walla_walla,-118.930572,46.140849
No,2014,737,-100,0,5,0.97,322,7.7,-6.06,14.27,1.12,95,1316,lincoln,-118.602856,47.751665
No,2014,685,-99,-4,38,0.48,324,8.99,-5.92,14.74,3.24,237,1421,okanogan,-119.387598,48.193981
No,2014,420,91,-39,2,2.12,226,10.58,-4.07,16.07,5.08,290,1503,grant,-119.93901,47.185556
No,2014,363,88,47,4,1.92,180,10.11,-4.73,16.68,3.55,198,1598,grant,-119.74671,47.073085
No,2014,330,43,89,14,2.22,192,10.68,-3.99,17.04,4.32,242,1610,grant,-119.650546,46.923577
Yes,2014,1235,79,60,63,-1.15,439,5.7,-7.81,10.86,0.55,180,968,okanogan,-118.930717,48.932776
Yes,2014,1223,86,49,6,-1.96,476,4.95,-9.3,10.8,-0.89,156,1059,okanogan,-119.121657,48.854748
No,2014,298,9,99,16,2.96,261,11.16,-2.49,17.66,4.66,221,1701,franklin,-118.788158,46.431835
No,2014,176,31,94,1,2.79,214,12.07,-2.49,18.56,5.58,296,1948,benton,-119.496965,46.559665
No,2014,177,98,16,15,3.24,227,11.88,-2.21,18.36,5.41,235,1780,benton,-119.460196,46.235643
Yes,2014,1366,99,0,71,-2.37,528,4.97,-8.01,9.72,0.23,205,903,okanogan,-118.880442,48.578985
Yes,2014,1069,93,36,186,-0.78,1694,5.96,-6.19,10.87,1.05,141,931,chelan,-120.964227,47.978137
Yes,2014,1306,68,-72,39,-2.12,500,5.73,-7.44,10.91,0.54,197,1051,okanogan,-119.882389,48.377702
Yes,2014,1392,-90,41,86,-1.31,793,4.89,-6.15,9.72,0.05,174,828,kittitas,-120.303166,47.166186
Yes,2014,893,90,-42,55,0.43,754,7.3,-5.37,12.96,1.64,160,1130,kittitas,-120.447331,47.173253
No,2014,280,98,17,35,1.42,276,10.43,-4.94,16.71,4.16,253,1679,okanogan,-119.899006,48.042878
No,2014,821,-96,-26,18,0.93,349,8.32,-4.69,14.15,2.48,164,1262,kittitas,-120.265347,47.006207
No,2014,579,94,31,10,1.41,278,9.07,-4.79,15.45,2.7,196,1414,yakima,-120.75033,46.688369
Yes,2014,863,70,70,10,1.28,418,8.11,-4.8,14.09,2.16,159,1249,yakima,-120.864803,46.630292
Yes,2014,968,69,-72,24,0.66,692,6.6,-5.12,12.59,0.61,82,1090,yakima,-121.107706,46.679961
No,2014,288,70,70,3,2.12,208,10.7,-3.94,17.92,3.48,187,1716,yakima,-120.694425,46.366482
No,2014,237,89,44,1,1.92,188,10.69,-3.87,17.89,3.48,208,1743,yakima,-120.504429,46.332736
Yes,2014,684,-93,34,52,1.83,725,8.07,-3.73,14.45,1.71,94,1204,yakima,-121.19602,46.124989
Yes,2014,1142,7,99,17,0.92,832,6.86,-4.5,12.04,1.68,138,935,klickitat,-120.969201,46.003571
Yes,2014,376,-98,18,87,3.66,2722,9.03,-1.39,13.76,4.31,64,866,snohomish,-121.568512,48.20026
No,2014,665,82,57,40,2.37,469,9.15,-3.17,14.93,3.38,167,1242,klickitat,-120.927653,45.691595
Yes,2014,27,78,-61,35,6.45,1695,10.72,1.49,15.8,5.63,38,923,mason,-123.006047,47.280432
Yes,2014,530,-47,-88,24,4.59,2042,9.23,-0.46,14.47,4,74,936,lewis,-122.421652,46.398473
No,2014,193,-80,59,27,6.54,1188,10.67,1.24,15.66,5.7,33,957,pierce,-122.182708,47.058346
Yes,2014,637,89,43,107,2.27,780,8.89,-3.25,14.64,3.15,153,1187,klickitat,-121.148446,45.984108
Yes,2014,789,61,78,181,3.2,3076,7.84,-0.87,11.68,4,80,633,king,-121.468344,47.737488
Yes,2014,831,9,-99,13,1.38,2767,6.44,-3.74,11.15,1.74,90,825,kittitas,-121.365479,47.417952
Yes,2014,882,-68,-72,158,1.69,3401,5.67,-2.89,9.67,1.67,76,560,king,-121.586288,47.430632
Yes,2014,903,12,-99,67,0.76,974,6.69,-5.21,12.29,1.09,98,1056,kittitas,-120.870492,47.327487
Yes,2014,680,77,-63,51,1.75,599,7.8,-4.96,13.58,2.01,105,1130,kittitas,-120.810256,47.172417
No,2014,905,-48,87,48,0.74,391,8.47,-4.34,14.08,2.88,216,1250,kittitas,-120.597551,46.82643
Yes,2015,1701,-99,6,51,-4.01,1636,2.49,-9.09,7.52,-2.53,97,705,okanogan,-120.417591,48.978494
No,2014,1711,-2,99,110,-3.06,1887,2.6,-8.13,6.84,-1.64,100,658,chelan,-120.665336,48.48875
No,2014,764,-16,-98,8,1.56,402,8.18,-4.84,13.84,2.53,150,1176,kittitas,-120.634805,47.142425
Yes,2014,821,88,46,85,3.39,1836,7.66,-1.39,12.38,2.94,57,836,pierce,-121.975923,46.863361
Yes,2014,1207,-3,-99,48,0.03,2037,6.01,-4.42,10.95,1.08,122,789,yakima,-121.48019,46.094886
No,2014,9,-100,0,2,6.98,1009,10.53,1.79,15.09,5.97,29,743,skagit,-122.318086,48.49435
Yes,2014,1155,-62,77,155,0.73,2102,5.92,-3.62,10.52,1.32,108,775,skamania,-121.716581,46.285625
Yes,2015,1347,70,70,155,0.91,4504,4.94,-3.28,8.93,0.95,75,508,king,-121.612225,47.602911
Yes,2014,605,39,-91,183,3.92,2996,8.32,-0.82,12.7,3.95,62,771,king,-121.643175,47.524521
Yes,2014,1174,47,-87,86,2.68,3010,6.3,-1.88,9.95,2.65,68,498,king,-121.743421,47.388708
Yes,2014,1150,-92,38,174,2.33,1689,6.3,-2.96,10.77,1.84,55,715,pierce,-121.664578,47.072913
Yes,2014,496,-27,-96,91,4.89,3284,8.88,-0.14,13.25,4.51,70,781,cowlitz,-122.572079,46.004567
Yes,2014,199,-11,-99,65,6.12,1606,10.97,0.82,16.42,5.52,54,1056,cowlitz,-122.629819,45.952874
Yes,2014,75,55,-83,18,6.89,837,10.46,1.62,15.02,5.9,27,764,island,-122.383688,48.014411
No,2014,63,62,-78,15,6.93,1000,11.73,2.6,16.07,7.38,109,935,king,-122.288049,47.529249
Yes,2014,1150,-55,83,97,2.83,2155,5.93,-2.61,9.6,2.25,67,447,pierce,-121.880635,47.083498
Yes,2014,302,-58,-81,81,5.36,1619,9.15,0,14,4.31,23,878,pierce,-122.045912,47.059528
Yes,2014,261,-85,-52,106,3.76,2162,8.68,-1.65,13.57,3.79,49,836,skagit,-121.794217,48.551683
Yes,2014,410,39,91,168,3.13,2132,9,-1.33,14.07,3.93,60,903,skagit,-121.943886,48.506936
Yes,2014,297,33,-94,51,6.69,2616,9.73,1.26,14.43,5.04,31,658,clallam,-124.212153,48.033509
Yes,2014,112,92,37,5,6.78,2977,10.3,2.27,14.81,5.79,25,729,clallam,-124.401488,48.01577
Yes,2016,1222,-47,88,120,1.09,4231,5.74,-2.56,9.85,1.62,109,643,jefferson,-123.381353,47.619969
Yes,2014,278,24,-96,136,5.81,3318,9.73,1.27,14.12,5.34,39,695,jefferson,-123.986436,47.843441
Yes,2014,893,76,-63,46,3.4,3528,7.59,-1.33,11.8,3.39,82,729,cowlitz,-122.355076,46.067546
No,2014,81,-70,-70,6,6.44,1273,11.43,1.24,16.79,6.08,64,1096,clark,-122.486248,45.703318
No,2014,189,-91,-39,4,4.99,1766,9.6,-0.72,14.09,5.12,53,815,whatcom,-122.096645,48.999397
Yes,2015,189,-68,73,69,5.12,1837,10.75,-0.14,16.32,5.18,92,1177,skamania,-121.809196,45.746891
No,2014,131,-65,-75,7,6.52,1070,10.78,1.36,15.72,5.83,39,937,pierce,-122.400166,47.158793
Yes,2014,178,94,-31,9,6.14,3030,10.73,1.25,15.76,5.7,60,943,mason,-123.33686,47.289458
Yes,2014,149,-76,64,16,6.66,2424,10.26,1.5,15.03,5.49,30,743,grays_harbor,-123.666027,47.088371
Yes,2014,832,-39,91,181,3.55,3446,8.21,-0.25,12.57,3.85,93,733,mason,-123.189166,47.575197
Yes,2014,435,89,44,86,5.98,3579,9.58,1.74,13.74,5.42,55,638,pacific,-123.700894,46.558925
Yes,2014,1259,-21,97,40,-1.12,472,6.24,-7.51,11.39,1.09,206,1046,okanogan,-118.887855,48.440689
No,2014,656,61,-78,5,1.29,315,8.38,-5.26,14.84,1.93,117,1365,lincoln,-118.580387,47.590774
Yes,2014,1118,8,-99,71,0.14,507,7.04,-6.78,12.01,2.07,202,1080,ferry,-118.705634,48.404377
Yes,2015,1330,89,-44,88,-0.93,654,6.07,-7,10.74,1.39,213,974,ferry,-118.492832,48.310086
Yes,2014,492,99,7,103,5.98,2255,8.97,0.56,13.39,4.55,41,605,clallam,-124.262496,48.162302
Yes,2014,374,99,8,112,4.86,858,9.03,-0.11,13.67,4.4,54,799,clallam,-123.108218,47.966929
Yes,2014,95,74,-67,48,6.61,2283,10.6,1.64,15.96,5.24,22,870,grays_harbor,-123.434943,47.076496
No,2014,51,0,0,6,6.98,1257,11.16,1.66,16.69,5.63,22,1004,lewis,-123.032359,46.632554
Yes,2014,127,-64,-76,6,6.01,1848,10.2,0.61,15.85,4.56,21,945,pacific,-123.379361,46.639257
Yes,2014,560,-32,94,61,5.48,2117,9.28,0.91,13.7,4.87,57,729,cowlitz,-123.105211,46.346534
Yes,2014,799,-88,-46,115,0.24,752,6.85,-6.8,13.49,0.21,106,1175,pend_oreille,-117.288906,48.485045
Yes,2014,629,-19,-98,14,1.56,633,7.74,-5.67,14.49,1,61,1302,pend_oreille,-117.249805,48.307422
Yes,2014,1342,87,47,93,-0.76,779,6.13,-5.61,10.54,1.72,212,859,chelan,-120.356774,47.649321
Yes,2014,1223,73,-68,64,-0.54,1016,4.2,-8.55,10.36,-1.95,42,878,pend_oreille,-117.147005,48.666261
No,2014,106,-99,-1,30,6.55,1318,11.39,1.23,16.79,5.99,57,1072,clark,-122.681278,45.876374
Yes,2014,949,-62,-78,36,1.52,784,7.1,-4.61,13.44,0.76,41,1131,yakima,-121.024434,46.191965
No,2014,269,-41,-91,4,2.45,189,11.06,-3.6,17.51,4.61,240,1682,grant,-119.552705,46.884498
Yes,2014,2014,-10,99,182,-3.72,1179,2.22,-7.94,6.9,-2.45,153,628,chelan,-120.854824,47.512115
Yes,2014,510,-86,-49,76,0.43,2272,8.17,-4.31,13.85,2.48,143,1171,snohomish,-121.193723,48.25021
Yes,2014,335,-22,97,79,6.02,5015,9.95,2.13,14.06,5.85,85,722,grays_harbor,-123.692035,47.428273
No,2014,220,-41,91,14,2.77,221,11.18,-2.73,17.76,4.59,205,1689,franklin,-119.149136,46.580106
Yes,2014,430,99,5,35,4.9,2010,8.95,-0.59,13.84,4.05,28,860,king,-121.716543,47.230021
Yes,2014,60,-53,84,9,6.61,1338,10.95,1.43,16.28,5.62,34,988,thurston,-122.732212,46.986062
No,2014,12,91,-39,3,6.71,1420,11.24,2.07,15.98,6.5,62,936,mason,-122.830736,47.465901
Yes,2014,217,30,-95,22,6.2,2773,11.01,1.06,16,6.02,69,986,mason,-123.159087,47.430087
Yes,2014,232,67,73,113,6.63,3145,9.53,2.05,13.47,5.6,19,617,clallam,-124.632821,48.30961
Yes,2014,489,20,-97,136,5.4,3650,9.02,1.04,13.06,4.97,70,666,pacific,-123.520959,46.440652
Yes,2014,1211,-92,38,83,0.24,876,6.46,-5.3,11.58,1.36,153,1004,kittitas,-120.642103,47.306402
Yes,2014,688,66,-74,8,1.48,626,7.94,-5.65,14.59,1.29,69,1308,spokane,-117.403742,48.013104
Yes,2014,1299,-96,-27,65,-0.81,804,5.1,-7.08,10.23,-0.04,140,882,stevens,-117.505858,48.989065
Yes,2014,880,44,-89,47,0.75,738,6.61,-6.73,12.94,0.28,71,1135,pend_oreille,-117.352766,48.963829
No,2014,340,-94,-31,8,2.48,223,10.39,-3.47,16.88,3.89,175,1563,franklin,-119.002306,46.711926
No,2014,439,48,-87,66,2.21,223,10.53,-3.73,16.39,4.66,275,1533,yakima,-120.044816,46.730712
No,2014,443,-75,65,15,2.62,232,10.81,-2.76,16.57,5.06,262,1541,benton,-119.853227,46.535534
Yes,2014,1102,-53,-84,108,2.34,2403,6.72,-1.84,10.7,2.74,109,635,lewis,-122.115547,46.417358
Yes,2014,692,-78,61,67,-0.42,372,8.03,-7.25,13.95,2.11,225,1348,okanogan,-119.488503,48.859679
No,2014,563,-100,0,9,1.23,269,9.09,-4.98,15.5,2.67,168,1473,lincoln,-118.937045,47.57109
No,2014,550,64,76,11,1.4,274,9.13,-4.73,15.65,2.6,150,1473,lincoln,-118.743213,47.460031
Yes,2014,923,31,94,72,2.25,3105,7.2,-1.84,11.21,3.19,68,651,whatcom,-121.625938,48.699108
No,2014,967,60,79,35,-1.05,369,6.5,-8.13,12.03,0.96,197,1144,okanogan,-119.273266,48.740056
No,2014,685,-21,-97,33,0.34,279,8.39,-6.27,14.26,2.53,200,1355,douglas,-119.46563,47.578362
No,2014,656,99,-5,6,0.49,285,8.71,-6.1,14.88,2.54,194,1414,douglas,-119.33995,47.879578
Yes,2014,929,-75,-65,57,0.97,1243,6.71,-4.23,11.65,1.77,118,1005,kittitas,-120.976555,47.12042
No,2014,536,37,92,7,1.73,321,9.35,-4.13,16.05,2.65,132,1490,adams,-118.172215,47.117301
No,2014,537,30,-95,30,2.83,480,10.94,-1.88,16.32,5.56,263,1435,columbia,-118.240491,46.366634
No,2014,340,-19,98,136,1.83,236,10.56,-4.4,16.51,4.62,266,1597,douglas,-119.968637,47.349241
No,2014,390,0,0,0,2.13,379,10.58,-2.92,16.76,4.4,212,1614,stevens,-118.277309,47.930345
Yes,2014,988,-62,-78,38,-1,450,7.25,-6.9,12.75,1.75,227,1229,okanogan,-119.935362,48.204641
No,2014,564,98,-14,12,2.64,266,10.17,-3.16,15.88,4.45,194,1371,benton,-119.094005,46.092869
Yes,2014,495,22,97,33,1.64,272,9.86,-4.02,16.17,3.56,197,1560,lincoln,-118.612979,47.917315
No,2014,374,96,-27,33,2.82,226,10.96,-3,17.03,4.89,256,1551,yakima,-120.306886,46.231235
No,2014,953,61,78,74,0.72,365,8.3,-4.48,13.87,2.73,228,1217,yakima,-120.280965,46.058485
Yes,2014,353,98,-15,16,5.32,2054,9.72,0.93,13.83,5.61,69,788,king,-121.781498,47.725403
No,2014,540,-37,-92,3,1.67,245,8.78,-5.58,15.29,2.27,140,1352,kittitas,-120.448333,47.024976
Yes,2014,870,-1,99,72,1.52,3185,6.55,-2.8,10.75,2.36,97,719,king,-121.436545,47.567036
Yes,2014,857,97,-24,24,1.57,578,8.13,-4.32,14.15,2.11,99,1243,spokane,-117.135798,47.359163
No,2014,591,-83,-54,9,1.1,265,9.19,-5.42,15.49,2.89,190,1479,grant,-119.12886,47.689467
Yes,2014,1,70,-70,1,7.9,2063,10.62,3.48,14.45,6.79,26,558,pacific,-124.003171,46.367132
Yes,2014,1760,79,60,143,-3.75,2005,2.7,-7.78,7.29,-1.89,119,654,snohomish,-120.974648,48.151595
No,2014,841,-11,-99,27,0.6,256,8.69,-4.34,14.32,3.07,250,1331,yakima,-120.020919,46.575129
Yes,2014,1900,-43,90,36,-3.47,2982,2.35,-6.9,6.93,-2.24,118,612,skamania,-121.544014,46.235877
No,2014,585,-35,-93,4,1.54,308,9,-4.5,15.52,2.47,139,1435,lincoln,-118.367508,47.315343
No,2014,464,91,-40,31,1.66,236,9.78,-4.51,16.4,3.15,168,1563,lincoln,-118.917292,47.410879
Yes,2014,522,-42,90,19,2.97,428,9.79,-2.25,15.58,4,164,1283,klickitat,-121.128903,45.808293
No,2014,306,-72,68,33,2.84,379,12.18,-1.16,18.77,5.59,250,1896,asotin,-117.00745,46.035681
No,2014,608,44,-89,5,1.16,283,9,-5.32,15.33,2.67,172,1453,lincoln,-118.959865,47.726957
No,2014,83,91,39,15,6.91,1112,11.2,2,15.77,6.63,54,903,king,-122.148394,47.67264
Yes,2014,46,52,-84,78,6.8,1165,11.08,1.93,15.82,6.35,47,877,kitsap,-122.874413,47.626416999999996
No,2014,653,-75,-66,17,1.11,301,8.43,-5.4,14.88,1.97,131,1394,lincoln,-118.7656,47.622019
No,2014,461,-99,10,30,2.43,359,11.01,-2.25,16.95,5.07,253,1583,whitman,-118.112404,46.638428
No,2014,699,-12,-99,13,1.96,509,8.53,-4.36,14.53,2.53,112,1291,spokane,-117.171523,47.632386
Yes,2014,993,99,3,135,0.07,681,7.19,-5.82,12.31,2.07,200,1094,chelan,-120.499758,47.345958
No,2014,794,98,-18,79,0.3,449,8.37,-5.44,13.48,3.27,242,1223,chelan,-120.298034,47.31861
Yes,2014,1014,-94,-33,100,0.97,2199,6.03,-4.67,10.44,1.63,114,771,kittitas,-121.210169,47.467571
No,2014,305,38,-92,13,1.42,338,10.26,-4.46,16.52,4,230,1626,chelan,-120.508372,47.521874
Yes,2014,1039,87,-48,36,0,789,5.52,-7.78,12.31,-1.27,41,1088,pend_oreille,-117.465796,48.678474
Yes,2014,584,37,92,106,4.59,3249,8.66,0.48,13.04,4.28,78,693,clallam,-124.052058,48.017417
No,2014,1575,65,-75,65,-3.2,4596,3.47,-5.85,7.73,-0.79,133,652,snohomish,-121.350166,47.959121
No,2014,474,100,0,3,1.71,310,9.7,-4.52,16.4,3.01,198,1517,yakima,-120.720856,46.531486
Yes,2014,622,-59,80,107,2.64,3367,8.43,-1.29,12.94,3.91,74,761,skagit,-121.77513,48.408637
No,2014,447,74,67,12,1.61,236,9.88,-4.5,16.61,3.15,205,1561,yakima,-120.561087,46.648923
No,2014,7,-44,-89,2,6.69,969,10.47,1.5,14.72,6.23,47,738,whatcom,-122.589534,48.83265
Yes,2014,948,-44,89,7,0.25,768,6.56,-6.51,11.89,1.23,165,1074,stevens,-118.024101,48.926694
No,2014,1089,76,64,280,-3.56,1733,3.8,-7.43,8.7,-1.1,139,772,chelan,-121.024221,48.461862000000004
No,2014,1366,69,-72,243,-2.42,1565,4.59,-7.02,9.09,0.08,156,796,chelan,-120.840691,48.276954
Yes,2014,110,87,-48,4,6.77,1124,10.83,2,15.06,6.6,59,789,snohomish,-122.184556,47.842139
No,2014,831,-93,34,96,-0.07,855,6.19,-7.23,12.67,-0.28,84,1128,pend_oreille,-117.285845,48.812429
Yes,2014,1875,8,99,126,-1.6,3551,2.87,-5.67,7.21,-1.47,91,496,pierce,-121.8465,46.932654
Yes,2014,1063,-52,-85,50,-2.14,500,6.09,-7.86,11.7,0.48,197,1155,okanogan,-119.932023,48.372838
No,2014,472,62,-78,8,2.01,313,9.79,-3.87,16.47,3.11,149,1548,adams,-118.323168,46.829936
No,2014,148,81,58,3,3.51,231,11.98,-1.83,18.37,5.6,234,1756,walla_walla,-118.933018,46.225249
Yes,2014,285,-60,-79,25,6.1,2252,9.95,1.1,15,4.89,32,849,pacific,-123.382221,46.730013
Yes,2014,148,99,5,43,6.5,2747,10.09,1.52,14.95,5.24,25,767,grays_harbor,-123.524125,47.230257
Yes,2015,1190,-80,-58,83,-0.07,850,8.43,-3.8,13.58,3.28,284,1181,garfield,-117.514747,46.06167
No,2014,357,-70,70,1,1.92,216,10.2,-4.26,16.73,3.67,200,1600,grant,-119.215895,47.063625
Yes,2014,1131,2,-99,38,0.03,908,5.41,-7.96,12.2,-1.38,48,1073,pend_oreille,-117.440346,48.503015
Yes,2014,64,85,-51,6,6.7,1603,10.85,1.69,15.93,5.77,36,920,mason,-123.09964,47.104704
Yes,2014,42,-89,44,1,6.79,1293,11.04,1.64,16.52,5.56,27,990,thurston,-123.027645,46.786017
Yes,2014,1265,-38,92,42,2.49,1306,6.66,-1.77,10.82,2.5,96,636,clallam,-123.034911,47.870837
Yes,2014,828,95,29,99,4.42,2319,8.91,0.31,13.12,4.7,94,745,jefferson,-123.025852,47.623532
Yes,2014,46,83,-54,16,6.48,1880,10.87,1.7,15.73,6.01,53,905,mason,-123.009918,47.479659
No,2014,25,90,-42,13,6.85,1224,11.32,1.75,16.63,6.02,46,1018,cowlitz,-122.957813,46.291271
No,2014,1091,-48,-87,111,-0.07,485,8.22,-4.23,13.77,2.68,232,1232,asotin,-117.200556,46.08346
Yes,2014,533,90,-43,181,4.93,3934,9.25,1.15,13.47,5.02,87,737,jefferson,-123.572929,47.554532
Yes,2014,140,-93,34,93,6.27,2454,9.82,1,14.67,4.97,26,713,grays_harbor,-123.583563,46.931102
Yes,2014,723,65,75,37,0.5,515,7.42,-6.84,14.37,0.48,91,1342,ferry,-118.347457,48.2505
No,2014,683,-58,-80,38,2,500,9.44,-2.87,15.54,3.33,152,1363,whitman,-117.44007,46.829119
No,2014,143,-85,-51,14,3.29,216,11.8,-1.84,18.48,5.12,171,1752,benton,-119.592081,45.943897
Yes,2014,335,-7,-99,93,4.43,1725,8.68,0.45,12.97,4.39,86,688,clallam,-123.882728,48.071766
No,2014,621,26,96,19,2.24,427,9.48,-3.05,15.67,3.3,151,1370,whitman,-117.63683,47.023837
Yes,2014,77,-91,-41,52,6.57,1463,10.86,1.45,16.34,5.38,28,980,grays_harbor,-123.22804,46.806636
Yes,2014,964,-6,99,76,1.08,999,6.41,-4.53,11.16,1.66,104,873,kittitas,-120.874582,47.136571000000004
Yes,2014,1099,-87,48,51,2.39,2473,6.16,-2.33,10.21,2.1,77,597,cowlitz,-122.244191,46.360916
Yes,2014,1353,-99,-3,97,1.18,3381,5.44,-2.89,9.33,1.56,90,599,cowlitz,-122.265506,46.19524
Yes,2014,478,62,-77,92,4.16,4354,8.99,0.55,13.33,4.66,97,765,mason,-123.361019,47.455832
Yes,2015,1391,15,98,87,1.34,2172,5.16,-3.35,9.06,1.26,95,559,jefferson,-123.248837,47.747381
Yes,2014,608,-44,89,44,5.09,2442,9.25,1.5,13.57,4.93,71,738,jefferson,-123.45456,47.762209
Yes,2014,744,31,94,5,1.14,538,8.26,-5.35,14.42,2.1,138,1333,stevens,-117.941717,47.950387
No,2014,207,99,13,55,5.2,854,9.65,0.5,14.63,4.68,39,880,clallam,-123.294617,48.06211
Yes,2014,872,74,-66,21,0.63,583,7.34,-6.17,13.46,1.21,133,1213,stevens,-118.020679,48.436539
No,2014,490,90,-43,60,1.17,320,9.68,-5.67,15.6,3.76,240,1549,okanogan,-119.739675,48.178107
Yes,2014,689,42,90,55,0.07,465,9.03,-6.09,14.74,3.33,269,1445,okanogan,-120.111764,48.140869
No,2014,946,-97,-20,10,-0.57,337,7.84,-5.78,12.75,2.94,274,1206,douglas,-119.858666,47.86032
No,2014,372,55,83,7,3.39,495,11.47,-1.66,17.41,5.53,261,1588,walla_walla,-118.268402,46.019231
Yes,2014,1196,74,67,82,-0.27,687,6.14,-7.44,11,1.29,185,971,ferry,-118.259409,48.951573
Yes,2014,672,-100,0,59,1.64,606,7.64,-6.17,13.98,1.3,78,1214,stevens,-117.656319,48.774844
Yes,2014,129,-99,1,50,5.47,1501,9.85,-0.1,14.66,5.04,47,832,whatcom,-122.167338,48.702205
Yes,2014,527,-49,87,56,1.97,424,9.46,-3.59,16.1,2.82,131,1461,whitman,-117.640824,47.208802
Yes,2014,201,98,-16,18,6.46,1347,10.27,0.29,14.8,5.75,41,774,whatcom,-122.394394,48.652513
No,2014,6,-99,1,26,6.91,948,10.89,1.85,15.68,6.1,38,828,snohomish,-122.21454,47.999342
Yes,2014,112,-91,40,7,6.75,1279,10.68,1.67,15.08,6.28,48,783,snohomish,-122.020121,47.919761
Yes,2014,260,85,51,32,6.54,3159,9.87,1.61,14.34,5.4,27,657,jefferson,-124.180031,47.871575
Yes,2014,149,91,-40,32,6.58,832,10.65,1.87,15.05,6.25,53,790,jefferson,-122.719216,47.964868
Yes,2014,139,70,70,6,6.78,3098,9.96,1.67,14.44,5.48,22,658,jefferson,-124.122114,47.543349
Yes,2014,106,56,82,28,6.94,2791,9.99,2.02,14.27,5.71,23,624,grays_harbor,-124.25717,47.477755
Yes,2014,1002,35,-93,17,3.08,2385,7.07,-1.84,11.51,2.64,65,695,lewis,-122.1304,46.591164
Yes,2014,518,-94,31,83,5.22,2010,8.94,0.19,13.46,4.42,49,803,king,-121.905507,47.251156
Yes,2014,44,-88,46,34,7.44,2468,10.33,2.85,14.38,6.28,26,606,grays_harbor,-124.247778,47.3236
No,2014,19,7,-99,12,6.93,1057,11.49,1.88,16.44,6.54,48,965,pierce,-122.249083,47.202913
Yes,2014,432,-98,-16,54,5.01,2098,8.98,-0.68,14.28,3.69,13,920,lewis,-122.141794,46.736921
No,2014,697,-44,-89,8,0.81,309,8.1,-5.78,14.52,1.68,131,1362,lincoln,-118.794623,47.779709
No,2014,668,83,-55,94,1.41,531,8.17,-5.71,15.15,1.2,64,1395,stevens,-117.777084,48.160139
Yes,2014,987,-28,-95,61,1.28,2371,6.91,-2.29,11.64,2.19,104,865,pierce,-121.835023,46.76683
Yes,2014,736,-79,-60,62,2.79,1924,8.07,-1.62,13.08,3.06,88,974,lewis,-121.753046,46.43745
Yes,2014,1023,-67,74,67,1.62,2116,6.46,-2.28,10.59,2.32,114,675,lewis,-121.894575,46.389111
Yes,2014,1108,97,23,13,0.36,862,5.61,-5.13,11.67,-0.45,26,959,yakima,-121.36032,46.327232
Yes,2014,1211,66,-74,56,0.27,1176,6.29,-4.46,10.93,1.64,167,830,yakima,-121.343597,46.149437
No,2014,23,-100,0,4,6.77,626,10.11,2.05,14.26,5.96,45,649,island,-122.649501,48.294769
No,2014,445,-88,46,29,3.34,507,11.26,-1.68,16.95,5.57,257,1518,walla_walla,-118.235838,46.177994
No,2014,488,-96,-27,4,2.89,382,9.79,-2.83,16.44,3.15,123,1427,klickitat,-120.945574,45.838175
Yes,2016,1983,-95,-29,109,-4.22,1502,1.27,-9.25,5.86,-3.33,81,565,okanogan,-120.785059,48.98287
No,2014,556,6,-99,24,2.22,450,9.77,-2.77,16.14,3.41,141,1445,whitman,-117.621468,46.855429
No,2014,650,-55,-83,9,1.46,321,8.57,-4.96,14.88,2.25,133,1352,lincoln,-118.386988,47.474335
No,2014,362,-74,-66,18,2.54,211,10.57,-3.44,16.52,4.62,228,1539,adams,-119.344806,46.768282
Yes,2014,205,-28,95,65,5.24,2311,9.72,0.12,15.57,3.86,25,934,pacific,-123.532539,46.613126
Yes,2014,816,-6,99,93,-0.03,767,8.01,-5.59,13.54,2.48,229,1228,chelan,-120.519343,47.672722
Yes,2014,315,-92,38,113,5.73,2067,9.86,0.52,15.05,4.68,36,897,lewis,-123.308126,46.448467
Yes,2014,1983,-46,-88,111,-4.15,736,2.23,-9.71,7.03,-2.57,107,677,okanogan,-119.865891,48.968203
Yes,2014,159,-99,10,42,6.33,1344,10.66,1.1,16.04,5.28,32,989,thurston,-122.722755,46.838379
Yes,2014,119,-93,34,49,6.51,1314,11.07,1.08,16.82,5.3,26,1073,lewis,-122.878122,46.678937
Yes,2014,634,-21,-97,20,2,451,8.97,-3.56,15.64,2.3,135,1333,klickitat,-120.743485,45.867618
Yes,2014,469,-7,-99,94,1.49,2510,8.18,-3.25,13.3,3.07,115,960,snohomish,-121.373204,48.275363
Yes,2014,322,-71,-69,26,5.84,1838,10.31,0.76,15.58,5.04,47,968,cowlitz,-122.7167,46.046017
Yes,2014,1106,1,-99,53,2.07,2638,6.19,-3.29,10.36,2.02,70,649,king,-121.571602,47.27789
Yes,2016,1566,-99,-3,77,-4.32,2179,2.25,-8.61,7.15,-2.65,106,670,skagit,-120.879496,48.590404
Yes,2014,1350,87,-47,112,-1.79,870,5.12,-7.43,9.68,0.57,158,837,okanogan,-120.504509,48.628613
Yes,2014,672,99,-1,71,0.78,522,8,-6.17,14.35,1.65,130,1335,ferry,-118.186333,48.800919
Yes,2014,592,-99,7,20,1.5,442,8.61,-4.94,15.14,2.08,112,1403,lincoln,-117.88506,47.799145
Yes,2014,84,8,99,19,6.18,2168,9.88,1.05,14.88,4.88,26,767,pacific,-123.591793,46.787113
No,2014,1496,-83,54,64,0.56,4683,4.77,-3.48,8.92,0.62,103,595,jefferson,-123.588174,47.728554
Yes,2014,1420,-99,5,297,-2.05,2375,4.85,-6.08,9.67,0.04,133,817,snohomish,-121.154959,48.078748
No,2014,648,70,70,14,1.71,354,9.47,-4.08,15.74,3.19,194,1420,yakima,-120.850964,46.312282
No,2014,645,8,-99,36,1.3,382,8.99,-4.15,14.71,3.27,231,1299,yakima,-120.864317,46.480841
No,2014,653,-53,84,62,2.08,528,9.16,-3,15.28,3.04,131,1325,whitman,-117.285203,46.85925
Yes,2014,1144,76,64,41,0.13,942,5.51,-7.59,11.87,-0.86,49,1057,pend_oreille,-117.422323,48.332625
No,2014,160,-94,33,23,3.33,275,11.85,-2.06,18.27,5.42,236,1728,walla_walla,-118.615259,46.486774
No,2014,692,93,-34,122,1.59,469,10.54,-2.53,16.82,4.26,250,1620,asotin,-117.378351,46.018275
Yes,2015,727,1,99,70,4.92,2380,8.78,0.32,13.3,4.26,64,771,lewis,-122.320963,46.687658
Yes,2014,195,-97,-22,16,6.47,3374,10.04,1.49,14.73,5.35,24,719,jefferson,-124.139173,47.710857
Yes,2014,561,-62,78,48,4.64,2297,9.46,-0.37,14.86,4.07,71,981,cowlitz,-122.566673,46.1805
Yes,2014,385,11,-99,34,4.94,2416,9.86,-0.22,14.74,4.98,103,975,clark,-122.347467,45.747961
Yes,2016,1449,99,-12,127,-2.28,2138,4.37,-6.33,9.08,-0.33,127,739,skagit,-121.069843,48.603513
No,2014,1778,-93,-36,200,-4.45,2525,2.19,-7.31,6.45,-2.07,127,601,skagit,-121.051743,48.299578
Yes,2014,670,75,65,151,5.2,4581,8.89,0.68,13.01,4.77,80,651,jefferson,-123.901072,47.51808
Yes,2014,1433,99,-11,99,-0.57,1601,4.7,-5.98,9.17,0.24,131,712,kittitas,-121.026844,47.423187
Yes,2014,122,-14,-98,39,6.55,3068,10,1.4,14.65,5.35,27,708,grays_harbor,-123.842106,47.197399
Yes,2014,133,36,93,11,4.63,1756,10.24,0.07,15.36,5.13,61,981,snohomish,-121.723673,48.270727
Yes,2014,471,-57,-82,100,3.92,2907,9.63,0.97,13.81,5.45,80,786,snohomish,-121.894161,48.195306
Yes,2014,1155,-29,95,99,0.98,536,7.42,-3.89,12.08,2.76,201,1020,yakima,-120.933362,46.785489
No,2014,1898,-98,-15,163,-4.14,3422,1.92,-6.63,5.78,-1.94,103,538,whatcom,-121.490919,48.754782
Yes,2014,793,-94,33,108,0.65,411,8.07,-5.89,13.41,2.76,207,1218,ferry,-118.670542,48.244467
No,2014,584,-88,46,10,1.62,369,9.09,-4.27,15.76,2.43,128,1453,adams,-118.004386,47.175924
No,2014,595,-19,-98,5,1.47,290,8.88,-4.75,15.44,2.32,131,1428,lincoln,-118.534333,47.267875
No,2014,772,-80,59,35,0.25,357,8.49,-6.17,13.93,3.05,233,1329,okanogan,-119.582949,48.220199
No,2014,667,-94,31,3,0.57,289,8.68,-6.25,14.68,2.68,200,1372,douglas,-119.495186,47.739712
No,2014,482,-85,-52,50,1.23,248,9.76,-4.82,16.07,3.44,213,1558,grant,-119.289313,47.557046
No,2014,799,-5,-99,7,1.73,595,8.22,-4.3,14.2,2.24,103,1244,spokane,-117.129324,47.492198
Yes,2014,344,76,64,48,6.15,1806,10.06,1.05,15.13,4.99,34,878,pacific,-123.383715,46.58054
Yes,2014,695,51,85,15,0.91,572,7.57,-6.37,14.53,0.61,71,1329,stevens,-117.94435,48.292085
Yes,2014,1090,-48,87,42,-1.14,401,6.23,-8.71,12.25,0.21,157,1162,okanogan,-119.106066,48.546497
No,2014,585,-94,31,14,1.57,342,8.88,-4.57,15.39,2.37,128,1413,lincoln,-118.199599,47.287078
No,2014,251,-59,80,11,3.07,274,11.24,-2.23,17.76,4.72,220,1699,walla_walla,-118.771156,46.273886
Yes,2014,1640,87,49,114,-3.56,886,3.68,-7.73,8.24,-0.88,165,750,okanogan,-120.358096,48.678997
No,2014,26,0,100,1,6.78,466,10.28,2.56,14.27,6.3,38,664,clallam,-123.154118,48.116276
No,2014,617,-95,28,6,1.37,294,8.8,-4.86,15.26,2.34,137,1416,lincoln,-118.565205,47.428844
Yes,2014,1450,-99,-12,57,-3.12,563,4.13,-8.97,9.43,-1.17,141,910,okanogan,-119.834546,48.661561
No,2014,363,-19,-98,5,2.73,341,10.86,-2.64,17.54,4.19,173,1651,adams,-118.130736,46.795351
No,2014,461,21,-97,5,2.08,372,10.13,-3.18,17.07,3.19,132,1599,whitman,-117.968396,46.850225
Yes,2014,551,99,12,157,0.64,871,9,-5.04,15.32,2.68,183,1449,chelan,-120.72678,47.616155
No,2014,292,99,3,9,2.33,209,10.6,-3.73,17.19,4.01,194,1644,adams,-119.202377,46.904044
No,2014,290,70,70,2,2.82,221,11,-2.89,17.15,4.85,231,1612,franklin,-119.32704,46.610969
No,2014,127,-1,-99,15,3.28,220,11.78,-1.87,18.46,5.1,171,1751,benton,-119.518759,45.947372
No,2014,681,-35,-93,6,0.35,292,8.66,-6.27,14.6,2.72,210,1418,douglas,-119.823002,47.564023
Yes,2014,1568,92,38,149,-2.75,702,3.89,-7.84,8.6,-0.83,143,774,okanogan,-120.209765,48.81998
Yes,2014,747,47,-87,104,4.91,1916,8.42,-0.38,12.74,4.1,59,710,lewis,-122.510831,46.706895
No,2014,855,-3,99,24,1,901,6.57,-6.1,12.7,0.43,54,1157,yakima,-121.166411,46.968032
Yes,2014,357,-99,1,61,4.97,1813,9.09,-0.81,13.62,4.56,47,771,whatcom,-122.240178,48.851211
No,2014,5,98,-14,2,8.02,2147,10.59,3.93,13.99,7.19,37,549,grays_harbor,-124.149388,47.009921
Yes,2014,97,96,25,34,6.67,2318,10.66,1.71,15.95,5.37,24,866,grays_harbor,-123.525812,47.126732
Yes,2014,379,98,-18,47,6.2,1888,9.81,1.13,14.49,5.14,38,794,lewis,-123.168788,46.484016
Yes,2014,746,96,27,79,3.07,1947,6.98,-1.08,10.6,3.36,99,567,jefferson,-123.070433,47.796565
No,2014,217,-79,-60,4,2.17,190,10.76,-3.26,17.9,3.62,182,1724,yakima,-119.976126,46.247979
Yes,2014,67,40,-91,16,6.8,2815,9.82,2.48,13.79,5.86,22,604,clallam,-124.580288,47.986419
Yes,2014,1222,11,-99,90,0.11,1480,5.24,-5.5,9.71,0.76,114,734,kittitas,-121.004466,47.318488
Yes,2015,291,-16,98,53,5.16,3098,10.34,0,15.78,4.89,75,1088,skamania,-122.21662,46.053738
Yes,2014,716,22,-97,37,1.48,686,7.91,-5.29,14.05,1.78,95,1252,spokane,-117.204655,47.997242
No,2014,659,89,-44,1,1.43,616,8,-5.62,14.65,1.34,72,1326,stevens,-117.573845,47.943047
No,2014,367,-98,19,2,2.32,224,10.14,-3.76,16.6,3.68,172,1515,adams,-119.00605,46.786222
Yes,2014,1493,46,88,198,1.72,1531,5.35,-2.88,9.31,1.39,88,549,clallam,-123.287497,47.913799
No,2014,478,75,65,134,0.68,339,9.32,-5.94,15.5,3.15,231,1524,okanogan,-119.434277,48.368047
Yes,2014,274,22,-97,52,6.59,3003,9.9,1.61,14.46,5.35,23,697,clallam,-124.400176,48.102376
Yes,2014,291,-86,-49,19,6,1449,10.38,0.51,15.97,4.79,27,1018,lewis,-122.505162,46.544011
No,2014,5,100,0,1,7.34,527,10.45,2.77,14.4,6.5,32,633,jefferson,-122.783445,48.133808
Yes,2014,1226,-9,-99,120,0.83,947,6.38,-4.42,11.71,1.06,83,1056,yakima,-121.09517,46.828406
Yes,2014,1045,47,-88,51,0.71,671,6.74,-6.08,11.65,1.82,164,1003,stevens,-117.85583,48.818797000000004
Yes,2014,201,-99,2,64,6.12,2798,10.03,1.29,15.01,5.05,34,802,pacific,-123.661518,46.396845
Yes,2014,57,-65,-75,6,7.43,2563,10.53,2.63,14.83,6.23,26,653,grays_harbor,-124.17727,47.278418
Yes,2014,790,-96,-27,40,2,732,8.53,-3.99,13.47,3.6,190,1159,spokane,-117.187463,47.81468
Yes,2014,168,51,-86,25,6.64,2882,9.51,2.09,13.3,5.72,22,567,clallam,-124.632423,48.164752
No,2014,52,-83,54,23,6.86,1073,11.7,1.58,16.98,6.43,62,1081,clark,-122.631268,45.708856
Yes,2014,504,22,-97,142,1.32,2366,7.74,-2.99,12.8,2.69,117,977,snohomish,-121.27546,47.807643
No,2014,190,40,91,13,2.65,203,12.1,-2.89,18.64,5.57,309,1958,benton,-119.673524,46.589621
No,2014,426,-11,99,54,3.14,358,11.05,-2.16,16.98,5.12,224,1539,walla_walla,-118.434929,46.459073
No,2014,14,99,-11,7,7.01,1209,11.4,2.03,16.05,6.74,55,925,king,-122.004341,47.720626
Yes,2014,126,-86,-49,12,6.26,1788,10.72,1.39,15.65,5.79,51,924,mason,-122.940618,47.421876
Yes,2014,754,-90,41,95,4.3,2708,7.93,-0.96,12.03,3.84,63,680,cowlitz,-122.417509,46.246156
Yes,2014,61,18,98,21,7.6,2406,10.36,3.09,14.24,6.47,28,592,grays_harbor,-124.169812,47.177486
Yes,2014,71,-6,99,16,6.95,2931,10.11,1.91,14.63,5.58,22,665,grays_harbor,-124.022976,47.224083
No,2014,712,-83,-55,12,0.54,302,8.42,-6.25,14.5,2.33,182,1385,grant,-119.134729,47.766459
Yes,2014,93,-21,97,47,6.7,2139,10.26,2.41,14.61,5.92,29,707,clallam,-124.470722,48.276589
No,2014,543,-50,86,8,1.22,256,9.48,-5.12,15.88,3.09,197,1526,grant,-119.125809,47.599898
No,2014,1563,-99,-2,97,-2.1,2844,4.21,-4.59,7.98,0.44,133,623,whatcom,-121.274946,48.753694
Yes,2014,1831,-95,28,41,-4.13,777,2.66,-9.06,7.62,-2.3,116,741,okanogan,-119.986455,48.694585
No,2014,693,62,77,34,0.6,248,8.78,-6,14.49,3.07,220,1370,grant,-119.797113,47.402854
No,2014,400,70,-70,17,2.8,205,10.84,-2.97,16.91,4.77,234,1524,yakima,-120.001086,46.403309
No,2014,711,-98,15,38,0.89,278,8.6,-4.86,15.06,2.14,165,1369,kittitas,-120.42532,46.869625
Yes,2014,320,97,-21,52,5.56,1649,10.18,1.18,14.87,5.49,77,880,jefferson,-122.880287,47.778033
No,2014,751,60,-79,19,1.46,468,8.41,-4.94,14.28,2.53,149,1287,lincoln,-117.878101,47.742982
No,2014,439,-11,-99,21,2.9,211,10.75,-3.35,15.76,5.73,288,1426,grant,-119.378568,46.9393
Yes,2014,855,-67,74,163,-0.36,2441,7.3,-3.04,12.07,2.52,190,980,snohomish,-121.193829,48.292338
Yes,2014,690,-84,-53,165,0.28,1001,8.45,-4.98,14.13,2.78,183,1317,chelan,-120.65702,48.318933
No,2014,769,93,-35,12,1.62,522,8.55,-3.71,14.8,2.29,110,1305,whitman,-117.134159,47.167376
No,2014,502,87,-48,77,2.21,417,10.85,-1.9,16.67,5.03,246,1546,asotin,-117.012647,46.170973
No,2014,400,94,31,1,2.56,305,10.76,-2.82,17.23,4.3,200,1640,franklin,-118.292362,46.671041
No,2014,993,65,75,6,1.15,610,9.07,-3,14.09,4.05,266,1185,garfield,-117.553055,46.389601999999996
No,2014,708,58,81,20,1.99,497,9.03,-3.28,15.09,2.98,141,1312,whitman,-117.459009,46.990997
No,2014,714,99,-9,5,1.45,456,8.2,-4.94,14.41,1.99,107,1290,spokane,-117.723919,47.501611
No,2014,607,-79,-60,10,2,226,9.86,-3.47,15.6,4.12,235,1411,benton,-119.821765,46.374412
Yes,2014,196,-90,-43,18,6.34,1244,10.62,1.29,15.53,5.72,43,938,king,-122.070926,47.190798
No,2014,391,-22,-97,4,1.77,194,10.22,-4.73,16.53,3.92,227,1578,grant,-119.769582,47.243915
Yes,2014,1261,-44,89,75,-1.57,451,4.94,-9.36,10.89,-1,127,1031,okanogan,-118.905402,48.750709
No,2014,792,-91,-40,14,1.62,561,8.43,-3.58,14.49,2.37,121,1261,whitman,-117.154372,47.046954
Yes,2014,732,-54,-83,60,1.09,481,8.1,-5.88,14.32,1.89,129,1324,ferry,-118.498179,48.106874
No,2014,347,-76,-64,11,2.57,232,10.43,-3.4,17.05,3.82,162,1581,adams,-118.822845,46.758545
No,2014,402,-70,-70,6,2.96,247,10.7,-2.58,16.76,4.64,183,1514,benton,-119.427673,46.071831
No,2014,237,66,-74,9,3.34,220,11.54,-1.84,17.88,5.21,211,1655,benton,-119.241936,45.970219
No,2014,379,-42,90,23,3.13,236,11.23,-2.53,17.14,5.32,254,1552,yakima,-120.168194,46.15152
Yes,2014,832,99,3,32,0.88,548,7.95,-5.61,13.8,2.1,158,1252,stevens,-117.93231,48.433698
Yes,2014,1761,-84,-53,47,-1.19,1070,3.68,-8.17,7.69,-0.34,146,661,pend_oreille,-117.515534,48.824967
No,2014,271,76,-64,21,3.12,329,11.26,-2.08,17.62,4.9,212,1654,walla_walla,-118.74608,46.114415
Yes,2014,125,7,99,41,6.53,2526,10.74,1.27,15.76,5.72,41,937,grays_harbor,-123.234303,46.98669
Yes,2014,128,97,-20,48,6.52,2126,10.41,1.16,15.8,5.03,20,860,grays_harbor,-123.444168,46.93718
Yes,2014,124,89,-44,10,6.37,1659,10.77,1.48,15.46,6.08,56,908,king,-121.787589,47.525228
No,2014,117,-60,79,26,6.63,1171,11.15,2.04,15.72,6.59,76,918,king,-122.294132,47.37685
Yes,2014,1121,-90,-42,117,-1.38,539,7.15,-5.84,12.02,2.28,262,1129,chelan,-120.241481,48.034619
No,2014,769,73,68,77,1.82,278,9.77,-3.57,15.41,4.12,248,1407,benton,-119.655317,46.429729
Yes,2014,224,59,-80,55,6.29,2166,10.46,1.27,15.64,5.27,40,934,wahkiakum,-123.290857,46.28012
Yes,2014,136,-78,-62,13,5.96,1412,10.29,0.14,15.05,5.53,44,838,whatcom,-122.318496,48.649282
Yes,2014,514,-64,76,28,5.07,2764,9.67,-0.29,14.21,5.14,108,923,clark,-122.345299,45.901282
Yes,2014,109,-85,-51,2,6.96,3518,10.56,2.01,15.33,5.78,25,766,grays_harbor,-123.905899,47.375493
Yes,2014,1383,99,1,163,-1.74,2022,5.48,-6.54,10.63,0.32,144,933,chelan,-120.836734,48.099811
Yes,2014,488,-99,13,86,0.33,475,8.84,-5.56,14.95,2.74,205,1421,chelan,-120.401058,47.799818
Yes,2014,1031,2,99,61,0.89,596,7.9,-5.17,13.12,2.68,193,1166,stevens,-117.942638,48.102555
No,2014,648,11,-99,81,1.28,367,9.07,-5.02,15.14,2.99,181,1426,lincoln,-118.461816,47.817672
Yes,2014,1260,-65,75,99,1.27,2322,5.22,-3.47,9.45,0.99,71,554,lewis,-121.959026,46.707605
Yes,2014,474,-6,99,48,5.19,1275,9.69,0.88,14.3,5.09,80,827,jefferson,-122.938618,47.915461
Yes,2014,709,46,88,72,5.41,2107,9.03,0.18,13.63,4.43,57,805,lewis,-122.295075,46.543143
Yes,2014,801,-44,89,45,-0.96,418,7.37,-9.42,13.35,1.39,214,1268,okanogan,-119.792784,48.524643
Yes,2014,832,-74,-66,18,2.37,2621,7.45,-3.01,12.2,2.7,112,867,skamania,-121.835263,45.896499
No,2014,458,95,-29,19,1.52,216,10.16,-4.73,16.3,4,245,1579,grant,-119.43939,47.41966
Yes,2014,1014,-63,-76,76,-1.51,385,6.91,-7.23,12.21,1.61,243,1190,okanogan,-119.429565,48.513724
No,2014,548,29,95,57,2.75,491,10.64,-2.06,16.1,5.18,245,1401,columbia,-118.079211,46.309769
Yes,2014,357,95,-28,35,4.26,2776,9.34,-0.46,13.87,4.81,54,795,skagit,-121.572971,48.354565
Yes,2014,665,30,-95,73,4.49,1969,9.12,0.23,14.01,4.23,71,964,lewis,-121.928426,46.56714
Yes,2014,404,-68,-72,24,5.79,2036,10.1,0.72,15.31,4.89,50,957,lewis,-122.640271,46.642843
Yes,2015,1645,97,-21,109,-1.39,1708,3.4,-6.02,7.84,-1.05,100,556,yakima,-121.315517,46.771259
Yes,2014,556,0,0,0,1.62,792,8.25,-3.87,15.16,1.34,87,1284,klickitat,-121.292314,45.979456
No,2014,1,12,-99,11,7.06,766,10.51,1.95,14.95,6.07,30,724,skagit,-122.455757,48.358962
Yes,2014,50,43,-90,25,7.24,2609,10.39,2.44,14.81,5.97,23,656,grays_harbor,-124.063474,47.385028
Yes,2014,860,-99,9,46,-0.11,1015,7.32,-5.54,12.64,2,169,1107,chelan,-120.753448,47.789853
No,2014,702,60,79,141,1.2,475,9.25,-5,14.52,3.99,257,1314,kittitas,-120.140153,47.220563
No,2014,461,67,-73,11,1.52,236,9.87,-4.78,16.3,3.44,202,1576,grant,-119.266397,47.391759
No,2014,1072,42,-90,20,-1.07,347,7.25,-5.32,12.06,2.45,263,1109,douglas,-120.188673,47.544526
Yes,2014,1337,24,96,117,1,5170,5.04,-3.18,8.91,1.16,102,554,clallam,-123.807798,47.917509
Yes,2014,1099,99,-7,13,0.68,1711,6.62,-4.31,11.36,1.88,154,838,yakima,-121.389389,46.070385
No,2014,327,-62,78,4,3.1,315,11.11,-2.05,17.39,4.83,216,1619,walla_walla,-118.59461,46.3115
Yes,2014,704,-63,-77,27,1.45,458,8.32,-4.54,14.79,1.85,94,1326,spokane,-117.644636,47.350673
Yes,2014,1702,-49,-86,54,-3.13,671,3.5,-8.34,8.34,-1.35,124,773,okanogan,-120.052063,48.869688
No,2014,555,84,-53,33,1.84,382,9.86,-3.04,16.15,3.57,214,1456,klickitat,-120.450682,45.833716
Yes,2014,1359,-53,-84,87,-2.23,526,5.39,-7.77,10.05,0.73,223,937,okanogan,-119.282592,48.563364
Yes,2014,948,-87,-48,17,-1.79,738,5.64,-8.23,11.86,-0.58,105,1112,okanogan,-120.520015,48.431402
Yes,2014,924,-88,46,128,3.51,2915,7.67,-1.74,12.13,3.22,76,809,skamania,-122.162067,45.877493
Yes,2014,918,76,-64,55,3.2,2902,7.98,-1.84,12.63,3.34,105,857,skamania,-121.983808,45.797146
No,2014,530,-42,90,15,1.95,227,10.26,-4.23,15.62,4.9,293,1453,kittitas,-120.099593,47.055961
No,2014,236,-94,-31,1,2.11,195,10.8,-3.66,17.84,3.77,212,1723,yakima,-120.340857,46.387079
No,2014,459,79,-60,50,2.18,545,9.11,-4.63,15.34,2.88,119,1390,stevens,-118.021987,48.778434
Yes,2014,1430,-25,96,83,-1.31,853,5.21,-7.33,10.02,0.4,173,886,stevens,-117.575589,48.29126
Yes,2014,1034,85,51,106,-1.05,610,7.69,-6.3,12.85,2.53,258,1222,okanogan,-120.153221,48.326017
Yes,2014,1581,51,85,142,-0.91,1844,3.88,-5.75,8.26,-0.5,100,582,yakima,-121.308702,46.925109
Yes,2014,1788,-17,-98,103,-2.77,2087,2.24,-6.73,6.69,-2.21,97,540,yakima,-121.402526,46.473418
Yes,2014,914,99,9,6,2.06,1732,7,-2.98,12.16,1.84,72,862,skamania,-121.66312,45.968114
Yes,2014,1362,47,88,48,-0.16,1048,7,-4.56,11.67,2.33,244,941,columbia,-117.708153,46.270014
No,2014,36,-94,-31,1,6.51,1273,10.43,0.61,15.17,5.7,37,826,whatcom,-122.434198,48.969058
No,2014,248,58,-80,15,1.47,303,10.6,-4.65,17.01,4.2,239,1720,okanogan,-119.574704,48.36764
No,2014,356,-9,-99,13,2.58,246,10.54,-3.23,17.13,3.95,180,1630,franklin,-118.805862,46.597078
No,2014,636,70,-70,3,1.39,317,8.63,-4.94,15.01,2.25,134,1378,lincoln,-118.470241,47.479533000000004
No,2014,611,7,-99,15,0.95,268,9.13,-5.81,15.06,3.2,215,1432,douglas,-119.640253,47.53131
Yes,2014,1425,96,25,126,-1.28,1893,3.86,-5.37,8.18,-0.47,128,589,pierce,-121.481725,46.954217
Yes,2014,831,-59,80,71,0.81,1012,8.53,-4.09,14.21,2.87,196,1214,columbia,-117.909606,46.186303
Yes,2014,1425,-70,71,103,-0.55,1201,4.44,-8.1,9.62,-0.75,100,806,pend_oreille,-117.141504,48.85552
Yes,2014,1100,-76,-64,56,-0.12,1079,7.77,-4.57,13.04,2.51,243,1095,columbia,-117.712705,46.173753
No,2014,263,24,-97,3,2.4,196,10.7,-3.34,17.28,4.13,199,1620,adams,-119.172216,46.747789
Yes,2014,110,94,31,4,6.62,1287,10.57,1.38,15.03,6.11,59,785,snohomish,-122.077028,48.066026
No,2014,540,82,-56,14,2.48,404,9.39,-3.24,16.05,2.73,126,1375,klickitat,-120.808096,45.843116
Yes,2014,1086,34,93,67,0.25,891,5.98,-5.73,12.3,-0.34,51,1072,yakima,-121.24251,46.624154
Yes,2014,235,97,19,48,6.56,1991,11.07,1.22,16.2,5.94,52,1003,thurston,-123.081452,46.931485
Yes,2014,88,34,93,24,6.54,1256,10.84,1.79,15.51,6.17,59,880,pierce,-122.613936,47.352018
No,2014,96,-56,-82,8,6.38,1904,10.65,1.4,15.69,5.61,39,913,mason,-123.149414,47.282368
Yes,2014,231,-99,-12,53,6.4,3500,9.95,1.26,14.6,5.31,31,718,grays_harbor,-123.669022,47.280056
No,2014,94,-89,-44,1,6.64,1222,10.84,1.39,15.92,5.77,39,945,pierce,-122.568304,47.040336
Yes,2014,1727,-32,-94,66,-3.49,713,3.08,-8.59,8.02,-1.87,111,765,okanogan,-119.973973,48.866197
Yes,2014,760,-28,-95,31,1.05,725,7.36,-6.03,13.73,0.99,81,1226,pend_oreille,-117.199656,48.13919
Yes,2014,73,79,60,76,6.43,746,10.09,1.27,14.85,5.34,23,766,jefferson,-122.762347,47.995736
No,2014,696,48,87,99,2.02,466,9.41,-3.28,15.54,3.27,197,1340,klickitat,-120.583328,45.890327
Yes,2014,939,-72,-68,35,0.22,894,6.04,-7.35,12.59,-0.52,71,1112,pend_oreille,-117.27635,48.643372
No,2014,828,-34,-93,25,1.82,445,8,-5.12,13.25,2.75,143,1145,lincoln,-117.88365,47.631507
No,2014,784,-19,-98,21,1.91,601,8.62,-3.18,14.55,2.69,118,1242,whitman,-117.098994,46.849193
Yes,2014,3,-98,19,3,7.66,2138,10.58,3.14,14.72,6.45,25,620,pacific,-123.949198,46.342016
No,2008,546,-95,30,38,0.48,327,8.9,-6.84,15.21,2.59,208,1497,okanogan,-119.51522,48.564952
No,2008,41,-70,-70,4,6.68,1067,10.49,0.92,15.04,5.94,36,778,whatcom,-122.470612,48.853396
Yes,2008,738,-20,-97,27,1.03,706,7.31,-5.81,13.73,0.89,60,1248,spokane,-117.056673,47.990142
Yes,2008,122,-98,-19,10,6.18,721,9.66,1,14.35,4.97,31,717,island,-122.534008,48.309409
Yes,2008,33,-70,70,1,6.36,631,9.9,1.75,14.17,5.63,51,661,island,-122.679543,48.311672
Yes,2008,871,-93,-36,57,0.66,717,6.4,-6.53,11.93,0.87,111,1037,stevens,-117.810409,48.982824
Yes,2007,124,14,98,7,6.21,1540,11.07,0.87,16.47,5.67,55,1063,clark,-122.618986,45.925729
Yes,2007,81,-78,61,29,6.23,1724,10.28,1.19,15.52,5.05,34,859,wahkiakum,-123.359713,46.192365
Yes,2007,12,-28,-95,20,6.65,1515,10.92,1.69,15.98,5.86,39,924,mason,-123.019712,47.223372
Yes,2007,656,-75,66,15,1.91,450,8.88,-3.97,15.1,2.66,124,1339,whitman,-117.561999,47.252723
No,2007,15,56,82,47,6.78,762,10.38,1.81,14.86,5.9,38,730,island,-122.493389,48.251818
Yes,2007,1062,96,-27,47,1.07,3112,6.32,-3.33,10.17,2.48,124,667,snohomish,-121.349676,47.863846
Yes,2007,602,-99,4,42,2.13,580,9.03,-3.97,15.12,2.94,132,1341,spokane,-117.206044,47.801956
Yes,2007,82,97,-24,5,6.78,1213,10.63,1.33,15.26,6.02,39,780,snohomish,-122.077156,47.965598
Yes,2007,1491,-98,-18,35,-2.61,2478,3.7,-6.76,8.22,-0.82,124,714,chelan,-121.051268,48.052708
Yes,2007,1140,82,-56,58,-1.14,491,5.38,-9.32,11.66,-0.91,109,1102,ferry,-118.835125,48.648888
No,2007,734,-84,52,71,-0.14,370,7.96,-7.19,13.69,2.24,222,1308,okanogan,-119.342056,48.809449
Yes,2007,1059,0,0,0,-1.27,375,5.6,-9.26,11.76,-0.57,129,1105,okanogan,-119.039482,48.999027
No,2002,240,83,55,87,3.73,365,10.83,-1.87,17.39,4.28,140,1522,klickitat,-121.019609,45.835523
No,2002,2348,-88,-46,114,-4.76,1769,0.72,-8.72,5.22,-3.79,79,542,okanogan,-120.598699,48.442086
Yes,2002,1838,13,99,91,-3.5,1338,2.2,-7.81,6.37,-1.96,108,565,okanogan,-120.615172,48.610408
No,2002,2206,-95,-30,50,-5.03,917,1.03,-9.39,5.59,-3.54,106,550,okanogan,-120.108483,48.842334
Yes,2002,88,-64,-76,34,6.56,2580,9.91,1.85,14.55,5.28,27,698,pacific,-123.812268,46.723677
Yes,2002,1253,0,-99,138,1.87,2247,6.17,-2.86,10.69,1.66,70,678,pierce,-121.904735,46.759932
Yes,2002,970,-33,-94,224,-0.55,2143,6.79,-3.87,11.54,2.04,169,923,skagit,-121.119695,48.444755
No,2002,1971,28,95,156,-4.35,1951,1.71,-7.94,6.05,-2.63,106,563,skagit,-120.938855,48.59015
Yes,2002,1523,99,-3,153,-1.25,2252,4.19,-4.35,7.93,0.45,93,577,whatcom,-121.739431,48.962867
Yes,2003,746,-94,-31,65,1.34,525,7.96,-5.78,14.46,1.46,88,1303,stevens,-117.811394,48.204795
Yes,2003,229,88,45,99,6.55,2039,10.97,1.04,15.9,6.04,54,955,thurston,-123.154184,47.05265
Yes,2003,915,-13,-99,87,0.5,1213,8.18,-4.03,13.85,2.5,182,1173,walla_walla,-118.05308,46.040058
Yes,2003,2101,47,-88,93,-4.38,1123,1.48,-8.64,5.94,-2.99,102,568,okanogan,-120.41475,48.703451
Yes,2003,976,78,-62,67,0.68,3117,6.63,-2.44,10.34,2.91,155,682,snohomish,-121.352603,47.811566
Yes,2003,1838,73,68,182,-3.91,2722,2.83,-6.59,7.18,-1.51,129,630,snohomish,-121.196682,48.203226
Yes,2003,755,-99,6,14,1.55,552,8.07,-5.46,14.24,1.92,92,1264,stevens,-117.794289,48.043607
Yes,2003,1715,-71,-70,155,-3.8,1025,3.29,-6.85,7.85,-1.26,153,724,chelan,-120.537542,48.238112
Yes,2003,1866,-26,-96,194,-3.61,1558,1.59,-8.34,5.93,-2.75,83,552,skagit,-120.745757,48.542267
Yes,2003,854,79,-60,112,1.33,767,9.21,-3.16,14.45,3.98,244,1214,columbia,-117.914554,46.234242
Yes,2003,1356,35,-93,137,-0.35,741,7.49,-4.6,12.57,2.4,241,1069,garfield,-117.582577,46.067155
Yes,2003,1286,99,-3,185,1.27,3681,5.61,-2.72,9.77,1.47,100,627,jefferson,-123.452307,47.663954
Yes,2003,120,-99,-5,137,5.47,1519,10.64,0.84,15.95,5.33,65,1012,jefferson,-122.940434,47.719237
Yes,2004,1617,-88,46,222,-1.76,3119,3.19,-5.65,7.27,-0.9,117,512,king,-121.293559,47.607549
Yes,2004,132,-31,94,9,6,1340,10.55,1.49,15.3,5.81,62,899,kitsap,-122.68627,47.497269
No,2004,118,39,-91,13,6.65,1365,11.04,1.24,16.69,5.39,24,1060,lewis,-122.817948,46.518508
Yes,2004,2058,-87,48,85,-3.76,1251,2.36,-7.03,6.76,-2.05,120,618,chelan,-120.644511,48.155997
No,2004,218,-93,36,42,5.97,1640,10.65,0.56,16,5.31,50,1030,clark,-122.498023,45.844373
Yes,2004,1531,98,-15,90,-1.06,1539,5.73,-5.71,10.54,0.92,194,839,columbia,-117.881134,46.030984
No,2004,928,6,99,50,1.33,673,9.37,-2.81,14.38,4.36,268,1206,columbia,-117.76907,46.334081
Yes,2004,2,-85,51,2,6.97,2223,10.85,1.98,15.91,5.79,31,847,wahkiakum,-123.451748,46.287988
Yes,2004,200,31,-94,1,1.59,279,10.74,-4.08,16.88,4.6,270,1661,chelan,-120.370852,47.470253
Yes,2003,88,79,60,16,6.7,2532,10.45,1.77,15.5,5.4,24,814,grays_harbor,-123.519868,47.182568
No,2015,2,-99,3,34,6.93,633,10.24,2.3,14.38,6.09,29,666,jefferson,-122.732713,48.03593
No,2015,679,-20,-97,57,-0.1,348,8.46,-6.73,14.66,2.25,211,1443,okanogan,-119.574572,48.61133
Yes,2015,148,-23,97,55,6.61,2445,10.78,1.22,15.82,5.74,39,935,grays_harbor,-123.235919,47.043297
No,2015,87,98,14,3,6.69,1342,11.06,1.45,16.7,5.42,25,1035,lewis,-123.129176,46.532035
No,2015,617,-70,-70,12,0.94,259,9.12,-5.94,15.03,3.22,216,1432,douglas,-119.594283,47.494099
Yes,2015,236,-39,92,58,5.69,1978,9.61,1.4,13.98,5.24,42,706,clallam,-123.988711,48.117823
No,2015,84,14,-98,24,6.67,3537,10.33,1.93,14.96,5.71,23,723,grays_harbor,-123.862823,47.494061
No,2015,7,81,-58,6,7.08,2497,10.93,2.21,16,5.86,28,847,wahkiakum,-123.590131,46.351184
Yes,2015,141,-68,-73,81,6.94,3123,10.08,1.76,14.7,5.46,22,685,clallam,-124.318286,47.913996
No,2015,32,95,30,30,6.92,703,10.33,2,14.72,5.95,30,708,island,-122.5669,48.092279
No,2015,9,-70,-70,1,6.93,908,10.5,1.8,15.05,5.95,30,745,skagit,-122.313174,48.454168
Yes,2015,832,-74,66,100,4.97,5538,9.11,0.88,13.47,4.74,86,742,mason,-123.468618,47.356383
Yes,2015,551,17,-98,46,5.26,2774,8.96,0.34,13.57,4.35,45,729,lewis,-123.27437,46.392998
Yes,2015,924,97,23,132,3.71,3067,7.73,-1.29,11.85,3.6,92,743,skamania,-122.175147,45.991344
No,2015,440,-73,67,16,2.25,294,10.13,-3.52,16.75,3.52,160,1575,adams,-118.443296,46.7456
No,2015,489,9,99,25,2.49,713,10.53,-2.15,16.37,4.7,244,1477,walla_walla,-118.19457,46.036793
Yes,2015,2003,-99,9,132,-3.9,948,2.4,-7.78,6.62,-1.83,129,614,okanogan,-120.44728,48.434283
Yes,2015,1110,60,-79,18,-1.4,490,5.52,-9.17,11.74,-0.69,133,1123,okanogan,-118.877675,48.635086
Yes,2015,1072,87,-47,36,-1.26,413,6.08,-8.67,12.11,0.05,155,1149,okanogan,-119.036072,48.494187
Yes,2015,220,-99,-13,9,6.76,887,10.92,2.38,14.77,7.08,77,763,jefferson,-122.865916,47.921372
Yes,2015,1043,98,15,111,2.34,2353,6.49,-2.35,10.55,2.43,99,622,jefferson,-123.21982,47.718593
Yes,2015,100,52,-85,13,6.13,1430,10.62,1.45,15.5,5.75,55,920,kitsap,-122.787608,47.423484
Yes,2015,493,-99,-7,68,5.32,2241,10.04,-0.31,15.36,4.72,57,1006,clark,-122.492773,45.96419
Yes,2015,883,-100,0,88,0.74,810,7.81,-5.34,13.01,2.61,187,1153,chelan,-120.653763,47.415896
Yes,2015,1061,-11,99,42,2.75,2802,6.33,-1.94,9.85,2.81,71,486,king,-121.720378,47.330711
Yes,2015,1442,11,-99,28,-2.54,621,5.14,-7.5,9.67,0.61,223,912,okanogan,-119.221347,48.460842
No,2015,764,-85,-51,4,1.55,600,8.49,-3.48,14.61,2.38,126,1272,whitman,-117.070713,46.966739
No,2015,689,-98,17,35,1.78,527,8.52,-4.65,14.51,2.53,127,1294,spokane,-117.325068,47.731116
Yes,2015,1293,-13,99,78,-0.44,683,7.52,-4.75,12.73,2.31,251,1064,garfield,-117.487886,46.261848
Yes,2015,1734,7,-99,91,-0.71,947,5.83,-5.44,10.56,1.11,208,839,garfield,-117.508033,46.1112
No,2015,798,-67,-73,12,1.62,563,8.35,-4.03,14.47,2.23,105,1274,spokane,-117.109274,47.291974
No,2015,847,-85,-52,14,1.81,617,8.49,-3.34,14.41,2.56,115,1228,whitman,-117.05483,46.804723
No,2015,713,36,-93,19,1.97,536,9,-3.11,15.11,2.89,127,1315,whitman,-117.267227,46.915845
No,2015,796,31,94,18,1.72,538,8.49,-3.62,14.54,2.45,118,1266,whitman,-117.253394,47.083652
No,2015,816,-62,-78,70,0.64,622,6.96,-6.46,13.23,0.68,105,1202,stevens,-117.808123,48.83632
No,2015,934,95,-29,80,-0.12,702,6.76,-6.98,13.12,0.4,114,1212,stevens,-117.583686,48.245806
No,2015,705,-84,-53,6,1.32,460,8.18,-4.71,14.71,1.66,87,1323,spokane,-117.641653,47.399608
No,2015,544,-89,-44,51,1.9,430,9.38,-3.65,16.03,2.72,129,1456,whitman,-117.618839,47.227977
Yes,2015,733,-63,77,17,1.15,489,9.08,-4.5,14.55,3.61,237,1359,stevens,-118.017533,47.853473
Yes,2015,767,-82,-56,44,0.88,685,6.89,-6.75,13.4,0.39,63,1177,pend_oreille,-117.450883,48.723133
Yes,2015,873,-48,87,48,0.49,786,6.79,-6.81,13.44,0.14,87,1185,pend_oreille,-117.400965,48.5213
No,2015,694,14,98,23,1.95,466,8.9,-3.62,15.09,2.71,128,1320,whitman,-117.474527,47.15218
No,2015,934,-93,36,108,0.34,433,8.65,-3.89,14.51,2.8,207,1307,asotin,-117.031255,46.144582
Yes,2015,1187,52,-84,14,-0.27,525,7.74,-4.36,13.01,2.48,233,1115,asotin,-117.171488,46.108047
Yes,2015,1366,-94,33,110,-0.69,1307,4.19,-8.44,10.08,-1.7,59,860,pend_oreille,-117.096792,48.88032
No,2015,694,99,9,66,1.82,414,10.38,-2.17,15.84,4.93,272,1419,garfield,-117.358657,46.465165
No,2015,940,3,99,7,1.45,617,9.36,-2.72,14.37,4.36,267,1211,garfield,-117.552092,46.407596
No,2015,912,87,-47,99,1.08,424,9.3,-2.94,14.96,3.64,245,1346,asotin,-117.333861,46.281086
Yes,2015,683,-81,-58,12,1.36,586,7.86,-5.75,14.48,1.25,74,1297,spokane,-117.430872,47.995073
No,2015,2725,-54,-83,142,-9.55,3556,-2.87,-10.17,1.88,-7.62,100,412,pierce,-121.762062,46.823271
Yes,2015,162,-94,31,8,6.43,1312,10.74,1.25,15.84,5.64,42,955,thurston,-122.672152,46.936953
Yes,2015,424,-94,-31,14,1.85,521,8.94,-5.05,15.24,2.65,127,1405,stevens,-118.173496,48.831405
No,2015,590,99,-12,5,1.47,310,8.95,-4.56,15.62,2.28,128,1448,adams,-118.32001,47.194923
No,2015,537,81,-58,3,1.74,332,9.35,-4.09,16.07,2.62,131,1486,adams,-118.143708,47.081566
No,2015,133,93,-34,18,6.69,1025,10.99,2.03,15.41,6.56,64,837,king,-122.319974,47.74656
Yes,2015,1071,-50,-86,125,0.5,1040,6.42,-4.32,11.71,1.12,108,1103,yakima,-121.097298,46.873222
No,2015,2543,-67,-73,124,-5.74,922,-0.56,-10.64,4.08,-5.21,66,451,okanogan,-120.197924,48.921282
Yes,2015,1232,5,-99,57,-0.61,1215,5.44,-4.75,10.08,0.8,165,798,yakima,-121.069857,46.704393
Yes,2015,1408,63,-77,168,-0.73,1462,5.13,-5.15,9.96,0.29,142,847,yakima,-121.243759,46.72395
No,2015,390,0,0,0,2.06,345,10.37,-3.24,16.53,4.21,199,1586,ferry,-118.408387,47.838882
Yes,2015,482,75,-66,102,5.17,2205,9.32,0.43,13.54,5.11,58,773,king,-121.716201,47.620811
Yes,2015,1264,58,80,92,1.08,2177,5.13,-3.87,9.26,1,81,566,pierce,-121.670416,47.022984
No,2015,422,-56,82,33,1.51,223,10.17,-4.8,16.19,4.15,246,1558,douglas,-119.776902,47.442928
No,2015,721,-88,-46,29,1.87,551,8.47,-4.11,14.6,2.35,99,1276,spokane,-117.146298,47.458482
No,2015,424,99,8,102,1.97,289,10.41,-4.42,16,4.83,276,1518,kittitas,-120.107454,47.250763
No,2015,414,-12,-99,14,0.87,433,9.36,-5.23,15.52,3.2,206,1484,chelan,-120.364594,47.763469
Yes,2015,1293,-61,-78,118,-0.51,1185,4.59,-8.19,10.15,-0.97,90,867,pend_oreille,-117.226906,48.761311
No,2015,513,99,2,51,1.86,225,10.18,-4.38,15.48,4.88,290,1450,kittitas,-120.067852,47.095398
Yes,2015,591,-72,69,54,5,917,9.01,0.64,13.1,4.92,85,668,clallam,-123.07879200000001,48.015223
Yes,2015,1399,-8,-99,124,0.46,1461,4.91,-3.9,9.27,0.55,102,615,jefferson,-123.04423800000001,47.847414
Yes,2015,949,24,-96,16,0.16,1198,5.92,-7.1,12.19,-0.36,67,1114,yakima,-121.230908,46.917706
Yes,2015,1055,-100,0,28,0.97,806,7.32,-4.73,12.84,1.81,134,1070,yakima,-120.968506,46.216428
Yes,2015,798,-47,88,10,2.06,736,8.13,-3.68,14.14,2.12,98,1155,yakima,-121.127021,46.083637
No,2015,708,55,-83,2,1.18,350,8.23,-5.28,14.42,2.04,134,1317,lincoln,-118.386946,47.691653
Yes,2015,891,-22,-97,138,4.74,4048,9.46,0.75,14.07,4.85,88,862,mason,-123.246873,47.504435
No,2015,226,-44,89,2,2.38,188,10.81,-3.15,17.81,3.82,178,1677,yakima,-119.942707,46.288761
No,2015,304,-38,92,12,2.73,232,11.07,-2.79,17.52,4.62,223,1640,yakima,-120.109587,46.159025
No,2015,307,-35,93,27,2.67,191,10.88,-3.06,17.25,4.5,246,1605,yakima,-120.118715,46.321247
No,2015,760,-89,-44,6,0.04,297,8.21,-6.88,14.16,2.25,200,1383,douglas,-119.790637,47.604069
No,2015,631,56,82,24,0.7,283,8.85,-6.08,14.78,2.92,206,1397,douglas,-119.622353,47.654391
Yes,2015,668,50,-86,110,0.23,410,8.88,-6.1,14.65,3.11,235,1424,okanogan,-120.099681,48.275846
Yes,2015,2169,57,-81,125,-4.8,840,1.21,-9.84,5.98,-3.57,90,592,okanogan,-120.349898,48.868534
Yes,2015,1077,26,-96,108,-1.95,595,5.41,-7.48,10.4,0.43,175,971,okanogan,-120.130638,48.771645
Yes,2015,783,69,-72,125,1.03,760,7.27,-6.53,14.11,0.43,61,1274,pend_oreille,-117.361641,48.216898
Yes,2015,726,0,-100,14,1.21,712,7.64,-5.69,14.15,1.14,78,1268,pend_oreille,-117.204391,48.092851
Yes,2015,526,74,-66,73,5.46,2790,9.68,0.94,14.34,5.02,77,834,thurston,-123.162346,47.034866
No,2015,739,-8,-99,20,1,262,8.38,-5.01,14.56,2.19,158,1310,kittitas,-120.224397,46.960664
Yes,2015,914,-79,61,72,1.47,2657,5.97,-3.89,10.21,1.74,83,701,kittitas,-121.36727,47.373336
Yes,2016,1166,-50,86,31,0.68,3254,5.33,-4,9.14,1.52,116,584,king,-121.372942,47.515951
No,2015,928,-37,92,41,-0.11,370,8.1,-5.28,13.04,3.18,264,1200,douglas,-120.124493,47.415894
No,2015,720,-84,52,58,0.02,315,8.49,-5.88,13.79,3.19,269,1326,douglas,-119.819806,47.931268
No,2015,134,57,-81,20,3.47,277,12.02,-1.87,18.37,5.68,241,1725,franklin,-118.592193,46.527813
Yes,2015,1900,-23,-97,135,-4.24,2031,1.65,-7.84,5.98,-2.69,102,557,snohomish,-120.973854,48.199053
Yes,2015,1117,-65,-75,144,-0.2,1483,7.24,-4.55,12.27,2.2,161,1062,chelan,-120.825547,48.396092
Yes,2015,1301,34,93,49,-0.62,765,5.44,-7.39,10.15,0.73,165,862,stevens,-118.027176,48.886315
No,2015,897,46,-88,74,1.11,458,7.84,-4.21,13.16,2.52,177,1179,yakima,-120.878189,46.739221
No,2015,357,57,81,139,3.69,350,11.71,-1.5,17.92,5.49,233,1619,klickitat,-120.460255,45.78861
Yes,2015,585,-9,-99,7,2.48,405,9.34,-3.2,15.75,2.93,135,1352,klickitat,-120.933295,45.88248
No,2015,413,27,-96,5,1.92,260,9.99,-4.4,16.93,3.05,183,1575,yakima,-120.813048,46.443864
Yes,2015,1103,-24,96,94,1.94,1892,6.82,-1.59,11.19,2.46,93,775,pierce,-121.828897,46.964511
Yes,2015,709,66,74,98,3.89,1730,7.27,-1.17,11.63,2.91,55,649,pierce,-121.986561,46.987388
No,2015,1433,-95,-29,154,-3.81,1829,3.63,-7.36,8.81,-1.55,125,794,skagit,-121.016599,48.516146
Yes,2015,1187,2,-99,30,1.16,4098,5.92,-2.45,9.8,2.05,116,618,skamania,-122.185146,46.150963
No,2015,427,-25,-96,13,2.43,238,10.6,-2.86,16.49,4.71,248,1499,yakima,-119.908289,46.538774
No,2015,520,-87,-47,22,2.43,230,10.28,-3.25,15.89,4.66,243,1424,benton,-119.781628,46.337619
No,2015,1267,82,-57,36,-0.17,599,6,-5.98,10.93,1.08,165,922,kittitas,-120.227522,47.117636
Yes,2015,1098,78,62,153,-0.08,2116,5.34,-5.69,10.5,0.19,88,866,kittitas,-121.215134,47.513332
Yes,2015,1560,-99,11,85,-1.27,2534,4.24,-4.81,8.26,0.23,139,592,king,-121.214257,47.658791
Yes,2015,1297,84,54,95,-0.34,2828,5.43,-5.06,9.84,1.02,111,743,snohomish,-121.273216,48.006667
No,2015,503,-97,24,3,1.95,313,9.69,-3.91,16.4,2.97,144,1538,adams,-118.283363,46.872685
Yes,2015,1046,-97,-21,36,0.03,539,7.66,-4.9,13.5,1.84,221,1197,klickitat,-120.413961,45.978776
No,2015,263,100,0,1,2.14,201,10.79,-3.85,17.95,3.63,197,1720,yakima,-120.662862,46.397143
Yes,2015,769,11,99,68,4.4,1960,7.75,-0.68,11.9,3.61,60,670,pierce,-121.848106,47.129986
No,2015,221,-89,44,2,6.17,1247,10.4,1.06,15.35,5.46,39,934,pierce,-122.038456,47.156993
Yes,2015,821,-65,75,66,3.98,1872,7.78,-0.56,12.11,3.46,56,700,pierce,-122.036476,46.866128
No,2015,399,38,92,28,3.06,242,11.09,-2.53,17.04,5.15,227,1589,benton,-119.415521,46.197688
Yes,2015,123,-19,98,2,4.67,1848,10.11,-0.03,15.21,5.02,53,954,skagit,-121.536454,48.341906
No,2015,470,89,-44,7,1.74,272,9.75,-4.52,16.47,3.03,192,1529,yakima,-120.686004,46.559586
Yes,2015,389,38,92,48,5.34,1876,9.28,0.39,14.31,4.26,39,828,lewis,-123.345173,46.710062
Yes,2015,235,88,-47,16,6.34,3608,9.85,1.12,14.44,5.27,32,721,grays_harbor,-123.651568,47.314512
No,2015,538,-78,-62,26,1.98,408,9.68,-3.14,16.4,2.95,129,1499,whitman,-117.763877,46.93192
Yes,2015,1051,-98,14,51,-0.16,500,6.42,-8.03,12.35,0.48,136,1143,ferry,-118.663138,48.529145
Yes,2015,1284,59,-80,104,-0.3,848,7.61,-4.17,12.43,2.79,268,1015,columbia,-117.647398,46.118207
No,2015,2225,-75,65,62,-5.49,2418,0.77,-8.42,5.45,-3.92,128,573,yakima,-121.476381,46.233853
Yes,2015,190,80,-59,48,4.73,1726,10.44,-0.58,16.09,4.8,93,1185,skamania,-121.748103,45.713024
Yes,2015,1011,-95,-30,18,0.91,1597,6.81,-4.06,11.88,1.74,114,828,yakima,-121.475904,46.06123
No,2015,594,-57,-81,8,1.52,294,8.96,-4.69,15.56,2.37,131,1441,adams,-118.503744,47.228648
Yes,2015,658,-6,99,59,1.99,494,9.21,-3.16,15.47,2.94,135,1360,whitman,-117.426804,46.948461
No,2015,763,-11,99,56,-0.17,348,8.41,-6.34,13.78,3.05,266,1332,okanogan,-119.415157,48.666573
Yes,2015,89,-2,-99,45,6.88,2102,10.38,1.98,15.2,5.56,24,740,pacific,-123.667024,46.686432
No,2015,645,99,4,7,0.7,285,8.78,-6.05,14.83,2.74,197,1384,douglas,-119.46465,47.793571
Yes,2015,80,-44,-89,28,6.53,1380,10.81,1.19,16.32,5.3,27,1006,lewis,-122.792587,46.732601
No,2015,49,0,0,0,6.88,1209,11.06,1.65,16.52,5.6,26,983,lewis,-123.013089,46.734689
Yes,2015,1625,88,46,97,-0.87,1472,5.84,-5.67,10.65,1.02,197,844,columbia,-117.870272,46.084506
Yes,2015,919,79,-60,71,2.22,1646,7.17,-3.22,11.96,2.38,92,822,skamania,-121.61551300000001,45.993225
Yes,2015,1247,90,-42,44,0.27,2477,5.28,-4.3,9.79,0.77,112,716,skamania,-121.646235,46.162791
No,2015,211,-25,96,13,3.17,244,11.41,-2.27,17.96,4.86,230,1747,franklin,-118.914979,46.347793
No,2015,140,0,100,2,2.92,200,12.52,-2.74,18.94,6.09,319,1998,benton,-119.648759,46.632747
No,2015,348,64,-76,13,3.02,310,11.11,-2.11,17.31,4.91,221,1604,walla_walla,-118.565387,46.367274
No,2015,115,-73,-67,40,6.09,1324,10.39,0.74,15.1,5.69,63,825,snohomish,-121.991375,48.108656
Yes,2015,992,-68,72,86,0.79,498,7.97,-5.46,13.22,2.72,208,1168,stevens,-118.087864,48.196061
No,2015,75,82,56,16,6.88,1123,11.41,2.06,16.14,6.68,70,908,pierce,-122.563071,47.221234
No,2015,976,16,-98,97,0.57,987,8.61,-3.42,13.57,3.66,273,1128,columbia,-117.831896,46.239042
No,2015,681,-82,56,5,1.06,305,8.26,-5.54,14.76,1.76,122,1381,lincoln,-118.737487,47.66154
No,2015,343,93,-36,36,3.14,268,11.2,-2.3,17.44,4.96,230,1668,franklin,-118.755149,46.411683
Yes,2015,1024,99,12,116,1.11,3840,6.5,-1.75,10.41,2.59,71,615,skagit,-121.922782,48.458148
No,2015,125,-79,60,4,3.03,204,12.21,-2.39,18.67,5.76,290,1902,benton,-119.473812,46.680279
Yes,2015,101,-78,61,4,6.57,2380,10.54,1.64,15.83,5.26,23,880,mason,-123.447047,47.180427
No,2015,459,92,-37,6,1.45,247,9.72,-4.76,16.4,3.05,178,1587,grant,-119.060796,47.479601
No,2015,299,15,98,16,2.71,245,10.77,-3,17.29,4.26,199,1659,franklin,-118.940733,46.512403
No,2015,270,-100,0,25,2.56,210,10.75,-3.17,17.27,4.24,195,1610,franklin,-119.137419,46.703758
Yes,2015,1072,-99,13,113,1.75,1991,6.19,-2.85,10.53,1.86,81,670,pierce,-121.958278,46.832749
No,2015,295,-95,28,7,2.61,213,10.75,-3.2,17.13,4.37,207,1607,franklin,-119.312058,46.655147
Yes,2015,947,33,-94,100,0.41,532,7.91,-5.46,13.1,2.73,218,1182,ferry,-118.423462,48.154886
Yes,2015,468,-3,99,40,1.49,392,9.29,-4.63,15.76,2.82,163,1515,stevens,-118.235857,48.052451
No,2015,589,76,-64,5,1.99,800,8.37,-3.67,15.07,1.68,86,1250,klickitat,-121.294085,46.024728
No,2015,488,70,70,2,3.02,399,10.03,-2.46,16.23,3.82,153,1396,klickitat,-120.903517,45.735286
No,2015,718,-10,99,18,0.85,317,8.3,-5.78,14.36,2.24,161,1327,lincoln,-118.756325,47.826078
No,2015,362,100,0,1,1.88,183,10.17,-4.73,16.74,3.6,200,1610,grant,-119.711172,47.122395
Yes,2015,121,-93,34,8,6.64,1348,10.97,1.12,16.74,5.21,18,1054,lewis,-122.961826,46.591569
No,2015,400,12,99,7,2.87,272,10.89,-2.73,17.06,4.73,214,1588,franklin,-118.66643,46.611133
Yes,2015,207,-99,11,9,6.42,2537,9.94,1.55,14.53,5.34,26,697,clallam,-124.183677,48.064703
No,2015,379,-30,95,42,2.2,378,10.37,-2.99,17.34,3.4,132,1628,whitman,-117.933791,46.88742
Yes,2015,1612,-99,0,62,0.46,1844,4.12,-3.9,8.02,0.21,89,511,jefferson,-123.238224,47.865235
Yes,2017,1483,75,65,238,1.35,1890,5.56,-3.09,9.76,1.37,96,617,jefferson,-123.387213,47.812878
Yes,2015,1356,71,70,103,-0.7,783,5.13,-7.62,10.3,-0.03,143,909,pend_oreille,-117.610759,48.732255
No,2015,742,12,-99,5,1.46,449,8.06,-5.17,14.14,1.98,111,1263,spokane,-117.818122,47.587378
Yes,2015,1421,-23,-97,39,-0.78,692,6.25,-6.53,10.85,1.65,224,976,stevens,-118.076207,48.03197
Yes,2015,452,99,1,25,4.36,1066,8.71,-0.32,13.38,4.05,53,805,clallam,-123.304676,48.015316
Yes,2015,992,84,-54,202,1.1,2989,7.92,-1.35,12.48,3.36,149,862,snohomish,-121.34626,48.156266
Yes,2015,1135,-94,-32,121,-1.48,1347,4.91,-6.23,9.23,0.6,147,759,whatcom,-120.872253,48.689777
Yes,2015,868,15,-98,25,0.08,349,8.47,-5.98,13.72,3.23,261,1298,okanogan,-119.7433,48.317687
No,2015,493,78,-61,23,3.16,512,11.07,-1.8,16.76,5.39,247,1484,walla_walla,-118.197474,46.21042
Yes,2015,1024,-92,38,45,0.08,815,5.63,-7.71,12.23,-0.98,59,1070,pend_oreille,-117.246033,48.610483
Yes,2015,1139,-67,-73,84,0.43,483,7.68,-5.15,12.03,3.34,260,1058,ferry,-118.434159,47.96454
No,2015,510,98,-15,42,2.09,356,9.78,-3.57,16.32,3.23,146,1501,adams,-118.122453,46.917316
No,2015,635,-47,-87,9,2.02,518,10.56,-2,15.71,5.42,277,1379,columbia,-117.882982,46.397696
No,2015,537,-42,-90,24,2.83,467,10.73,-2.08,16.44,5.03,229,1437,columbia,-118.038913,46.276796
Yes,2015,840,-65,-75,98,0.81,1138,8.32,-4.53,14.18,2.47,173,1216,walla_walla,-118.025521,46.111259
Yes,2015,1822,50,86,100,-2.47,1791,3.03,-6.88,7.55,-1.48,140,617,kittitas,-121.00164,47.411934
Yes,2015,717,-49,-86,22,1.85,891,7.46,-4.54,12.99,1.93,90,1035,kittitas,-121.006941,47.228013
No,2015,384,-98,-14,12,3.03,232,10.84,-2.44,16.94,4.74,195,1544,benton,-119.216326,46.002371
Yes,2015,1009,-88,46,9,1.21,855,7.11,-4.55,13.15,1.07,73,1072,klickitat,-120.947588,46.029872
Yes,2015,538,38,-92,50,4.32,2350,9.48,0.5,13.75,5.22,71,794,skagit,-121.87017,48.312054
Yes,2015,915,37,-92,54,0.61,657,6.84,-6.3,12.45,1.22,126,1103,stevens,-117.580443,48.138074
No,2015,738,-94,-31,1,0.4,293,8.13,-6.58,14.02,2.24,182,1304,douglas,-119.437357,47.629198
Yes,2015,119,-12,99,6,6.52,1457,10.96,1.15,16.7,5.23,24,1072,lewis,-122.786289,46.573421
No,2015,647,-99,4,20,1.36,248,9.25,-4.28,15.54,2.96,195,1419,yakima,-120.548505,46.775874
No,2015,234,70,70,14,2.85,215,11.77,-2.5,18.2,5.34,280,1852,benton,-119.622963,46.467092
No,2015,371,63,-77,30,0.92,291,9.73,-5.76,16.18,3.29,225,1657,okanogan,-119.696752,48.138167
Yes,2015,1367,-42,90,61,-1.79,534,5.78,-7.53,10.39,1.17,229,959,okanogan,-119.250221,48.598839
No,2015,591,44,89,3,2.18,429,9.51,-3.2,15.81,3.21,174,1355,klickitat,-120.722237,45.792264
No,2015,8,-100,0,7,6.92,1218,11.37,2.04,16.4,6.35,57,976,cowlitz,-122.896826,46.260228
Yes,2015,651,51,-85,6,1.4,686,7.9,-5.65,14.6,1.2,70,1316,spokane,-117.348188,48.040245
Yes,2015,692,-31,94,33,1.92,563,8.67,-4.11,14.77,2.58,119,1315,spokane,-117.136539,47.59747
Yes,2015,119,-30,-95,36,6.2,1887,10.76,1.43,15.59,5.94,63,914,kitsap,-122.983943,47.521796
No,2015,36,-48,87,50,6.75,1554,10.98,1.9,15.85,6.12,43,892,mason,-122.948058,47.37985
No,2015,333,-22,97,32,2.94,322,11.33,-2.28,17.81,4.85,217,1707,walla_walla,-118.248881,46.550062
Yes,2015,1305,78,61,77,-2.23,483,5.08,-8.32,9.8,0.36,207,898,okanogan,-119.234536,48.795069
Yes,2015,2246,-93,35,156,-5.12,1583,0.75,-9.68,5,-3.51,116,544,chelan,-120.457147,48.233986
Yes,2015,1060,39,-92,41,-1.15,401,7.28,-6.66,12.28,2.28,261,1171,okanogan,-119.36866,48.312764
No,2015,562,-92,37,138,1.28,260,9.8,-4.94,16.14,3.47,211,1565,grant,-119.271204,47.675208
No,2015,386,-77,62,26,1.33,226,10.18,-4.58,16.72,3.64,227,1640,grant,-119.413035,47.461082
No,2015,724,-91,39,26,1.88,478,8.76,-3.64,14.95,2.57,124,1305,whitman,-117.436062,47.112721
Yes,2015,641,-31,94,3,1.67,572,8.07,-5.44,14.75,1.41,61,1325,spokane,-117.499015,47.947254
Yes,2015,204,91,-39,47,4.25,2302,9.67,-0.87,14.64,4.71,62,928,snohomish,-121.709636,48.292443
Yes,2015,681,51,-85,127,0.03,351,8.82,-5.44,14.51,3.13,243,1385,chelan,-120.180144,47.985914
No,2015,335,0,0,0,1.41,295,10.26,-4.63,16.36,4.17,229,1602,chelan,-120.203377,47.90374
Yes,2015,1134,88,45,51,-0.08,700,6.16,-6.75,11.28,1.05,161,980,stevens,-117.645203,48.885457
No,2015,551,-24,97,30,2.64,457,11.09,-1.53,16.8,5.39,230,1522,whitman,-117.577801,46.738696
Yes,2015,165,1,-99,40,6.41,2095,10.08,1.28,15.19,4.97,22,789,grays_harbor,-123.515955,46.828893
Yes,2015,379,-10,99,48,4.82,2289,9.76,-0.28,15.14,4.38,67,1025,clark,-122.289024,45.810634
No,2015,588,55,83,2,1.52,352,8.97,-4.52,15.54,2.4,133,1436,adams,-118.156085,47.24374
Yes,2015,1368,-92,-36,31,-2.39,502,4.38,-9.55,10.06,-1.3,154,983,okanogan,-119.073893,48.838666
Yes,2015,1857,26,-96,146,-3.9,1612,1.5,-8.72,6.02,-3.04,82,597,chelan,-120.667708,48.529367
No,2015,469,22,-97,23,1.94,521,8.82,-5.44,15.02,2.62,121,1374,ferry,-118.201652,48.998681
Yes,2015,1030,97,-21,73,-0.04,901,7.11,-5.84,12.17,2.04,178,1043,chelan,-120.699405,47.750062
Yes,2015,609,-99,-6,56,0.71,682,8.26,-5.86,14.12,2.4,173,1294,chelan,-120.704012,47.699017
Yes,2015,114,91,40,64,6.59,1359,10.96,1.29,16.63,5.3,26,1034,lewis,-123.167072,46.689195
Yes,2015,1464,-97,22,59,-0.78,1782,4.34,-5.54,8.64,0.04,128,639,yakima,-121.448754,46.830298
Yes,2015,46,30,95,24,7.13,2792,10.23,2.31,14.56,5.91,23,637,grays_harbor,-124.227,47.445761
Yes,2015,1060,-97,-20,72,2.14,2895,6.67,-2.75,11.05,2.29,106,749,skamania,-122.118055,45.848567
Yes,2015,9,80,-59,6,7.84,2302,10.37,3.48,13.89,6.85,31,544,grays_harbor,-124.169515,47.126692
Yes,2015,466,15,-98,63,4.84,1970,8.5,-0.95,13.44,3.57,25,860,pierce,-122.108998,46.763542
No,2015,169,63,77,108,3.56,289,11.92,-1.87,18.16,5.68,232,1699,walla_walla,-118.422816,46.581302
Yes,2015,863,46,-88,63,0.25,925,6.43,-7.21,13.14,-0.27,90,1164,pend_oreille,-117.229665,48.41775
Yes,2015,891,91,40,108,0.98,429,8.76,-4.98,14.3,3.22,211,1317,ferry,-118.44273,48.006247
No,2015,603,-98,14,27,2,224,9.9,-3.47,15.55,4.26,257,1414,yakima,-119.968623,46.44767
Yes,2015,1338,-3,-99,131,0.64,3850,4.83,-3.77,8.84,0.83,82,534,king,-121.580122,47.468034
Yes,2015,268,70,-70,10,5.65,1690,10.42,1.04,15.35,5.5,65,956,kitsap,-122.808077,47.582172
Yes,2015,909,-44,-89,42,3.67,2298,7.99,-0.79,12.47,3.51,77,786,lewis,-122.072608,46.635626
Yes,2015,728,40,-91,44,5.37,2314,9.32,0.66,13.88,4.76,67,839,lewis,-122.284813,46.637348
No,2015,711,50,86,20,1.04,544,7.81,-6.17,14.66,0.96,78,1346,stevens,-117.942791,48.388831
No,2015,267,0,0,0,2.1,203,10.8,-3.8,17.78,3.83,211,1721,yakima,-120.49759,46.449444
Yes,2015,317,-5,-99,31,5.71,1834,9.94,0.92,14.34,5.55,60,837,king,-121.788617,47.679464
No,2015,1,0,0,0,7.02,884,10.41,2.2,14.52,6.29,38,675,skagit,-122.460924,48.553415
Yes,2015,109,-36,93,36,6.33,2223,9.88,1.31,14.73,5.04,26,727,pacific,-123.736162,46.737384
Yes,2015,189,78,62,58,6.93,2249,10.43,2.25,15.27,5.6,24,747,pacific,-123.872664,46.4385
Yes,2015,523,-63,77,80,4.76,1974,9.39,-0.41,14.8,3.99,67,966,lewis,-122.422525,46.437753
Yes,2015,732,-60,79,63,1.49,520,8.02,-5.65,14.7,1.37,56,1321,stevens,-117.727566,48.03728
Yes,2015,1081,85,52,126,1.25,2098,6.32,-2.61,10.27,2.37,138,683,skamania,-121.896464,46.340557
Yes,2015,1122,60,-79,50,-0.67,494,7.17,-6.75,12.44,1.89,221,1173,ferry,-118.785264,48.159036
Yes,2015,1310,-3,99,85,-0.38,746,7.15,-4.57,12.05,2.25,247,990,asotin,-117.322602,46.133592
Yes,2015,841,-60,-79,68,4.61,2374,8.4,-0.88,12.92,3.89,65,767,cowlitz,-122.418594,46.35084
Yes,2015,92,72,-69,26,6.82,2454,10.5,1.84,15.49,5.51,25,791,grays_harbor,-123.587454,47.136682
Yes,2015,996,-97,23,54,0.96,1753,6.28,-4.23,12.32,0.25,24,1066,skamania,-121.541104,46.379145
Yes,2015,1131,-24,-97,68,0.21,1424,5.72,-5.69,11.23,0.21,74,1013,yakima,-121.273906,46.901399
Yes,2015,105,57,81,39,6.2,1683,9.62,2.27,13.38,5.87,36,605,clallam,-124.044151,48.162956
Yes,2015,349,0,99,85,6.6,3302,9.88,1.36,14.58,5.18,30,671,clallam,-124.194905,47.909481
Yes,2015,522,-70,71,148,5.61,3425,9.75,1.9,13.93,5.57,90,732,jefferson,-123.961547,47.822346
Yes,2015,1132,28,95,52,-0.27,608,6.57,-7.14,11.98,1.16,178,1095,ferry,-118.487722,48.346993
No,2016,50,-99,-8,15,6.82,798,10.44,1.82,15.05,5.83,30,765,island,-122.390077,48.076599
No,2015,381,-98,18,31,2.64,347,10.77,-2.67,17.45,4.09,176,1646,whitman,-118.097739,46.758843
Yes,2015,1282,22,97,55,-1.54,3002,5.89,-3.7,10.21,1.57,176,790,skagit,-121.342097,48.304512
Yes,2015,448,-51,-85,45,6.09,3347,9.84,1.8,14.12,5.57,57,692,pacific,-123.673135,46.54661
No,2015,638,-50,86,14,1.47,316,8.68,-4.71,15.03,2.33,138,1378,lincoln,-118.338546,47.362357
No,2015,552,-54,-83,17,1.81,297,9.31,-4.21,15.88,2.74,137,1466,adams,-118.307511,47.031729
No,2015,571,-68,72,15,1.68,285,9.19,-4.38,15.8,2.57,136,1463,adams,-118.482818,47.062634
No,2015,508,9,-99,20,2.63,409,10.36,-2.96,16.15,4.57,204,1419,walla_walla,-118.873362,46.024838
No,2015,400,17,-98,7,3.17,367,11.17,-2.11,17.25,5.09,220,1560,walla_walla,-118.409182,46.41911
No,2015,373,70,70,1,1.89,202,10.46,-4.34,16.56,4.37,256,1575,grant,-119.89882,47.14152
No,2015,342,70,-70,1,2.49,227,10.37,-3.49,16.93,3.8,172,1580,franklin,-118.955968,46.673653
No,2015,2,-100,0,1,7.01,804,10.5,2.07,14.9,6.09,32,724,skagit,-122.461025,48.396999
Yes,2015,66,-94,31,15,7.13,2913,10.35,2.13,14.9,5.8,21,680,grays_harbor,-124.018545,47.428285
Yes,2015,71,88,-47,27,6.26,2808,10.61,1.5,15.69,5.54,41,927,mason,-123.316656,47.325616
Yes,2015,114,1,-99,15,6.38,1978,10.63,1.42,15.85,5.4,31,937,mason,-123.242575,47.230946
Yes,2015,1066,91,40,81,0.06,819,5.32,-7.94,11.7,-1.07,50,1005,pend_oreille,-117.069789,48.71202
Yes,2015,98,14,-98,11,6.77,3093,9.94,1.43,14.46,5.42,22,656,grays_harbor,-124.026632,47.274594
Yes,2015,169,83,55,47,6.57,2782,9.87,1.5,14.36,5.39,27,666,grays_harbor,-123.971132,47.130778
Yes,2015,985,-76,-64,129,1.52,2627,6.83,-3.33,11.68,1.98,112,843,skamania,-121.799237,45.871825
Yes,2015,950,99,-6,26,-0.21,1242,7.33,-5.48,12.73,1.93,163,1118,chelan,-120.764744,47.898369
Yes,2015,750,78,61,47,2.62,2658,7.49,-2.25,12.26,2.72,76,900,king,-121.525163,47.31165
Yes,2015,36,41,-91,41,7.1,2079,10.81,1.87,16.12,5.49,16,831,grays_harbor,-123.451815,47.04032
No,2015,46,97,-24,2,6.6,1605,10.69,1.48,16.02,5.38,26,947,thurston,-123.031141,46.915275
Yes,2015,1106,77,63,58,-0.13,894,4.95,-8.13,11.43,-1.53,46,982,pend_oreille,-117.068825,48.574806
Yes,2015,57,-88,-46,21,6.72,1246,11.61,1.46,16.94,6.28,61,1089,clark,-122.661796,45.922886
No,2015,188,-72,-68,18,5.66,1555,10.67,0.46,16.12,5.21,60,1068,clark,-122.477571,45.80458
No,2015,351,-92,-38,7,2.11,223,10.19,-4.05,16.63,3.76,193,1544,grant,-119.006186,46.999916
Yes,2015,918,47,-87,138,3.02,2452,7.59,-1.4,12.15,3.04,78,776,skamania,-122.223316,46.320421
Yes,2015,296,-37,-92,82,5.98,1735,10.3,0.96,15.67,4.93,39,981,grays_harbor,-123.188692,46.846869
Yes,2015,197,-65,75,60,5.81,1947,10.27,0.61,15.92,4.61,29,989,grays_harbor,-123.382158,46.882186
Yes,2015,52,9,-99,30,6.9,2370,10.46,1.95,15.38,5.55,24,761,grays_harbor,-123.725188,46.834608
No,2015,664,85,51,6,0.44,286,8.67,-6.13,14.87,2.47,192,1417,douglas,-119.293981,47.842527
No,2015,1619,-21,-97,193,-2.89,2503,3.75,-5.51,7.82,-0.32,155,652,skagit,-121.184878,48.356187
No,2015,88,-99,12,19,6.82,889,10.64,2.03,14.93,6.35,51,734,island,-122.385539,47.910233
No,2015,55,85,51,9,6.63,1191,11.55,1.43,16.89,6.22,64,1082,clark,-122.61839,45.749155
Yes,2015,540,40,91,107,5.01,1824,9.93,1.01,14.49,5.37,95,873,jefferson,-123.026531,47.674261
Yes,2015,222,93,-34,84,6.02,1646,10.17,0.66,15.55,4.79,27,938,lewis,-123.307104,46.534873
Yes,2015,195,5,99,25,5.86,3086,9.68,1.16,14.73,4.63,30,763,pacific,-123.810528,46.446283
Yes,2015,43,-28,95,15,7.57,2657,10.94,2.77,15.36,6.51,31,736,pacific,-123.80749900000001,46.297855
No,2015,14,77,62,27,6.98,1005,11.63,2.48,16.01,7.26,94,922,king,-122.291475,47.569788
Yes,2015,29,-95,30,65,6.7,1255,11.34,1.85,16.4,6.28,64,996,cowlitz,-122.871621,46.096231
Yes,2016,206,-98,-19,5,5.94,1696,10.48,0.55,16.21,4.74,27,1045,lewis,-122.629346,46.612499
Yes,2015,10,-97,24,12,7.09,1049,11.89,2.72,16.23,7.56,104,949,king,-122.221394,47.426202
No,2015,39,-89,44,2,6.97,1136,11.46,2.04,16.21,6.72,59,940,king,-122.215177,47.277931
No,2015,132,-97,-22,4,6.54,1081,10.73,1.3,15.74,5.72,33,944,pierce,-122.372205,47.131333
Yes,2015,102,-49,-86,55,5.86,2271,9.82,0.79,15.25,4.39,20,849,pacific,-123.526168,46.633593
Yes,2015,189,11,99,16,6.16,2683,10.35,1.26,15.53,5.18,36,913,pacific,-123.445088,46.439162
Yes,2015,64,-98,-18,27,6.6,1307,11.04,1.35,16.67,5.41,28,1055,lewis,-122.927115,46.433594
Yes,2015,187,-81,57,15,5.87,1541,10.4,0.74,16.05,4.75,32,1019,cowlitz,-123.098125,46.387921
No,2015,395,96,27,12,0.95,305,9.91,-5.26,16.21,3.62,238,1629,okanogan,-119.364813,48.177234
Yes,2015,34,68,-72,43,6.98,2802,9.74,3.62,12.53,6.95,39,442,clallam,-124.63211,48.365969
Yes,2015,122,-70,70,10,6.67,2894,10.16,2.35,14.47,5.84,25,700,clallam,-124.575712,48.192123
Yes,2015,989,52,-85,181,1.42,3908,6.54,-1.82,10.39,2.7,70,609,skagit,-121.798102,48.603869
Yes,2015,1032,53,-84,21,-1.76,421,6.67,-7.4,12.01,1.34,242,1176,okanogan,-119.391048,48.485112
Yes,2015,98,-82,56,7,6.71,3111,10.2,1.66,14.88,5.53,26,726,grays_harbor,-123.832452,47.327901
Yes,2015,1232,-31,-94,20,-0.06,977,5.3,-7.29,10.39,0.22,132,898,pend_oreille,-117.27373299999999,48.911085
No,2015,655,98,-14,6,1.31,314,8.4,-5.21,14.83,1.98,119,1363,lincoln,-118.554318,47.554762
Yes,2015,1137,99,-9,54,-0.44,456,6.73,-6.87,11.75,1.7,209,1061,okanogan,-118.863456,48.309501
Yes,2015,954,45,88,22,3.36,2727,6.91,-1.62,10.92,2.9,62,621,cowlitz,-122.394615,46.270724
Yes,2015,148,-100,0,15,6.37,1980,10.76,1.36,15.71,5.8,49,908,mason,-123.080322,47.430979
No,2015,1,-94,-31,1,7.08,1676,10.81,2.1,15.57,6.06,38,806,wahkiakum,-123.409914,46.176051
Yes,2015,220,-99,3,43,6.65,2993,9.9,1.61,14.45,5.35,22,691,clallam,-124.368685,48.088567
Yes,2015,86,76,64,35,6.61,2118,9.75,2.66,13.44,6.05,30,572,clallam,-124.25757,48.217139
Yes,2015,1043,92,38,110,3.8,4016,7.76,-0.42,11.91,3.62,88,646,clallam,-123.988879,47.972407
No,2015,1256,70,-70,33,-2.14,431,4.86,-9.35,10.67,-0.94,149,995,okanogan,-119.099677,48.993172
Yes,2015,24,-94,31,2,6.87,2798,10.23,3,14.18,6.28,30,648,clallam,-124.549282,48.014887
Yes,2015,337,4,99,25,4.97,2244,9.67,0.57,14.09,5.24,66,864,snohomish,-121.632801,47.813689
No,2015,317,93,-34,8,1.73,322,10.04,-4.63,16.35,3.74,200,1571,okanogan,-119.41732,48.809383
Yes,2015,639,52,84,123,4.62,2580,8.96,-0.87,13.65,4.28,75,847,cowlitz,-122.527502,46.141589
Yes,2015,542,90,42,33,4.92,1874,9.28,-0.29,14.55,4,54,950,lewis,-122.260943,46.492107
Yes,2015,58,-82,57,56,6.7,2821,10.2,2.24,14.75,5.65,22,728,clallam,-124.476639,47.919553
Yes,2015,1512,99,-7,136,-0.6,2192,4.8,-5.86,9.33,0.26,91,740,chelan,-121.094769,47.880704
No,2015,675,16,98,54,0.83,211,9.09,-4.92,15.71,2.47,224,1479,yakima,-120.143314,46.481224
No,2015,625,5,-99,5,1.89,284,8.68,-4.9,14.64,2.73,153,1269,kittitas,-120.5989,47.1021
Yes,2015,141,-53,84,4,6.75,3132,10.05,1.7,14.65,5.46,19,686,jefferson,-124.072422,47.588635
No,2015,717,-38,-92,11,1.72,489,8.65,-3.97,14.96,2.35,110,1324,whitman,-117.265516,47.243464
Yes,2015,461,31,95,52,6.01,1569,10.05,1.13,14.96,5.14,45,912,thurston,-122.644937,46.780535
Yes,2015,1111,40,91,114,3.41,2075,7.03,-1.53,10.97,3.09,77,597,lewis,-122.071757,46.441994
Yes,2015,1046,-38,-92,145,2.28,2344,7.38,-1.45,11.71,3.06,123,779,skamania,-122.031068,46.293843
No,2015,777,31,94,1,1.51,558,8.41,-3.77,14.67,2.14,112,1292,whitman,-117.086439,47.131218
Yes,2015,732,89,-43,27,1.56,671,8.21,-4.76,14.26,2.17,118,1269,spokane,-117.136986,47.794073
No,2015,97,63,-77,6,6.29,912,10.42,1.4,15.26,5.57,42,841,jefferson,-122.714915,47.867544
Yes,2017,1135,-79,60,107,2.17,3497,6.27,-2.49,10.3,2.23,97,632,jefferson,-123.380929,47.662359
Yes,2016,670,30,-95,117,3.56,3905,8.43,-0.12,12.85,4.01,96,774,mason,-123.178824,47.544998
Yes,2015,491,9,-99,91,4.55,4082,9.51,0.59,14.06,4.96,94,838,mason,-123.329278,47.47817
Yes,2016,1232,-61,-78,148,3.31,4896,8.09,-0.38,12.24,3.94,108,722,jefferson,-123.529233,47.528855
No,2015,599,95,28,58,2.27,455,10.39,-2.26,16.11,4.67,225,1436,garfield,-117.714238,46.449945
No,2015,390,-94,31,7,2.54,310,10.65,-2.94,17.25,4.05,186,1644,franklin,-118.261563,46.704359
Yes,2015,333,-13,-99,65,5.85,2891,9.53,1.05,14.09,4.98,43,729,wahkiakum,-123.449022,46.354272
Yes,2015,554,-66,75,129,5.76,3774,9.39,1.46,13.41,5.38,83,642,jefferson,-124.109538,47.742271
No,2015,868,3,99,27,0.56,316,7.84,-5.78,14.13,1.55,142,1303,kittitas,-120.201711,46.804282
Yes,2015,1078,-99,5,95,0.52,814,6.88,-4.96,12.07,1.69,157,1049,kittitas,-120.654501,47.23786
No,2015,228,-37,-92,3,2.71,194,11.76,-3.11,18.12,5.4,305,1802,grant,-119.831863,46.664682
No,2015,5,-24,-97,5,6.71,1044,10.49,1.26,14.91,6.07,39,763,whatcom,-122.55856,48.875816
No,2015,5,98,17,65,7.06,899,10.55,2.47,14.05,7.05,54,633,whatcom,-122.700919,48.73955
Yes,2015,602,98,-14,70,5.37,2230,9.46,-0.07,13.97,4.95,68,810,cowlitz,-122.692176,46.07956
Yes,2015,162,46,88,6,6.64,1329,10.71,1.75,14.96,6.46,60,785,snohomish,-122.001872,47.964564
No,2015,1072,49,-86,160,-0.48,2908,5.93,-2.81,9.93,1.94,105,677,whatcom,-121.639968,48.806739
Yes,2015,284,67,-73,23,5.86,1441,10.06,1.02,14.45,5.68,60,831,king,-121.925974,47.773293
Yes,2015,469,-98,14,6,3.81,3418,8.4,-1.08,12.98,3.83,64,846,king,-121.586655,47.664568
No,2015,111,89,-44,2,3.53,206,12.19,-1.81,18.71,5.68,230,1816,franklin,-119.080304,46.221069
No,2015,180,-100,0,2,3.33,241,11.72,-1.96,18.15,5.29,225,1732,walla_walla,-118.902076,46.182926
No,2015,434,19,98,5,3.34,261,10.83,-2.59,16.54,5.13,199,1435,benton,-119.045812,46.057814
No,2015,610,58,-81,20,2.28,284,10.1,-3.27,15.94,4.26,252,1423,yakima,-120.276603,46.105598
No,2015,651,96,24,97,1.7,351,8.67,-4.65,14.75,2.6,141,1249,kittitas,-120.57645,46.934276
Yes,2015,1084,-98,-14,114,1.22,2564,5.94,-2.91,10.4,1.48,88,673,lewis,-121.925649,46.682675
No,2015,729,25,-96,9,1.05,324,7.84,-5.9,14.38,1.3,98,1322,lincoln,-118.564352,47.712019
No,2015,683,96,-26,10,1.41,331,8.32,-5.17,14.58,2.07,124,1316,lincoln,-118.358856,47.517355
Yes,2015,628,-71,69,143,4.78,2447,8.35,-0.44,12.69,4.01,55,730,king,-121.863515,47.277356
No,2015,19,89,-44,3,7.09,1106,11.56,2.28,16.15,6.97,64,940,king,-121.929014,47.622465
No,2015,80,99,-1,15,6.94,1110,11.26,2.05,15.79,6.72,60,905,king,-122.120687,47.645582
No,2015,978,98,-14,115,-0.74,415,6.28,-8.34,12.76,-0.19,119,1217,okanogan,-118.909019,48.796744
No,2015,366,-43,90,21,2.51,266,10.46,-3.28,17.12,3.8,182,1632,franklin,-118.76604,46.554348
No,2015,164,0,-100,5,2.85,212,11.89,-2.44,18.51,5.27,262,1896,benton,-119.455304,46.522216
No,2015,337,-84,-52,7,2.61,219,11.01,-2.92,17.32,4.7,241,1648,benton,-119.80571,46.494732
No,2015,397,9,-99,10,2.9,244,10.86,-2.75,16.82,4.9,225,1547,benton,-119.609673,46.311483
No,2015,572,-6,99,12,1.44,282,9.01,-4.81,15.51,2.52,144,1450,lincoln,-118.714871,47.502337
No,2015,613,61,-78,12,1.44,298,8.78,-4.83,15.22,2.36,139,1404,lincoln,-118.519634,47.38888
No,2015,81,0,0,0,3.55,205,11.98,-1.89,18.73,5.23,172,1784,benton,-119.712199,45.85994
Yes,2015,1190,-42,-90,140,0.14,998,5.95,-5.35,10.93,0.96,125,907,kittitas,-120.785729,47.35545
Yes,2015,625,98,14,15,1.84,706,8.02,-4.55,13.8,2.25,116,1143,kittitas,-120.811266,47.228077
No,2015,447,54,83,63,0.1,357,8.86,-7,15.58,2.14,196,1584,okanogan,-120.030448,48.132568
Yes,2015,1669,-72,68,120,-3.56,1143,4.76,-7.04,9.56,-0.03,216,925,chelan,-120.239314,48.090915
No,2015,335,70,70,1,1.39,614,10.08,-4.25,16.15,4.01,209,1568,chelan,-120.616041,48.212853
Yes,2015,1142,-98,-17,106,0.95,966,6.8,-5.04,12.65,0.95,73,1191,kittitas,-121.088733,47.012199
Yes,2015,1005,-8,99,81,3.1,2325,7.04,-2.44,11.72,2.36,57,772,king,-121.660214,47.206376
No,2015,702,-70,70,4,0.67,302,8.65,-5.82,14.45,2.84,200,1361,douglas,-119.318176,47.997789
No,2015,723,-70,-70,7,0.53,293,8.39,-6.3,14.48,2.3,183,1386,grant,-119.112893,47.810773
Yes,2015,1645,-94,-32,59,-3.44,643,4,-8.31,8.66,-0.66,198,805,okanogan,-119.062233,48.663989
Yes,2015,399,-97,22,33,1.33,596,9.72,-4.76,16.12,3.32,186,1556,chelan,-120.656821,47.566362
No,2015,2337,-96,24,131,-6.47,1474,-0.37,-8.85,3.95,-4.71,138,493,chelan,-120.861516,47.560517
Yes,2015,1928,88,46,39,-4.51,749,2.18,-9.57,7.09,-2.73,115,684,okanogan,-120.014922,48.890794
Yes,2015,1801,-62,78,32,-3.84,765,2.9,-8.71,7.85,-2.05,114,756,okanogan,-119.979798,48.719065
Yes,2016,1486,-94,-32,76,-1.35,2649,4.43,-4.21,8.1,0.75,112,601,whatcom,-121.686571,48.995131
Yes,2015,1730,-87,-48,147,-2.61,1786,2.79,-6.73,7.38,-1.8,129,554,pierce,-121.451893,46.978772
No,2015,543,44,-89,5,1.19,254,9.49,-5.12,15.87,3.1,199,1524,grant,-119.090012,47.644499
No,2015,494,99,9,15,1.29,245,9.73,-4.88,16.14,3.32,204,1567,grant,-119.246828,47.513444
No,2015,322,88,46,7,2.18,204,10.45,-4.06,16.96,3.95,204,1618,grant,-119.343495,46.973986
Yes,2015,962,-29,-95,107,-0.24,575,7.88,-4.81,12.61,3.15,266,1135,chelan,-120.339879,47.581304
No,2015,640,35,93,35,2.25,437,9.34,-3.15,15.5,3.17,149,1340,whitman,-117.60582,47.066638
No,2015,627,-71,69,32,2.08,459,9.52,-2.98,15.83,3.22,143,1408,whitman,-117.587714,46.903227
Yes,2015,1093,99,4,53,0.04,953,5.45,-7.96,12.15,-1.24,62,1069,pend_oreille,-117.413693,48.375648
Yes,2015,1392,33,94,73,-3.44,583,3.9,-9.47,9.47,-1.66,136,937,okanogan,-119.922225,48.568742
Yes,2016,1429,-86,50,93,-1.98,468,5.89,-6.17,10.44,1.33,225,916,okanogan,-119.732284,48.469104
Yes,2015,1408,55,82,57,-2.76,572,5.2,-7.83,10.42,-0.02,182,1017,okanogan,-119.929974,48.422354
No,2015,216,-31,-94,15,2.64,191,11.43,-3.36,17.94,4.92,249,1736,grant,-119.513225,46.8429
No,2015,594,-93,-34,52,1.32,294,9.01,-4.31,15.09,2.93,201,1373,yakima,-120.711297,46.748855
No,2015,509,96,-26,3,1.61,233,9.56,-4.46,16.1,3.02,167,1529,grant,-119.043356,47.319951
No,2015,406,-90,-42,4,1.61,230,10.06,-4.6,16.71,3.42,199,1621,grant,-119.223667,47.351576
No,2015,468,-5,-99,48,2.11,220,10.44,-3.6,16.12,4.75,288,1538,grant,-119.676527,46.792997
No,2015,513,86,-49,33,1.87,239,10.13,-4.67,15.6,4.65,266,1437,grant,-119.926617,47.311261
Yes,2015,583,-38,-92,109,1.12,528,9.76,-4.98,15.54,3.98,245,1499,chelan,-120.493638,47.545048
No,2015,188,0,0,0,1.75,228,11.27,-3.51,17.34,5.19,302,1722,chelan,-120.321194,47.456847
Yes,2015,787,-17,98,116,0.88,654,8.77,-5.15,14.03,3.52,225,1272,chelan,-120.495058,47.400757
Yes,2015,1101,10,-99,29,-1.15,461,6.84,-7.1,12.25,1.43,219,1161,okanogan,-119.906604,48.244445
No,2015,544,-83,55,8,1.54,514,8.67,-5.01,15.52,1.82,88,1448,stevens,-117.871869,47.90242
No,2015,531,-91,39,13,2.61,455,11.05,-1.81,17.22,4.87,217,1595,garfield,-117.553987,46.579875
No,2015,392,-87,-48,5,0.87,317,9.6,-6.04,15.96,3.25,236,1596,okanogan,-119.886227,48.076529
Yes,2015,1537,99,0,33,-1.58,670,4.87,-6.06,9.22,0.53,216,715,chelan,-120.297686,47.269107
No,2015,589,88,-47,7,1.59,383,9.03,-4.42,15.75,2.33,123,1454,adams,-117.970058,47.208731
No,2015,358,94,31,1,1.97,215,10.16,-4.23,16.65,3.67,198,1581,grant,-119.176802,47.030698
No,2015,340,0,-100,5,3.02,241,10.9,-2.3,17.12,4.69,186,1561,benton,-119.395009,46.029732
No,2015,583,-62,77,40,2.68,502,10.89,-1.85,16.07,5.72,278,1395,columbia,-118.22861,46.38252
No,2015,390,35,-93,10,2.29,229,10,-3.88,16.46,3.54,164,1496,adams,-118.978652,46.834476
No,2015,338,89,44,2,2.28,214,10.3,-3.82,16.75,3.85,187,1565,adams,-119.160161,46.866335
No,2015,670,-95,-28,19,1.17,347,8.53,-5.11,14.78,2.29,154,1335,kittitas,-120.416358,47.083996
No,2015,539,35,93,9,1.33,270,9.22,-4.83,15.75,2.7,163,1494,lincoln,-118.894807,47.539982
No,2015,1095,-53,-84,47,-1.21,427,7.34,-5.88,12.28,2.41,257,1161,chelan,-120.033777,47.938842
No,2015,848,91,39,8,-0.34,315,7.58,-7.48,13.38,1.77,193,1273,douglas,-119.820422,47.76521
Yes,2015,1387,2,99,86,-0.25,1530,4.96,-5.03,9.68,0.24,102,764,yakima,-121.398302,46.529886
Yes,2015,1470,-83,-55,52,-0.24,2109,4.66,-3.89,8.83,0.48,107,575,lewis,-121.744966,46.484304
No,2015,527,-82,56,18,2.04,400,9.55,-3.64,16.14,2.97,136,1470,whitman,-117.792477,47.097101
No,2015,522,-91,41,11,1.94,384,9.59,-3.63,16.27,2.91,135,1492,whitman,-117.944797,47.049536
Yes,2015,1001,-33,-94,20,-0.56,431,6.57,-7.93,12.54,0.61,153,1170,okanogan,-118.8514,48.452841
Yes,2015,966,25,96,33,0.07,536,7.26,-6.82,12.87,1.65,186,1191,ferry,-118.62947,48.355373
Yes,2015,1216,-68,-72,83,0.11,477,7.21,-5.71,11.54,2.89,249,1019,ferry,-118.631406,48.206633
No,2015,359,-92,-36,61,1.44,355,9.7,-5.08,15.68,3.72,214,1467,okanogan,-119.485002,48.956422
Yes,2015,417,3,-99,66,3.52,3103,9.23,0.28,13.37,5.1,84,748,skagit,-121.722484,48.456055
No,2015,1417,-85,51,285,-0.99,3018,5.45,-3.67,9.61,1.29,120,709,whatcom,-121.41343,48.792003
No,2015,599,68,72,55,2.47,258,10.54,-2.92,16.18,4.9,272,1449,yakima,-120.433535,46.291159
Yes,2015,440,-67,-73,34,4.32,2081,8.51,-1.24,12.92,4.1,47,737,whatcom,-122.178325,48.903874
Yes,2015,1142,-63,-77,65,-0.92,434,5.9,-7.71,11.28,0.51,173,1025,okanogan,-118.931403,48.984889
Yes,2015,1234,99,-5,196,-0.4,3518,5.07,-4.25,9.37,0.77,96,627,snohomish,-121.45473,48.011287
Yes,2015,699,-82,-56,104,1.89,1916,8.02,-2.92,14.21,1.84,57,1181,skamania,-121.68182,46.344395
Yes,2015,850,32,94,47,0.6,548,7.59,-6,13.44,1.75,142,1247,ferry,-118.160104,48.675659
No,2015,458,-92,38,52,2.59,419,11.11,-1.97,16.85,5.37,257,1546,columbia,-118.052374,46.447088
No,2015,620,32,-94,33,2.35,496,10.63,-2.11,15.86,5.41,266,1365,columbia,-118.0258,46.395478
No,2015,292,-39,91,2,2.66,230,10.71,-3.08,17.21,4.21,188,1626,franklin,-119.111267,46.543306
No,2015,525,22,97,11,1.41,241,8.72,-5.87,15.49,1.95,132,1365,kittitas,-120.395764,46.906016
No,2015,463,-65,75,44,0.69,312,9.27,-6.29,15.63,2.91,218,1560,okanogan,-119.578597,48.417292
Yes,2016,756,-99,-7,190,0.42,2014,7.14,-3.11,11.7,2.58,152,896,whatcom,-121.052428,48.654556
No,2015,2023,-67,-74,308,-5.51,2017,0.44,-8.85,4.95,-4.08,92,535,skagit,-120.857715,48.556721
Yes,2015,1085,-42,-90,72,2.35,3243,6.82,-1.44,10.46,3.18,64,574,skagit,-122.121731,48.573737
No,2015,78,-31,94,3,6.32,1378,10.51,0.95,15.27,5.76,41,842,skagit,-122.31747,48.596521
Yes,2015,410,-92,-38,81,4.3,2133,9.15,-0.03,13.25,5.05,72,739,skagit,-122.201121,48.575422
Yes,2015,820,98,15,31,1.16,634,8.36,-4.98,13.9,2.83,178,1260,stevens,-117.721808,47.896638
No,2015,439,-52,84,33,2.54,270,10.44,-3.27,16.81,4.08,184,1578,franklin,-118.610458,46.690499
No,2015,569,91,-41,28,2.34,406,9.83,-2.61,15.61,4.05,211,1343,klickitat,-120.553063,45.772022
Yes,2015,982,-16,-98,82,0.73,583,7.77,-5.77,12.91,2.64,217,1146,stevens,-118.093731,48.339407
Yes,2015,1898,65,-75,66,-3.76,971,2.43,-8.28,7.08,-2.21,110,645,okanogan,-120.356717,48.727623
No,2015,716,42,90,37,1.4,271,9.64,-3.75,15.34,3.95,271,1420,yakima,-119.99537,46.606168
No,2015,570,-22,-97,41,2.62,565,9.51,-2.53,15.48,3.54,161,1310,klickitat,-121.081763,45.936204
Yes,2015,435,98,-16,117,2.98,477,10.21,-2.1,16.57,3.85,155,1455,klickitat,-121.077544,45.78645
Yes,2016,1852,-47,88,165,-3.91,1848,2.77,-7.46,7.15,-1.6,134,650,chelan,-120.823517,48.250349
Yes,2015,1314,-99,6,94,-2.16,2055,4.79,-7.18,9.81,-0.22,138,876,chelan,-120.762752,48.048348
No,2015,920,47,87,53,-0.53,325,7.42,-5.94,12.45,2.4,240,1153,douglas,-119.946592,47.471081
No,2015,503,-35,-93,10,1.61,216,9.82,-4.9,15.69,3.96,235,1477,grant,-119.74505,47.280172
Yes,2015,758,-78,-62,105,0.78,370,8.81,-5.31,14.65,2.98,209,1381,ferry,-118.61767999999999,48.036513
No,2015,809,72,-68,25,0.8,338,8.53,-5.23,14.1,2.97,202,1289,lincoln,-118.592414,47.875134
No,2015,241,-70,-70,1,2.09,200,10.76,-3.64,17.78,3.75,213,1709,yakima,-120.315032,46.428848
Yes,2015,1377,56,82,116,-1.58,888,5.62,-6.98,10.2,1.04,180,903,okanogan,-120.514188,48.580786
Yes,2015,1270,23,-97,129,-0.78,2359,5.07,-4.06,9.28,0.87,127,691,snohomish,-121.239866,47.831712
Yes,2009,826,-63,77,29,1.14,784,7.45,-6.07,13.65,1.26,87,1223,stevens,-117.584206,48.040494
Yes,2009,709,-99,-11,6,1.07,682,7.61,-5.82,14.22,1,77,1285,pend_oreille,-117.216491,48.064962
Yes,2009,133,72,69,60,5.49,1371,10.2,0.17,15.31,5.09,55,893,snohomish,-121.948113,48.256903
Yes,2009,1287,66,-74,202,1.32,3860,5.64,-2.6,9.18,2.09,64,502,skagit,-121.780601,48.309133
Yes,2009,941,17,-98,83,0.21,656,6.92,-6.73,13.26,0.58,107,1218,stevens,-117.567761,48.187883
Yes,2009,1122,-18,98,71,-1.59,3021,4.98,-5.36,9.14,0.82,135,727,whatcom,-121.344845,48.953181
Yes,2009,612,-1,99,169,1.88,2008,8.38,-2.02,12.92,3.84,114,899,whatcom,-121.257665,48.658455
Yes,2009,707,-18,98,35,2.18,844,8.5,-3.07,14.49,2.51,119,1162,klickitat,-121.231744,45.980568
Yes,2009,1775,86,-49,168,-3.14,2609,3.41,-6,7.58,-0.76,143,632,snohomish,-121.190952,48.15957
Yes,2009,309,-88,46,20,5.96,1364,10.02,0.77,14.9,5.15,33,915,pierce,-122.037582,47.109671
No,2009,51,35,-93,7,6.61,1612,10.84,1.67,15.89,5.81,38,918,mason,-123.118055,47.184215
Yes,2010,590,41,91,213,4.99,4192,9.3,0.63,13.68,4.93,83,750,mason,-123.38368,47.534293
Yes,2009,1183,46,88,209,1.46,2389,5.93,-2.89,9.98,1.89,109,643,skamania,-122.09931,46.342083
Yes,2009,81,4,99,20,6.34,2455,10.3,1.35,15.62,4.99,24,856,pacific,-123.53054,46.538126
Yes,2009,241,-99,10,18,5.89,1694,10.29,0.47,15.86,4.71,30,1007,lewis,-122.636876,46.59556
No,2009,37,-100,0,1,6.78,1215,10.74,1.37,15.51,5.97,39,817,snohomish,-122.041068,47.984251
Yes,2009,599,34,93,43,1.34,529,8.23,-5.63,14.6,1.85,104,1330,stevens,-118.007295,48.684928
Yes,2009,1092,99,3,160,-0.19,2991,6.59,-2.93,10.75,2.43,145,764,whatcom,-121.50287,48.842861
No,2009,25,-70,70,2,6.55,1145,10.45,0.68,15.28,5.63,33,827,whatcom,-122.400068,48.905391
Yes,2012,1092,40,-91,151,-0.55,1038,5.24,-7.73,11.07,-0.6,103,981,pend_oreille,-117.306326,48.766256
Yes,2014,1599,64,76,124,-1.75,2051,4.61,-6.01,8.94,0.28,135,727,snohomish,-121.049784,48.154404
No,2012,848,-6,-99,36,0.51,242,8.58,-4.55,14.36,2.8,244,1340,yakima,-120.093675,46.565716
No,2012,439,-85,-51,16,2.88,213,10.71,-2.99,16.62,4.81,214,1470,yakima,-119.88556,46.370076
No,2012,276,86,49,17,2.72,234,11.07,-2.75,17.64,4.5,198,1671,yakima,-119.960898,46.166911
No,2012,633,73,-67,10,1.91,287,9.82,-3.32,15.78,3.87,224,1411,yakima,-120.017194,46.077381
No,2012,664,93,34,54,1.04,250,9.08,-4.69,15.45,2.71,201,1447,yakima,-120.118514,46.727391
Yes,2012,294,-8,-99,38,5.43,1780,10.48,0.93,15.62,5.35,71,1000,jefferson,-122.973697,47.644029
Yes,2012,404,-58,-81,166,4.89,4136,8.9,0.97,12.93,4.88,90,663,jefferson,-123.881454,47.871152
Yes,2012,894,-31,94,94,3.74,4461,8.01,-0.14,12.26,3.76,90,691,jefferson,-123.436619,47.62114
Yes,2012,141,-18,-98,34,6,3948,10.39,1.48,15.34,5.44,42,860,jefferson,-123.636466,47.553667
No,2012,1115,-91,39,36,-1.34,461,5.55,-8.97,11.43,-0.34,154,1088,okanogan,-118.98486,48.752456
Yes,2012,1209,-1,99,61,-1.79,500,5.4,-9.07,11.35,-0.54,150,1087,okanogan,-118.958303,48.588157
Yes,2012,1269,-84,-54,48,-1.93,534,5.83,-7.57,10.72,0.93,219,1002,okanogan,-118.949268,48.430901
Yes,2012,122,64,-76,34,6.49,2323,10.48,1.59,15.74,5.22,24,893,mason,-123.384083,47.129643
No,2012,1038,-94,31,5,-1.21,429,6.01,-8.76,12.09,-0.06,156,1177,okanogan,-119.041028,48.901275
No,2012,961,-92,37,98,-0.51,411,6.15,-8.78,12.47,-0.18,110,1173,okanogan,-118.856324,48.885429
No,2012,1242,-99,-10,45,-2.13,444,4.8,-9.44,10.56,-0.96,157,1029,okanogan,-119.198759,48.855818
No,2012,711,-74,66,17,0.18,388,8.74,-5.73,14.04,3.44,292,1333,douglas,-119.811995,48.018996
No,2012,760,-95,28,6,0.15,302,8.14,-6.84,13.85,2.42,212,1309,douglas,-119.763075,47.852705
No,2012,755,-41,-90,10,0,297,8.16,-6.87,14.11,2.21,197,1356,douglas,-119.735274,47.687666
No,2012,527,-64,76,58,1.2,251,9.79,-5.11,15.83,3.75,235,1517,douglas,-119.716936,47.530914
No,2012,671,-97,20,10,0.36,296,8.75,-6.17,14.69,2.8,216,1430,douglas,-119.892368,47.558851
Yes,2012,838,-99,5,35,3.27,2741,7.78,-1.76,12.36,3.21,99,836,skamania,-122.080957,45.926966
Yes,2012,589,-82,57,37,4.01,2825,8.96,-1.74,13.79,4.14,105,941,skamania,-122.071966,45.749743
Yes,2012,1060,-73,67,34,3.17,3050,7.1,-2.04,11.13,3.06,89,698,skamania,-122.222763,45.875483
Yes,2012,115,-98,-16,17,6.73,1098,10.91,2.17,15.14,6.7,66,806,snohomish,-122.242123,47.82902
No,2012,377,-90,-41,10,1.37,2596,8.69,-2.72,13.89,3.5,147,1069,snohomish,-121.268194,48.252613
No,2012,376,7,99,5,2.45,230,10.16,-3.67,16.71,3.61,156,1537,adams,-118.89808,46.757941
No,2012,573,-31,-94,3,1.45,283,9.06,-4.75,15.6,2.53,142,1458,lincoln,-118.638814,47.426966
Yes,2012,130,-78,61,18,6.08,1867,10.62,1.38,15.5,5.74,57,923,mason,-122.896892,47.455399
Yes,2012,117,37,-92,6,6.3,2002,10.64,1.31,15.62,5.66,46,906,mason,-123.07934,47.324091
Yes,2012,1175,83,-55,62,0.6,2233,5.72,-3.47,9.95,1.48,126,687,skamania,-121.75635,46.28988
Yes,2012,1221,-33,-94,30,-0.53,2156,5.34,-4.44,10.33,0.35,118,832,skamania,-121.614063,46.2333
Yes,2012,940,20,-97,9,2.12,1746,6.95,-2.99,12.02,1.88,80,859,skamania,-121.720424,45.937924
Yes,2012,685,43,-90,70,3.44,1816,8.9,-2.58,13.83,3.97,134,992,skamania,-121.697637,45.794152
Yes,2012,638,-92,-38,32,4.34,2668,9.54,-1.33,14.3,4.79,126,977,skamania,-121.864432,45.748489
Yes,2012,879,-97,-23,104,2.62,2484,7.43,-1.84,12.04,2.83,89,810,skamania,-122.106178,46.245999
No,2012,595,-94,-31,25,2.17,420,9.57,-3.12,15.95,3.2,145,1419,whitman,-117.70487,47.027588
No,2012,560,-89,44,25,2.04,396,9.76,-3.3,16.44,3.09,133,1505,whitman,-117.86836,46.968546
No,2012,506,-25,-96,10,2.3,426,10.17,-2.62,16.76,3.59,139,1534,whitman,-117.68831,46.858387
No,2012,388,-99,11,24,2.51,323,10.89,-2.71,17.4,4.39,213,1667,whitman,-118.182279,46.635836
Yes,2012,177,-10,99,76,6.57,698,10.22,1.78,14.83,5.61,26,753,jefferson,-122.841039,47.997951
Yes,2012,475,60,79,140,5.05,1816,9.93,1.04,14.57,5.3,91,881,jefferson,-122.952664,47.775351
Yes,2012,338,72,-68,62,5.56,1563,10.41,1.01,15.39,5.43,69,963,jefferson,-122.941587,47.676525
Yes,2012,543,0,-100,118,3.52,2546,8.64,0.15,13.01,4.28,106,790,jefferson,-123.115611,47.624575
Yes,2012,680,-15,98,143,4.12,3293,9.2,0.56,13.7,4.72,100,838,mason,-123.246916,47.572838
Yes,2012,524,-94,-33,100,5.51,3453,10.05,1.17,14.68,5.42,78,870,mason,-123.257907,47.428243
Yes,2012,177,-12,99,34,6.25,2981,10.52,1.23,15.53,5.52,41,895,mason,-123.382652,47.277626
No,2012,495,31,-94,1,2.02,313,9.74,-3.8,16.4,3.08,141,1523,adams,-118.201664,46.995389
No,2012,466,39,-91,5,2.08,306,9.91,-3.67,16.62,3.21,145,1550,adams,-118.223278,46.955637
No,2012,503,71,-69,39,2.25,374,10.2,-3.05,16.68,3.73,159,1535,adams,-118.043052,46.841563
No,2012,441,-82,-56,7,2.4,344,10.29,-3.26,16.74,3.85,178,1565,adams,-118.204127,46.794126
No,2012,600,-89,-44,3,1.46,304,8.81,-4.75,15.37,2.25,130,1419,adams,-118.425793,47.229617
No,2012,580,94,31,3,1.61,305,9.06,-4.54,15.68,2.45,129,1447,adams,-118.420568,47.154945
No,2012,522,-11,-99,3,1.96,307,9.65,-4.02,16.32,2.98,143,1532,adams,-118.386976,46.827463
No,2012,763,-96,27,14,0.22,297,8.02,-6.67,13.94,2.1,181,1308,douglas,-119.550965,47.576715
Yes,2012,285,-62,-78,79,5.07,4051,9.34,0.94,13.67,5.01,84,746,mason,-123.436229,47.454302
No,2012,429,-99,7,5,2.12,234,9.91,-3.99,16.44,3.39,166,1515,adams,-118.910456,46.920468
No,2012,768,-81,57,92,0.21,333,8.53,-5.29,13.51,3.55,272,1268,douglas,-120.252264,47.525064
No,2012,601,89,43,37,1.53,246,9.65,-4.96,15.09,4.22,252,1386,douglas,-120.033629,47.336445
Yes,2012,1375,-88,47,96,-1.23,717,5.18,-7.71,9.91,0.45,187,873,ferry,-118.326425,48.958714
Yes,2012,810,48,87,77,0.22,525,7.08,-6.37,12.48,1.69,178,1157,ferry,-118.259784,48.812006
No,2012,395,90,41,51,2.53,411,11.19,-1.55,17.02,5.36,253,1573,asotin,-117.273063,46.386748
No,2012,398,-70,71,178,2.52,377,11.43,-1.52,17.68,5.18,245,1741,asotin,-117.066012,46.035597
Yes,2012,1073,39,91,68,-1.53,472,6.87,-6.87,11.63,2.1,269,1090,okanogan,-119.371409,48.895461
No,2012,1210,29,-95,99,-1.74,413,5.57,-8.44,10.88,0.26,184,1033,okanogan,-119.16141,48.693735
Yes,2012,1783,65,75,141,-2.49,2861,3.52,-5.92,7.74,-0.69,119,608,snohomish,-121.247756,48.080954
Yes,2012,992,98,-19,87,1.92,2968,8.03,-1.26,12.31,3.77,124,761,snohomish,-121.419688,48.252744
Yes,2012,602,96,-24,134,3.75,3345,9.21,0.19,13.37,5.05,75,735,snohomish,-121.633422,48.204307
Yes,2012,451,49,86,84,3.09,2615,8.68,-2.53,13.84,3.52,76,918,snohomish,-121.412075,48.109472
Yes,2012,847,-96,-27,153,0.41,3379,6.32,-3.54,10.3,2.34,126,700,snohomish,-121.386597,47.940357
Yes,2012,1283,-54,84,141,-0.15,3163,5.25,-3.13,9.22,1.28,120,625,snohomish,-121.353795,47.783996
No,2012,377,52,-84,6,2.73,203,10.82,-3,16.97,4.68,249,1526,yakima,-120.071384,46.402037
No,2012,267,-85,-51,6,2.22,198,10.72,-3.49,17.61,3.84,223,1660,yakima,-120.206266,46.394767
No,2012,216,98,-19,3,1.96,196,10.73,-3.59,17.82,3.64,221,1713,yakima,-120.229068,46.354713
No,2012,199,0,0,0,1.98,190,10.73,-3.43,18.13,3.33,189,1767,yakima,-120.042081,46.24174
No,2012,357,98,14,12,2.8,215,11.09,-2.83,17.31,4.86,246,1595,yakima,-120.209052,46.187871
No,2012,5,0,0,0,7.26,959,11.7,2.59,16.09,7.31,69,907,king,-122.232459,47.674935
No,2012,97,72,-68,17,6.71,1024,11.22,2.2,15.73,6.71,81,877,king,-122.369458,47.524003
Yes,2012,884,-73,68,139,3.79,3231,7.91,-0.28,11.45,4.38,74,542,king,-121.64794,47.76205
Yes,2012,1514,53,-84,131,-0.6,4274,3.78,-4.42,7.82,-0.25,82,498,king,-121.51239,47.71489
No,2012,1400,75,65,149,0.68,3305,5.29,-3.25,9.28,1.29,98,583,king,-121.364537,47.614117
Yes,2012,979,32,94,197,2.6,3049,7.12,-2.22,11.26,2.98,76,693,king,-121.506157,47.567487
Yes,2012,978,-5,99,161,1.52,3013,6.46,-2.97,10.62,2.31,97,692,king,-121.436916,47.515231
Yes,2012,611,-45,-89,59,2.36,2812,7.49,-3.1,12.8,2.18,73,995,king,-121.483832,47.399305
No,2012,691,-26,96,34,-0.07,340,7.95,-7.32,13.73,2.17,210,1305,okanogan,-119.352437,48.710161
No,2012,429,80,58,13,0.81,326,9.42,-5.96,15.68,3.16,218,1534,okanogan,-119.521694,48.683492
No,2012,1002,-46,88,18,0.72,391,9.06,-3.28,14.41,3.72,274,1239,asotin,-117.271317,46.230167
No,2012,898,-82,-57,23,-1.09,372,6.92,-7.81,12.67,1.17,201,1220,okanogan,-119.360873,48.562781
Yes,2012,1245,65,-75,38,-2,490,5.22,-8.9,10.75,-0.32,173,1035,okanogan,-119.173647,48.551646
Yes,2012,1237,95,-28,33,-1.74,478,6.13,-7.13,10.71,1.55,244,998,okanogan,-119.297368,48.413696
Yes,2012,907,96,-27,26,-0.64,414,8.05,-6.35,13.27,2.83,278,1269,okanogan,-119.875624,48.176504
Yes,2012,1099,-97,-20,86,0.02,465,8.22,-3.88,13.33,3.11,262,1146,asotin,-117.278237,46.082761
No,2012,1066,38,-92,13,0.23,556,8.82,-3.75,14.21,3.43,264,1300,asotin,-117.439721,46.011024
No,2012,104,0,0,0,3.89,209,12.33,-1.52,18.67,5.99,231,1772,benton,-118.99448,46.146674
Yes,2012,490,87,-48,9,1.82,436,9.07,-4.9,15.86,2.27,100,1492,ferry,-118.200968,48.295733
Yes,2012,954,63,-77,39,0.62,548,7.76,-5.52,12.8,2.71,219,1143,ferry,-118.414866,48.248236
Yes,2012,703,35,-93,121,0.93,471,8.69,-5,14.21,3.16,219,1311,ferry,-118.353676,48.105827
Yes,2012,475,74,-66,50,2.11,349,10.32,-3.31,16.5,4.13,195,1580,ferry,-118.370357,47.914215
Yes,2012,1486,57,-81,62,-1.76,545,4.98,-7.92,9.7,0.27,186,865,ferry,-118.79251,48.731732
No,2012,109,91,39,3,2.94,208,12.01,-2.26,18.72,5.31,261,1877,benton,-119.399911,46.608122
No,2012,513,-60,79,38,2.71,267,10.31,-3.01,16.03,4.59,199,1384,benton,-119.160396,46.092746
No,2012,526,-76,64,24,2.56,263,10.25,-3.4,16.09,4.41,199,1421,benton,-119.334966,46.124805
No,2012,769,90,42,17,0.07,342,8.43,-6.23,13.89,2.98,241,1330,okanogan,-119.441251,48.172169
No,2012,48,-99,-9,10,6.71,729,10.2,1.53,14.66,5.75,35,717,island,-122.527323,48.180022
No,2012,646,-58,81,11,2.22,496,8.83,-3.87,14.85,2.81,110,1311,spokane,-117.067795,47.684037
Yes,2012,1003,-95,28,51,0.75,914,6.71,-5.94,12.19,1.23,110,1110,spokane,-117.124524,48.04305
No,2012,590,-76,64,15,2.17,629,8.87,-4.44,15.24,2.5,95,1356,spokane,-117.281803,47.99193
Yes,2012,963,-92,-38,63,1.43,1072,7.4,-5.27,12.47,2.35,139,1096,spokane,-117.09575,47.852745
Yes,2014,611,-31,-94,25,2.17,507,9.09,-3.97,15.19,2.99,132,1344,spokane,-117.281842,47.7953
No,2012,456,97,-20,45,1.62,241,9.91,-4.69,16.79,3.02,198,1585,yakima,-120.622843,46.638038
No,2012,390,5,-99,23,1.82,242,10.13,-4.23,16.9,3.36,206,1604,yakima,-120.601114,46.489859
No,2012,610,99,-5,9,1.51,320,8.99,-4.71,15.38,2.62,188,1379,yakima,-120.801852,46.539516
No,2012,242,0,-100,1,2.12,195,10.86,-3.75,17.86,3.86,215,1730,yakima,-120.414738,46.379252
Yes,2012,1036,-99,-1,101,2.39,3975,6.88,-1.28,10.52,3.24,78,554,king,-121.714469,47.768914
Yes,2012,898,86,49,199,2.84,3542,7.36,-1.62,11.48,3.23,70,648,king,-121.666097,47.598672
Yes,2012,493,63,77,187,3.97,2675,8.97,-0.58,13.9,4.05,68,937,king,-121.644515,47.429669
Yes,2012,52,24,-96,14,7.04,1200,11.31,2.01,15.94,6.68,47,906,king,-122.074473,47.726072
Yes,2012,231,87,-48,74,6.19,1636,10.48,1.37,14.95,6.01,61,873,king,-121.857321,47.726067
Yes,2012,614,-42,90,82,3.75,2915,7.74,-1.03,11.88,3.61,64,681,king,-121.783681,47.376374
No,2012,340,-79,60,109,0.85,329,9.75,-5.5,16.09,3.4,240,1630,okanogan,-119.500717,48.520105
No,2012,831,32,94,28,-0.34,371,7.81,-7.17,13.56,2.06,205,1289,okanogan,-119.685607,48.548446
No,2012,400,9,-99,17,0.58,330,9.53,-5.81,15.95,3.11,230,1617,okanogan,-119.509783,48.368656
Yes,2012,729,1,-99,27,-0.17,368,8.51,-6.23,13.95,3.08,257,1339,okanogan,-119.666721,48.375168
No,2012,471,-99,9,23,0.85,324,9.58,-5.69,15.63,3.53,240,1557,okanogan,-119.658153,48.22315
No,2012,220,93,-35,6,2.53,213,11.85,-2.6,18.27,5.42,307,1926,benton,-119.568853,46.555646
No,2012,266,-30,-95,15,2.63,206,11.41,-2.92,17.72,5.11,278,1781,benton,-119.747103,46.58832
Yes,2012,1239,-90,43,66,-0.52,507,6.1,-7.38,11.06,1.14,183,1000,ferry,-118.625487,48.62981
Yes,2012,1227,-14,-98,36,-0.55,556,6.17,-7.52,11.32,1.03,186,1032,ferry,-118.572586,48.299284
No,2012,426,99,3,26,2.69,297,10.91,-2.75,17.3,4.51,208,1639,franklin,-118.361447,46.662482
No,2012,390,-92,38,26,2.79,285,10.98,-2.6,17.09,4.88,227,1596,franklin,-118.532093,46.613201
No,2012,323,-77,-63,18,2.59,253,10.71,-3.07,17.29,4.13,187,1643,franklin,-118.707304,46.645872
No,2012,415,65,-75,29,2.88,278,10.94,-2.48,17.07,4.81,225,1587,franklin,-118.683282,46.48826
No,2012,268,-93,35,18,2.86,249,11.19,-2.53,17.82,4.56,220,1732,franklin,-118.857187,46.436026
No,2012,266,-98,16,6,2.59,223,10.82,-3,17.38,4.25,195,1639,franklin,-119.055315,46.626894
No,2012,701,16,98,54,1.68,267,9.69,-3.62,15.34,4.03,251,1406,benton,-119.724142,46.424658
No,2012,474,94,33,25,2.37,254,10.4,-3.15,16.37,4.43,233,1536,benton,-119.559077,46.394504
No,2012,447,70,70,2,2.84,254,10.63,-3.06,16.56,4.7,212,1497,benton,-119.529126,46.233943
No,2012,354,0,-100,3,3.01,236,10.95,-2.34,17.15,4.76,189,1568,benton,-119.500951,46.070546
Yes,2012,2043,-99,11,39,-4.35,810,1.76,-9.31,6.64,-3.11,89,638,okanogan,-119.967948,48.963484
No,2012,626,70,70,4,2.36,476,9.28,-3.62,15.24,3.31,134,1352,spokane,-117.244685,47.646956
No,2012,803,-92,-38,15,1.73,590,8.32,-4.17,14.47,2.18,96,1267,spokane,-117.065729,47.35207
No,2012,787,-54,-83,28,1.58,543,8.14,-4.34,14.11,2.17,100,1241,spokane,-117.19576,47.346399
No,2012,114,97,24,17,3.29,217,11.72,-1.84,18.29,5.15,192,1744,benton,-119.820315,45.88898
Yes,2012,340,-44,-89,81,-0.04,377,9.59,-5.92,16.05,3.12,251,1667,chelan,-120.327218,48.036053
No,2012,744,-36,93,11,1.63,523,8.46,-4.01,14.77,2.15,99,1307,spokane,-117.169295,47.282595
No,2012,666,87,-48,4,1.49,601,7.89,-5.71,14.59,1.19,64,1305,spokane,-117.469113,48.002525
No,2012,255,4,99,7,1.99,195,10.69,-3.88,17.91,3.47,200,1735,yakima,-120.579427,46.322712
Yes,2012,1372,69,-71,106,0.06,856,5.86,-4.75,10.42,1.29,161,848,yakima,-121.034479,46.772925
No,2012,751,93,-35,18,1.4,359,8.75,-4.44,14.82,2.69,189,1333,yakima,-120.801408,46.68174
No,2012,1242,-53,-84,40,-0.03,624,6.61,-4.38,11.22,2,217,922,yakima,-120.940732,46.633025
No,2012,339,44,89,3,2.12,225,10.48,-4.08,17.64,3.31,178,1673,yakima,-120.768955,46.352238
Yes,2012,1068,-92,-37,3,1.05,907,6.9,-4.9,12.84,0.96,83,1065,yakima,-120.937115,46.137887
Yes,2012,254,28,95,7,6.05,1398,10.32,1.05,15.18,5.47,44,922,king,-121.971156,47.254221
Yes,2012,929,66,74,144,3.52,2739,6.73,-2,10.65,2.82,63,545,king,-121.793909,47.216418
Yes,2012,2013,93,-35,22,-4.61,862,1.32,-9.69,6.17,-3.53,94,586,okanogan,-119.913547,48.671085
Yes,2012,2033,93,35,153,-4.22,741,2.35,-8.84,7.15,-2.45,123,663,okanogan,-119.910791,48.615504
Yes,2012,1211,82,56,42,-2.22,506,5.44,-8.67,11.18,-0.3,167,1084,okanogan,-119.853244,48.515641
No,2012,727,-18,-98,28,-0.29,460,8.18,-7.36,14.04,2.32,217,1357,okanogan,-120.028937,48.376589
Yes,2012,748,9,-99,17,-0.22,364,8.27,-6.66,13.86,2.68,236,1341,okanogan,-119.80318,48.322356
Yes,2012,824,31,95,34,-0.05,361,8.42,-6.12,13.75,3.09,264,1309,okanogan,-119.818458,48.185184
Yes,2012,2263,-98,18,162,-4.2,1514,1.66,-8.73,6.37,-3.05,102,596,chelan,-120.385063,48.180395
No,2012,306,69,-72,19,2.63,235,10.71,-3.05,17.32,4.1,183,1648,franklin,-118.877212,46.59928
No,2012,237,-91,-40,7,2.77,234,11.05,-2.74,17.72,4.38,196,1710,franklin,-119.031736,46.470688
No,2012,255,35,93,13,2.77,239,11.07,-2.63,17.73,4.41,207,1725,franklin,-118.964448,46.468968
No,2012,162,0,-100,4,3.2,228,11.74,-2.17,18.34,5.14,218,1787,franklin,-119.015219,46.305279
No,2012,2073,-46,-88,154,-4.36,1536,1.81,-8.01,6.28,-2.66,118,601,chelan,-120.688201,48.139256
Yes,2012,1098,84,-53,142,-0.82,759,7.15,-6.08,12.02,2.29,239,1096,chelan,-120.329721,47.834031
Yes,2014,1635,0,-99,138,-3.23,2281,3.54,-6.83,8.02,-0.94,161,718,chelan,-120.833212,47.950844
Yes,2012,671,73,-67,15,1.71,453,8.69,-4.21,15.02,2.36,112,1341,spokane,-117.573927,47.303276
Yes,2012,720,98,14,3,1.47,444,8.18,-5.01,14.34,2.01,109,1282,spokane,-117.797689,47.505034
No,2012,698,-16,-98,14,1.54,450,8.46,-4.53,14.88,2.05,100,1333,spokane,-117.719623,47.353269
Yes,2012,991,31,-95,42,0.31,646,5.99,-7.34,12.27,-0.3,85,1082,stevens,-117.601686,48.827821
Yes,2012,663,-52,85,50,1.61,649,7.87,-5.5,13.8,1.94,100,1192,stevens,-117.582445,48.981858
No,2012,396,-24,97,16,2.66,500,8.93,-4.55,15.03,2.83,91,1315,stevens,-117.741623,48.937827
Yes,2012,1032,96,-26,29,0.03,690,5.98,-7.14,11.78,0.18,130,1048,stevens,-117.728669,48.790597
Yes,2012,1308,78,-62,116,-0.09,1582,4.88,-5.27,9.53,0.22,88,753,yakima,-121.236473,46.973011
Yes,2012,1209,17,-98,84,-0.42,1684,4.96,-7.62,11.03,-1.1,60,989,yakima,-121.38119,46.920947
Yes,2012,1593,76,64,69,-0.78,1717,4.53,-5.59,8.97,0.1,132,674,yakima,-121.170616,46.823787
Yes,2012,1519,95,-29,81,-0.95,1654,3.71,-6.15,8.18,-0.78,93,594,yakima,-121.355877,46.77667
Yes,2012,1904,99,7,18,-1.9,1525,2.91,-6.32,7.35,-1.52,91,541,yakima,-121.321577,46.578076
Yes,2012,127,21,97,13,6.26,1148,10.68,1.62,15.41,5.95,56,864,kitsap,-122.7614,47.646698
Yes,2012,108,-79,60,11,6.52,1268,10.95,1.91,15.58,6.34,65,861,kitsap,-122.541086,47.501424
Yes,2012,132,-33,94,17,5.85,1428,10.48,1.38,15.28,5.69,63,910,kitsap,-122.766283,47.499584
Yes,2012,109,66,-74,12,6.09,1423,10.61,1.5,15.43,5.8,59,913,kitsap,-122.711157,47.43083
Yes,2012,119,85,-51,22,6.15,1422,10.67,1.4,15.44,5.89,59,895,kitsap,-122.898683,47.594967
No,2012,225,-91,-40,6,2.24,225,11.43,-3.57,17.59,5.27,296,1742,kittitas,-120.018066,47.18326
No,2012,758,7,99,99,0.83,323,8.23,-5.38,13.58,2.89,205,1221,kittitas,-120.16393,47.054045
Yes,2012,1221,23,-97,87,-0.42,602,6.28,-5.89,11.07,1.49,206,943,kittitas,-120.220622,47.213024
Yes,2012,1077,-98,-17,47,-1.33,540,7.51,-6.53,12.49,2.52,276,1211,okanogan,-120.006504,48.200506
Yes,2012,686,32,-94,81,0.42,395,9.03,-5.6,14.47,3.61,265,1386,okanogan,-119.952494,48.029039
Yes,2012,2162,-95,-29,48,-4.59,1482,1.83,-8.96,6.76,-3.1,91,667,okanogan,-120.489397,48.979161
Yes,2013,2100,-98,-19,40,-4.97,1290,1.11,-9.55,5.96,-3.74,84,597,okanogan,-120.299109,48.964435
Yes,2012,1813,-87,-48,82,-3.96,1018,2.4,-8.85,7.07,-2.27,121,640,okanogan,-120.274806,48.781642
Yes,2012,1948,73,-68,53,-4.69,1304,1.5,-8.28,5.88,-2.89,112,590,okanogan,-120.44665,48.502084
No,2012,1417,-30,-95,105,-2.47,685,5.74,-6.17,10.45,1.04,223,951,okanogan,-120.184481,48.30746
Yes,2012,913,-100,0,32,-1.1,577,7.76,-6.5,13.36,2.16,249,1319,okanogan,-120.16412,48.126166
Yes,2012,1549,49,86,96,-1.31,2106,4.88,-6.28,9.56,0.2,136,803,chelan,-121.059405,47.947939
No,2012,467,-16,98,81,2.48,478,11.05,-1.58,16.75,5.34,245,1554,garfield,-117.493825,46.660588
No,2012,733,-82,57,13,2,489,10.04,-2.36,15.45,4.62,239,1346,garfield,-117.46811,46.504059
Yes,2012,1132,-29,95,22,0.17,521,8.5,-3.5,13.45,3.54,289,1123,garfield,-117.473704,46.332979
No,2012,1415,81,-57,30,-0.74,695,7.58,-3.86,12,3.16,321,987,garfield,-117.48421,46.280458
Yes,2012,1485,-11,99,129,-0.84,933,5.92,-5.33,10.68,1.17,215,852,garfield,-117.441621,46.153278
No,2012,447,-54,83,48,2.43,425,10.98,-2.01,17.25,4.72,219,1605,garfield,-117.654145,46.534174
Yes,2012,752,-95,30,57,1.07,659,9.1,-5.02,14.36,3.84,230,1307,chelan,-120.587239,47.51467
Yes,2012,1164,9,-99,117,-0.66,1089,6.81,-5.21,12.01,1.62,193,1107,chelan,-120.780443,47.453289
Yes,2012,1035,28,95,50,0.14,776,6.95,-5.61,12.03,1.86,182,1048,chelan,-120.576872,47.359466
No,2012,7,-57,81,26,6.84,501,10.1,2.68,13.69,6.51,41,587,clallam,-123.218463,48.12597
Yes,2012,855,-36,-93,113,4.03,1155,8.26,-0.4,12.74,3.79,86,724,clallam,-123.032052,47.917651
Yes,2012,964,-88,46,78,0.32,699,7.04,-6.39,13.07,1,117,1190,stevens,-117.645627,48.289555
Yes,2012,717,16,98,44,0.86,614,7.54,-6.26,14.15,0.92,86,1286,stevens,-117.645589,48.137662
Yes,2012,875,84,-52,28,1.2,548,8.42,-4.96,13.84,3,198,1247,stevens,-117.842284,48.150732
Yes,2012,730,99,-1,20,1.15,823,8.18,-5.44,14.15,2.23,143,1284,stevens,-117.646583,47.944418
Yes,2012,659,85,-51,5,1.08,723,7.52,-6.56,13.42,1.61,121,1196,stevens,-117.942299,48.990569
Yes,2012,1092,-88,46,117,0.13,790,6.35,-6.46,11.33,1.36,169,1009,stevens,-118.087829,48.897164
Yes,2012,969,74,66,66,0.52,630,6.84,-6.19,12.13,1.54,156,1086,stevens,-117.906394,48.795207
Yes,2012,930,-63,77,41,1.12,709,7.9,-4.38,13.62,2.2,150,1155,yakima,-120.952722,46.236082
Yes,2012,765,-20,-97,26,1.87,912,8.09,-3.17,13.94,2.24,114,1134,yakima,-121.23548,46.116262999999996
Yes,2012,681,-97,-22,4,2.12,735,8.53,-3.22,14.75,2.32,116,1228,yakima,-121.19174,46.081764
Yes,2012,1492,97,24,17,-1.33,1412,4.03,-5.94,9,-0.92,92,761,yakima,-121.443701,46.29787
Yes,2012,1580,-4,99,30,-1.74,1193,3.73,-6.26,8.72,-1.25,94,740,yakima,-121.435202,46.281716
Yes,2012,1681,20,-97,17,-2.25,1728,4.12,-5.75,8.74,-0.5,157,706,yakima,-121.410002,46.145862
Yes,2012,1457,65,-75,43,-1.48,844,4.67,-6.42,9.54,-0.2,172,816,kittitas,-120.354225,47.174298
Yes,2012,1124,-99,5,113,-0.25,855,5.95,-5.53,10.95,0.95,167,928,kittitas,-120.512291,47.174017
No,2012,599,-85,-51,7,1.26,266,8.52,-5.67,14.97,2.08,146,1330,kittitas,-120.336445,46.998992
No,2012,642,-99,9,42,1.36,241,9.1,-4.84,15.11,3.08,210,1381,kittitas,-120.14069,46.888657
Yes,2012,1830,-99,7,94,-3.09,2079,2.69,-7.12,7.4,-2,148,624,kittitas,-120.965955,47.485525
Yes,2012,1217,90,-43,116,0.5,849,6.6,-5.17,11.75,1.46,133,1012,kittitas,-120.71225,47.313116
No,2012,745,-90,-42,43,2.09,422,8.36,-4.69,14.01,2.72,133,1136,kittitas,-120.722335,47.132429
Yes,2012,1682,85,-51,101,-3.1,1081,4.01,-6.85,8.44,-0.42,161,733,okanogan,-120.440782,48.678786
Yes,2012,1287,26,96,101,-1.75,593,6.01,-7.34,11.44,0.59,162,1075,okanogan,-120.371386,48.331007
Yes,2012,201,-99,-12,15,5.78,2202,10.02,0.26,15.52,4.51,27,917,pacific,-123.460944,46.731362
Yes,2012,321,-81,-57,35,6.14,2650,10.11,1.11,15.21,5.02,35,880,pacific,-123.457274,46.583384
No,2012,684,-96,25,49,1.37,559,8.26,-5.19,14.17,2.35,132,1277,stevens,-118.097752,48.787881
Yes,2012,588,95,29,64,1.34,523,8.09,-5.81,15.02,1.15,71,1373,stevens,-117.871277,48.334324
Yes,2012,855,97,-22,37,0.76,600,7.46,-6.17,13.62,1.31,129,1219,stevens,-118.023388,48.290734
Yes,2012,757,91,-40,11,1.55,567,8.23,-5.29,14.28,2.19,109,1270,stevens,-117.781841,47.990221
No,2012,842,78,61,71,1.54,586,9.71,-2.48,14.76,4.66,277,1257,garfield,-117.635947,46.385807
No,2012,406,31,94,2,1.61,236,10.02,-4.56,16.81,3.24,176,1630,grant,-118.991514,47.409642
No,2012,636,77,-62,9,0.96,287,8.78,-5.87,15.08,2.48,172,1433,grant,-119.02261,47.731169
No,2012,649,-49,86,170,0.64,270,8.86,-6,15.02,2.71,199,1441,grant,-119.212115,47.761258
Yes,2012,840,-71,69,38,4.34,988,8.39,-0.25,12.73,4.05,87,696,clallam,-123.1849,47.966031
No,2012,1617,-37,-92,32,-1.3,2002,2.42,-6.02,6.67,-1.82,79,496,clallam,-123.365882,47.91731
Yes,2012,204,-90,-41,24,6.2,3650,9.94,0.79,14.61,5.28,35,783,grays_harbor,-123.62455,47.379638
Yes,2012,248,87,-48,72,5.87,4118,9.74,1.39,14.1,5.38,81,714,grays_harbor,-123.763728,47.432623
Yes,2012,162,99,-5,24,6.44,2832,9.87,1.43,14.5,5.25,27,704,grays_harbor,-123.57052,47.22416
Yes,2012,139,-87,49,11,6.67,2303,10.38,1.56,15.46,5.31,23,788,grays_harbor,-123.513091,47.084371
No,2012,527,-60,-79,4,1.82,240,8.89,-5.5,15.36,2.43,146,1358,kittitas,-120.515477,47.026139
No,2012,456,55,83,82,1.49,280,9.01,-4.8,15.4,2.62,164,1357,kittitas,-120.489998,46.869974
Yes,2012,879,-98,19,38,1.06,1166,6.76,-4.67,11.73,1.8,110,959,kittitas,-120.946391,47.311217
Yes,2012,969,99,-1,76,0.48,1469,5.94,-5.3,11.21,0.67,89,950,kittitas,-121.119147,47.419276
Yes,2012,416,-99,-9,92,5.6,2788,9.15,0.75,13.57,4.74,46,708,pacific,-123.376789,46.440136
Yes,2012,245,-30,95,48,6.24,3248,9.97,1.37,14.58,5.37,44,759,pacific,-123.582805,46.430625
Yes,2012,142,-25,96,56,6.4,2224,10.08,1.41,15.1,5.06,25,769,pacific,-123.658086,46.789253
Yes,2012,147,94,-32,34,6.23,2169,10.01,1.29,15.16,4.87,24,789,pacific,-123.60608,46.613454
Yes,2012,370,86,50,96,6.05,3582,9.39,1.5,13.7,5.08,40,616,pacific,-123.732515,46.543167
Yes,2012,48,-78,-61,13,6.22,2911,10.15,1.41,15.4,4.9,27,820,pacific,-123.731207,46.399237
Yes,2012,94,62,-77,113,7.62,2450,10.71,2.96,14.76,6.67,33,660,pacific,-123.870858,46.246774
No,2012,42,-85,51,2,6.64,1683,10.82,1.62,16.03,5.62,34,943,thurston,-122.97225,47.000799
Yes,2012,306,14,-99,64,5.92,2195,10,0.98,14.86,5.15,52,860,thurston,-123.176957,47.079019
No,2012,144,0,100,1,6.4,1162,10.74,1.05,16.19,5.3,29,1002,thurston,-122.596198,46.862029
No,2012,533,-99,-7,9,1.22,253,9.55,-5.07,15.9,3.2,201,1531,grant,-119.185272,47.597907
Yes,2012,763,-70,-70,1,1.16,564,8.06,-5.55,14.34,1.78,112,1301,stevens,-117.86284,47.997824
Yes,2012,757,94,31,1,1.2,537,8.22,-5.55,14.32,2.12,147,1318,stevens,-118.006738,47.952068
No,2012,597,98,19,2,1.53,458,8.47,-5.04,15.19,1.75,86,1402,stevens,-117.809693,47.852147
Yes,2012,686,-74,66,52,1.29,440,8.82,-5,14.68,2.96,180,1357,stevens,-118.16554,48.144097
Yes,2012,816,-77,63,32,0.84,479,9.25,-4.38,14.29,4.21,304,1333,stevens,-118.175344,47.980948
No,2012,347,-92,-37,6,2.31,221,10.22,-3.68,16.65,3.78,179,1527,adams,-119.069272,46.786245
Yes,2012,47,94,-32,50,6.82,1922,11.01,1.71,16.57,5.45,22,964,grays_harbor,-123.328761,46.973644
Yes,2012,135,-91,40,84,6.3,2355,10.03,0.88,15.11,4.95,23,792,grays_harbor,-123.504556,46.909601
Yes,2012,64,-14,98,53,6.8,2189,10.25,1.85,15.05,5.45,24,714,grays_harbor,-123.674965,46.93518
Yes,2012,253,71,-70,75,5.92,2341,10.1,1.38,15.33,4.88,37,897,grays_harbor,-123.437441,46.880648
No,2012,549,-99,9,7,1.34,258,9.42,-4.88,15.83,3,184,1517,grant,-119.007895,47.56803
No,2012,421,64,-76,24,1.5,241,9.94,-4.73,16.65,3.22,187,1625,grant,-119.165157,47.435679
No,2012,427,-57,81,6,1.73,226,10.02,-4.42,16.6,3.43,191,1592,grant,-119.138089,47.272688
No,2012,413,44,-89,3,1.84,218,9.97,-4.23,16.4,3.53,196,1551,grant,-119.129006,47.114601
No,2012,397,96,-26,9,2.12,223,10.05,-4.01,16.45,3.65,187,1526,grant,-119.10337,46.946955
Yes,2012,167,15,-98,15,6.26,1980,9.74,1.8,13.94,5.55,30,662,clallam,-124.110434,48.159662
Yes,2012,439,-89,-44,123,5.88,2994,9.33,0.84,13.89,4.78,50,674,clallam,-124.34238,48.160802
Yes,2012,829,-99,-9,18,4.62,2221,8.26,-0.12,12.47,4.05,76,625,clallam,-123.962698,48.059553
Yes,2012,614,-90,43,71,4.82,3288,8.49,0.34,12.75,4.24,74,638,clallam,-124.102919,47.988292
Yes,2012,115,85,-52,127,6.59,3099,9.83,1.82,14.07,5.6,19,680,clallam,-124.55815,48.263441
Yes,2012,346,77,63,49,6.8,3301,9.72,1.3,14.41,5.02,28,663,clallam,-124.281792,48.0142
Yes,2012,151,74,66,81,6.36,1444,10.71,1.03,16.07,5.35,34,988,thurston,-122.765427,46.811613
No,2012,73,-100,0,1,6.66,1350,10.91,1.51,16.28,5.55,31,979,thurston,-122.942804,46.832296
No,2012,493,-49,86,12,1.25,242,9.77,-4.88,16.02,3.53,218,1551,grant,-119.350474,47.549912
No,2012,404,81,-58,2,1.51,224,10.1,-4.6,16.68,3.53,213,1628,grant,-119.334645,47.380014
No,2012,383,-81,-57,9,2.5,202,10.53,-3.61,16.34,4.72,236,1514,grant,-119.445967,46.930759
No,2012,281,-40,-91,11,2.62,207,10.93,-3.32,17.17,4.68,237,1645,grant,-119.428104,46.763283
No,2012,565,-51,-85,2,2.35,575,8.27,-4.9,14.18,2.36,90,1132,kittitas,-120.882773,47.179693
Yes,2012,1344,-84,-54,91,-0.89,2056,4.63,-5.31,9.19,0.08,128,720,kittitas,-121.048694,47.098149
Yes,2012,1645,99,-6,179,-1.71,3420,3.34,-5.65,7.4,-0.72,130,510,kittitas,-121.298592,47.464121
Yes,2012,697,-45,-89,37,2.17,868,8.51,-3.06,14.34,2.68,131,1134,klickitat,-121.226822,45.960052
Yes,2012,622,50,86,25,2.14,541,8.87,-3.14,14.52,3.22,165,1182,klickitat,-121.150794,45.775266
Yes,2012,247,-42,90,78,6.86,2336,10.17,1.92,14.74,5.61,26,694,pacific,-123.913135,46.415874
Yes,2012,1359,-25,-96,62,-0.41,1043,4.48,-8.18,10.05,-1.09,80,850,pend_oreille,-117.166099,48.659113
Yes,2012,821,92,-38,58,0.55,849,6.21,-6.94,12.96,-0.54,47,1149,pend_oreille,-117.068941,48.532644
Yes,2012,1083,13,99,65,-0.01,974,5.89,-6.77,11.07,0.71,149,977,pend_oreille,-117.390584,48.94556
Yes,2012,1595,-62,-77,136,-1.46,1210,3.76,-8.76,9.13,-1.61,97,826,pend_oreille,-117.214594,48.861347
Yes,2012,1089,-96,25,121,-0.25,948,5.57,-7.46,11.43,-0.3,98,1009,pend_oreille,-117.37381,48.769319
Yes,2012,115,-37,-92,58,6.58,2072,10.5,1.5,15.64,5.37,32,849,wahkiakum,-123.380264,46.248333
Yes,2012,212,87,-47,45,6.29,2542,10.03,1.39,14.84,5.22,37,775,wahkiakum,-123.527573,46.293046
No,2012,589,-95,-30,34,2.43,683,10.26,-2.25,15.83,4.69,237,1377,walla_walla,-118.124222,46.140853
Yes,2012,549,-65,75,157,5.9,3902,9.35,1.64,13.34,5.36,77,623,grays_harbor,-123.978153,47.512526
Yes,2012,105,-44,-89,2,6.9,3068,10.23,1.75,14.8,5.66,24,697,grays_harbor,-123.943647,47.344028
Yes,2012,87,-30,95,15,6.7,2833,10.19,2.23,14.68,5.69,23,726,clallam,-124.476138,47.967742
Yes,2012,37,94,-31,8,6.73,2656,9.8,3.55,12.84,6.76,42,490,clallam,-124.700359,48.149784
Yes,2012,139,-55,83,29,6.81,2859,9.72,2.35,13.6,5.84,21,586,clallam,-124.616023,47.970643
Yes,2012,277,-58,80,231,5.71,2523,10.92,0.62,16.45,5.4,71,1128,clark,-122.285877,46.047217
Yes,2012,272,-54,-83,34,5.89,1886,10.56,0.48,15.8,5.33,57,1016,clark,-122.413396,45.894803
Yes,2012,146,34,93,72,6.02,1851,10.81,0.69,16.04,5.59,64,1033,clark,-122.353876,45.95419
Yes,2012,183,-65,75,34,6.29,1637,10.88,0.91,16.03,5.74,56,1002,clark,-122.554375,45.854463
No,2012,64,-89,44,2,6.79,1060,11.61,1.49,16.91,6.32,62,1077,clark,-122.696308,45.707419
No,2012,642,-20,-97,31,0.92,244,9.13,-5.51,14.74,3.52,229,1381,grant,-119.871122,47.397177
No,2012,716,75,65,12,0.7,255,8.69,-6.41,14.64,2.74,200,1394,grant,-119.685365,47.362813
No,2012,371,-31,94,3,1.78,192,10.31,-4.6,16.78,3.85,220,1621,grant,-119.667299,47.204661
No,2012,397,0,-100,1,1.81,193,10.14,-4.81,16.37,3.9,228,1549,grant,-119.84359,47.23788
No,2012,370,85,-51,2,1.8,187,10.18,-4.71,16.68,3.67,206,1607,grant,-119.690298,47.16276
No,2012,351,70,-70,1,1.88,171,10.2,-4.65,16.8,3.61,204,1615,grant,-119.641176,47.043793
Yes,2012,1129,-39,92,44,-0.02,559,7.68,-4.63,12.93,2.43,262,1135,klickitat,-120.391493,46.041198
Yes,2012,1631,16,-98,38,-1.04,1110,3.83,-7.61,8.14,-0.47,130,693,pend_oreille,-117.140884,48.525555
Yes,2012,760,93,-35,32,0.52,731,7.07,-6.62,13.8,0.35,95,1210,pend_oreille,-117.331147,48.469856
No,2012,624,0,0,0,1.59,624,7.8,-5.79,14.71,0.9,53,1326,pend_oreille,-117.30974,48.295739
Yes,2012,1269,-18,-98,62,-1.07,1027,5.54,-7.51,10.93,0.15,146,987,pend_oreille,-117.484397,48.341118
Yes,2012,743,-91,-41,23,0.84,730,7.16,-6.5,13.89,0.44,66,1252,pend_oreille,-117.278779,48.138487
Yes,2012,1143,-40,-91,10,-0.16,847,4.83,-8.31,11.55,-1.89,32,997,pend_oreille,-117.533322,48.685146
Yes,2012,1271,-99,1,66,0.56,981,6.05,-6.69,11.34,0.76,103,988,pend_oreille,-117.480615,48.190201
No,2012,299,-51,-85,6,2.96,314,11.03,-2.15,17.48,4.58,211,1655,walla_walla,-118.726104,46.237499
Yes,2012,1543,-94,32,101,-0.33,1073,6.2,-4.96,10.75,1.65,216,841,columbia,-117.651991,46.220315
Yes,2012,880,36,93,106,1.7,667,9.83,-2.27,14.98,4.68,265,1283,columbia,-117.803813,46.321725
No,2012,860,99,13,149,0.77,589,8.75,-4.32,15.19,2.31,176,1375,columbia,-117.60747,46.045867
Yes,2012,1346,-94,-33,139,-0.63,1216,6.86,-4.81,11.67,2.05,237,958,columbia,-117.794689,46.172115
No,2012,473,-48,87,17,2.55,396,11,-2.39,16.9,5.1,250,1574,columbia,-118.167058,46.472311
No,2012,601,56,-82,32,2.46,500,10.55,-2.08,15.99,5.11,245,1395,columbia,-117.982824,46.352999
No,2012,400,-99,6,11,3.19,456,11.27,-1.85,17.18,5.36,237,1521,columbia,-118.150765,46.305029
No,2012,285,70,-70,5,2.39,193,10.97,-3.68,17.35,4.59,249,1662,grant,-119.614566,46.879794
No,2012,132,94,31,1,2.8,193,12.2,-2.84,18.84,5.56,291,1953,grant,-119.592501,46.717037
No,2012,149,0,0,0,3.12,190,12.44,-2.44,18.7,6.19,336,1844,grant,-119.943186,46.696333
Yes,2012,222,25,-96,53,6.46,2249,10.98,1.12,15.97,6,57,989,grays_harbor,-123.160708,46.927982
No,2012,441,-91,39,117,2.82,394,10.32,-2.57,16.47,4.19,208,1445,klickitat,-120.52596,45.83801
No,2012,760,-81,-58,7,1.93,515,8.81,-3.82,14.94,2.69,162,1231,klickitat,-120.654927,45.887625
Yes,2012,1549,-85,-51,74,-0.91,1087,5.28,-5.15,9.77,0.8,181,755,klickitat,-120.856306,45.991194
No,2012,525,-11,-99,3,2.57,391,9.5,-3.16,16.19,2.81,120,1397,klickitat,-120.859283,45.843214
Yes,2012,780,20,-97,39,1.79,692,8.18,-3.73,14.18,2.2,109,1151,klickitat,-121.048934,46.016266
No,2012,88,94,31,3,6.56,1098,10.93,1.54,15.88,5.99,46,941,pierce,-122.470401,47.143149
No,2012,72,-100,0,1,6.54,1281,10.84,1.37,16.05,5.63,37,961,pierce,-122.658266,47.031803
No,2012,134,0,0,0,3.48,270,11.92,-1.94,18.4,5.44,238,1754,walla_walla,-118.837146,46.271361
No,2012,219,-33,94,11,3.37,280,11.52,-1.95,17.93,5.12,208,1687,walla_walla,-118.820323,46.108392
No,2012,1831,54,83,213,-4.08,1854,2.38,-8.31,7.2,-2.44,97,686,whatcom,-120.869619,48.990751
Yes,2012,1133,-58,-81,141,-1.8,1482,4.9,-5.9,10.07,-0.28,96,843,whatcom,-121.02144,48.897292
Yes,2012,1004,-97,22,177,-0.79,1732,5.65,-5.4,10.23,1.07,127,810,whatcom,-121.003724,48.747542
No,2012,1808,-99,7,65,-2.85,2225,3.15,-6.06,7.14,-0.84,116,585,whatcom,-121.183763,48.790547
Yes,2012,279,-78,62,86,6.63,3824,9.72,0.83,13.7,5.75,41,582,grays_harbor,-123.74457,47.273948
Yes,2012,118,-14,-98,2,6.82,3024,10.01,1.61,14.51,5.51,22,662,grays_harbor,-123.960215,47.326128
Yes,2012,50,-35,-93,5,6.9,2784,10.1,1.89,14.6,5.6,23,666,grays_harbor,-123.89887,47.181391
Yes,2012,738,60,79,71,0.14,485,8.81,-5,13.74,3.89,294,1285,chelan,-120.273585,47.701186
No,2012,1043,76,64,29,1.04,1012,8.95,-3.25,14.06,3.84,248,1164,columbia,-117.987997,46.182277
Yes,2012,1309,-72,69,94,-0.39,1375,6.71,-5.48,12.6,0.82,139,1048,columbia,-117.940058,46.036188
Yes,2012,974,-17,-98,54,4.08,2446,7.61,-1.44,11.92,3.3,56,690,cowlitz,-122.350497,46.345829
Yes,2012,892,-98,18,8,2.97,3397,7.4,-1.4,11.4,3.41,93,709,cowlitz,-122.280547,46.169883
Yes,2012,477,77,63,48,4.28,2165,9.18,-0.48,14.5,3.87,79,961,cowlitz,-122.467097,46.218579
Yes,2012,882,-99,8,52,3.49,4121,7.92,-1,12.19,3.64,84,764,cowlitz,-122.414931,46.044207
Yes,2012,326,-1,-99,81,5,3273,9.67,-0.72,14.84,4.51,67,961,cowlitz,-122.413807,46.001369
Yes,2012,62,-96,-26,13,7.04,2714,10.19,1.92,14.67,5.71,23,662,grays_harbor,-124.094735,47.233498
Yes,2012,18,89,-44,2,7.27,2398,10.58,2.36,15.14,6.02,26,693,grays_harbor,-123.747473,47.086285
Yes,2012,119,53,84,60,6.85,3046,9.97,1.71,14.42,5.52,21,647,grays_harbor,-124.170944,47.520357
Yes,2012,92,16,-98,13,6.97,2864,10.09,2.39,14.41,5.78,24,642,grays_harbor,-124.255899,47.521311
Yes,2012,42,-92,38,13,7.43,2597,10.51,3.32,14.42,6.61,32,617,grays_harbor,-124.325602,47.473988
No,2012,697,-32,94,20,2.43,506,9.06,-3.02,14.51,3.62,176,1175,klickitat,-121.017337,45.695303
No,2012,76,7,-99,4,4.98,354,12.27,-0.39,18.32,6.22,196,1578,klickitat,-121.129031,45.635584
Yes,2012,1703,-66,-74,43,-2.14,2030,3.09,-6.31,7.65,-1.47,102,588,lewis,-121.47215,46.488796
No,2012,595,9,99,11,3.08,1822,7.93,-1.96,13.21,2.66,48,936,lewis,-121.930824,46.736592
Yes,2012,1170,98,-15,40,2.48,2392,6.34,-2.51,10.75,1.93,59,644,lewis,-122.052887,46.701969
Yes,2012,2031,93,-34,163,-4.48,1537,1.05,-8.42,5.4,-3.29,93,518,skagit,-120.813292,48.637669
Yes,2012,1561,89,-45,189,-2.64,2942,4.79,-4.94,8.94,0.63,181,724,skagit,-121.161618,48.60299
Yes,2012,1788,-13,-99,137,-3.38,2414,3.29,-6.15,7.47,-0.89,142,643,snohomish,-121.116207,48.293129
Yes,2012,1416,-46,88,138,-2.31,3123,4.19,-5.21,8.53,-0.15,117,691,whatcom,-121.359478,48.905188
Yes,2012,1437,-92,-38,130,-1.95,3223,4.86,-4.4,9.05,0.68,156,707,whatcom,-121.551149,48.895612
Yes,2012,554,-71,69,283,1.52,2697,7.46,-1.62,11.56,3.37,103,707,whatcom,-121.54369,48.746059
No,2012,7,-94,31,2,6.35,1439,10.51,0.51,15.24,5.78,43,846,whatcom,-122.174751,48.997876
Yes,2012,28,-9,-99,54,7.25,2701,10.36,2.4,14.76,5.96,22,650,grays_harbor,-124.103768,47.382658
Yes,2012,211,-48,87,28,5.93,1609,10.56,0.64,16.28,4.84,31,1060,lewis,-122.726429,46.627793
No,2012,149,70,70,1,6.46,1403,10.88,1.11,16.54,5.23,26,1050,lewis,-122.891635,46.511087
Yes,2012,56,-94,33,72,6.61,1512,10.9,1.45,16.47,5.33,25,1001,lewis,-123.307477,46.790234
Yes,2012,1449,74,-67,135,-1.22,804,5.71,-5.96,10.25,1.16,202,846,chelan,-120.416372,47.639772
Yes,2012,449,-66,75,61,1.05,627,9.09,-5.19,15.52,2.66,174,1452,chelan,-120.638357,47.655239
No,2012,238,98,18,8,1.65,289,10.92,-3.89,17.09,4.74,272,1682,chelan,-120.41673,47.480313
No,2012,209,-82,56,7,1.9,232,11.2,-3.61,17.28,5.13,298,1688,chelan,-120.224316,47.374774
Yes,2012,778,97,22,40,0.52,496,8.43,-5.44,13.59,3.26,229,1231,chelan,-120.364803,47.322739
No,2012,1999,24,-97,136,-3.7,1628,1.69,-7.98,5.93,-2.54,91,554,chelan,-120.735229,48.489444
Yes,2012,750,-5,99,62,-1.09,1711,6.75,-6.8,12.63,0.86,135,1119,chelan,-120.953472,48.415038
Yes,2012,335,-94,-33,18,6.03,1868,10.01,0.71,14.97,5.04,44,870,cowlitz,-122.812849,46.195394
Yes,2012,421,-76,64,66,5.21,2122,9.7,-0.02,15.01,4.4,55,953,cowlitz,-122.630701,46.146203
Yes,2012,487,-1,-99,101,5.12,3335,9.39,-0.22,14,4.79,72,840,cowlitz,-122.609794,45.995046
Yes,2012,108,2,-99,28,6.45,1481,11.05,1.28,16.26,5.84,55,998,cowlitz,-122.783162,46.052275
No,2012,5,0,0,0,6.85,1079,11.87,1.74,17.24,6.51,67,1124,cowlitz,-122.746683,45.874162
Yes,2012,496,-95,31,113,5.29,2486,8.76,0.88,12.6,4.92,66,627,cowlitz,-123.186862,46.326253
No,2012,1687,99,7,141,-3.65,1976,2.85,-6.66,7.03,-1.33,137,626,chelan,-120.965377,48.298813
No,2012,58,66,-74,8,6.9,1279,11.12,1.61,16.67,5.57,23,1006,lewis,-123.07009,46.632915
No,2012,79,-81,58,18,6.69,1344,10.98,1.45,16.61,5.34,23,1017,lewis,-123.167141,46.635037
Yes,2012,182,-64,-76,96,6.24,1443,10.59,1,16.12,5.05,27,1007,lewis,-123.043349,46.459456
Yes,2013,117,-86,-50,17,6.46,1435,10.84,1.18,16.55,5.13,25,1030,lewis,-123.242119,46.643218
Yes,2012,1057,-97,23,59,0.6,1778,6,-3.86,10.85,1.15,98,839,lewis,-121.642553,46.414998
Yes,2012,682,93,34,63,3.36,1700,8.53,-2.15,14.05,3,65,1067,lewis,-121.820858,46.437297
Yes,2012,394,-39,91,20,5.32,2077,9.35,-0.19,14.6,4.1,14,931,lewis,-122.223721,46.727698
Yes,2012,286,-65,-75,30,5,1634,10.04,-0.03,15.77,4.32,37,1075,lewis,-121.997017,46.534104
Yes,2012,483,25,96,85,5.7,2142,9.71,1.11,14.36,5.07,68,870,lewis,-122.198729,46.568796
Yes,2012,459,-69,-71,30,4.92,1904,9.35,-0.56,14.74,3.96,51,961,lewis,-122.368502,46.491762
Yes,2012,903,-90,-42,119,2.41,2442,6.42,-2.13,10.43,2.41,93,598,lewis,-122.169526,46.388136
Yes,2012,803,-76,64,143,2.05,2066,6.76,-2.13,10.92,2.61,108,704,lewis,-121.962616,46.393573
Yes,2012,233,-12,99,64,3.95,2395,9.03,-1.4,13.84,4.25,51,840,skagit,-121.689373,48.526974
Yes,2012,603,75,-65,88,3.66,3240,9.27,0.28,13.57,4.98,78,762,skagit,-121.637921,48.350782
Yes,2012,250,-14,-98,65,3.34,2638,8.09,-2.5,13.13,3.05,46,810,skagit,-121.86378,48.556295
Yes,2012,76,-42,90,53,5.16,1506,10.46,0.97,15.24,5.68,58,887,skagit,-122.010226,48.506293
Yes,2012,1029,-94,-31,108,2.14,3787,7.57,-1.03,11.45,3.69,74,634,skagit,-121.845518,48.408105
Yes,2012,169,93,-36,59,8.06,1416,11.07,0.44,14.73,7.41,39,631,skagit,-122.435301,48.641853
Yes,2012,116,-98,-14,23,6.23,1326,10.57,0.69,15.45,5.69,43,857,skagit,-122.238085,48.552435
Yes,2012,362,40,91,11,4.22,1730,9.1,-0.45,13.64,4.57,67,781,skagit,-122.019133,48.353169
No,2012,6,-44,-89,2,7,867,10.48,1.9,14.9,6.06,31,725,skagit,-122.393495,48.455601
Yes,2012,751,6,99,48,3.66,2525,7.97,-0.7,11.77,4.17,53,578,whatcom,-122.24625,48.703045
Yes,2012,365,35,-93,30,3.75,2117,8.53,-1.41,13.11,3.95,50,785,whatcom,-122.09727,48.650055
No,2012,30,-70,-70,1,6.63,1143,10.41,0.87,15.02,5.8,32,794,whatcom,-122.475909,48.946144
Yes,2012,1,70,-70,1,6.79,963,10.45,1.69,14.42,6.49,50,691,whatcom,-122.638172,48.813255
Yes,2012,684,85,51,126,5.38,2255,8.98,0.57,13.46,4.51,46,703,lewis,-123.240932,46.487315
No,2012,1632,-41,91,295,-2.55,2257,3.9,-7.21,8.55,-0.75,124,745,chelan,-120.913791,48.099912
Yes,2012,938,-42,-90,19,0.19,466,7.81,-6.32,13.12,2.5,214,1212,ferry,-118.73619,48.231796
Yes,2012,1042,-96,-26,71,0.18,460,7.51,-6.23,12.63,2.39,206,1140,ferry,-118.572526,48.105538
Yes,2012,873,-90,-41,138,-0.15,457,6.41,-8.13,12.68,0.13,105,1183,ferry,-118.762183,48.556084
Yes,2012,986,-16,98,64,0.01,430,7.2,-6.9,12.71,1.7,180,1169,ferry,-118.774028,48.400281
Yes,2012,627,43,90,100,0.89,319,9.15,-5.44,15.38,2.92,207,1492,ferry,-118.720137,48.068201
No,2012,641,-99,-5,17,1.11,298,8.53,-5.5,14.94,2.13,141,1395,lincoln,-118.859912,47.776245
No,2012,538,77,63,29,0.82,294,9.53,-5.46,15.74,3.32,227,1567,douglas,-119.255917,48.089943
No,2012,745,56,-82,11,0.41,306,8.37,-6.38,14.29,2.44,189,1346,douglas,-119.236466,47.923016
Yes,2012,374,-1,-99,144,5.57,3592,9.83,1.2,14.5,5.17,51,755,jefferson,-124.052389,47.826686
Yes,2012,526,-94,-32,126,5.76,3845,9.39,1.56,13.39,5.38,82,658,jefferson,-124.036524,47.671377
No,2012,639,-7,-99,9,1.33,299,8.57,-5.15,15.04,2.1,124,1392,lincoln,-118.665351,47.587056
No,2012,628,-58,-81,7,1,294,8.6,-5.21,15.07,2.14,148,1424,lincoln,-118.833408,47.616722
No,2012,625,-34,93,13,1.17,278,9.03,-5.28,15.4,2.67,172,1465,lincoln,-118.913104,47.690127
Yes,2012,594,61,78,9,3.08,1303,7.62,-2.75,13.04,2.21,51,991,pierce,-121.604464,47.107095
Yes,2012,851,84,54,167,4.51,2413,8.46,-0.46,13,3.93,62,783,lewis,-122.392703,46.665743
No,2012,130,0,0,0,6.38,1393,10.94,1.06,16.65,5.23,29,1074,lewis,-122.534509,46.548481
Yes,2012,127,70,70,59,6.53,1262,10.96,1.06,16.63,5.3,26,1041,lewis,-122.908968,46.678795
No,2012,643,38,-92,14,1.39,317,8.42,-4.96,14.8,2.04,125,1346,lincoln,-118.279373,47.446571
No,2012,1,0,0,0,6.99,813,10.43,2.12,14.78,6.08,31,708,skagit,-122.464404,48.453461
No,2012,12,93,34,6,6.98,722,10.63,2.13,14.88,6.39,43,725,skagit,-122.614762,48.506729
No,2012,1,0,0,0,6.99,785,10.46,2.1,14.83,6.1,33,714,skagit,-122.486949,48.433393
Yes,2012,1089,-70,-71,52,0.99,1694,6.56,-3.44,11.67,1.45,87,792,skamania,-121.54673,46.093627
No,2012,517,28,-95,55,2.76,495,10.89,-1.95,16.29,5.5,261,1446,walla_walla,-118.325145,46.341653
Yes,2012,130,-36,-93,52,6.65,1026,10.71,1.04,14.92,6.51,56,765,whatcom,-122.462575,48.799544
Yes,2012,129,99,6,23,7.05,895,10.65,1.77,14.52,6.8,50,681,whatcom,-122.614857,48.647586
No,2012,769,-31,94,9,1.68,514,8.58,-3.71,14.82,2.35,111,1307,whitman,-117.19825,47.167338
No,2012,762,-23,97,26,1.66,568,8.51,-3.55,14.59,2.43,123,1271,whitman,-117.166109,47.003579
No,2012,836,-14,-98,44,1.39,631,7.91,-3.75,13.67,2.15,118,1166,whitman,-117.148238,46.86328
No,2012,640,-70,70,33,2.1,511,9.34,-2.93,15.54,3.15,136,1359,whitman,-117.349567,46.858818
Yes,2012,1104,96,26,179,1.46,2733,5.71,-3.41,9.84,1.59,87,623,pierce,-121.740165,47.048554
Yes,2012,1548,99,-10,81,-0.37,1874,4.29,-4.86,8.65,-0.07,104,588,pierce,-121.555305,46.955376
Yes,2012,126,100,0,3,6.67,1229,10.98,1.64,15.8,6.17,47,935,pierce,-122.111032,47.207224
Yes,2012,621,86,49,90,4.47,1769,7.82,-0.75,12.07,3.57,61,654,pierce,-121.946422,47.07776
No,2012,2213,4,99,77,-4.88,2621,1.08,-7.73,5.38,-3.21,122,489,pierce,-121.726673,46.888918
Yes,2012,782,-13,99,11,2.37,1776,7.31,-1.11,11.7,2.93,94,790,pierce,-121.900314,46.91515
Yes,2012,621,-88,46,68,5,1629,8.68,-0.21,13.47,3.88,51,799,pierce,-122.115399,47.015893
No,2012,545,17,-98,6,1.66,307,9.28,-4.29,15.94,2.62,136,1482,adams,-118.237648,47.123323
No,2012,540,-96,27,18,1.84,365,9.48,-3.81,16.21,2.75,130,1494,adams,-118.053684,47.006199
No,2012,65,26,96,3,6.83,1264,10.96,1.59,15.72,6.2,43,866,snohomish,-121.943903,47.862689
No,2012,714,-31,-94,3,0.54,293,8.39,-6.53,14.27,2.52,191,1331,douglas,-119.3815,47.705544
No,2012,657,66,74,22,0.39,285,8.59,-6.53,14.59,2.59,206,1384,douglas,-119.574218,47.735468
No,2012,516,31,-94,11,1.49,263,9.35,-4.65,15.91,2.8,156,1502,lincoln,-118.81707,47.459163
Yes,2012,437,-99,12,76,5.58,1839,10,1.45,14.19,5.81,69,761,snohomish,-121.997941,48.167573
Yes,2012,216,-18,98,15,6.5,1185,10.4,1.03,15.37,5.43,19,954,pierce,-122.259707,47.056935
No,2012,584,39,-91,16,1.52,322,8.94,-4.54,15.47,2.41,134,1431,lincoln,-118.26563,47.277086
No,2012,749,0,-100,8,1.14,361,8.53,-5.19,14.32,2.76,172,1310,lincoln,-118.51233,47.797224
No,2012,707,26,-96,6,1.12,311,8.02,-5.75,14.59,1.48,106,1347,lincoln,-118.678144,47.748545
No,2012,698,70,-70,7,1.36,337,8.25,-5.34,14.52,1.97,117,1316,lincoln,-118.485128,47.639053
No,2012,561,12,99,28,1.58,298,9.14,-4.58,15.68,2.59,143,1457,lincoln,-118.438508,47.3079
No,2012,414,-85,52,31,2.99,311,11.04,-2.27,17.11,4.97,224,1575,walla_walla,-118.513974,46.453746
No,2012,300,24,97,10,2.95,297,11.08,-2.17,17.54,4.62,217,1660,walla_walla,-118.671535,46.31971
No,2012,738,99,-5,16,1.85,470,8.74,-3.83,14.96,2.51,116,1316,whitman,-117.368205,47.196524
No,2012,720,70,-70,25,2.18,467,8.97,-3.5,14.84,3.09,142,1276,whitman,-117.550416,47.149228
No,2012,594,22,-97,25,1.88,425,9.16,-3.83,15.61,2.71,132,1404,whitman,-117.718667,47.182415
No,2012,762,-99,-5,27,1.82,524,8.69,-3.47,14.73,2.65,128,1280,whitman,-117.360056,47.030693
No,2012,662,47,87,20,2.14,457,9.39,-3.09,15.61,3.17,147,1368,whitman,-117.525717,46.987581
No,2012,588,77,63,50,2.32,482,10.02,-2.54,16.4,3.66,150,1469,whitman,-117.510008,46.830498
Yes,2012,814,-81,-58,51,3.48,2106,6.69,-2.02,10.56,2.82,61,531,pierce,-121.900316,47.103396
No,2012,9,55,83,5,7.13,1058,11.55,2,16.45,6.66,39,945,pierce,-122.326211,47.207622
No,2012,9,-91,39,5,7.02,815,10.55,1.91,15.1,6.01,24,759,island,-122.463846,48.008389
No,2012,74,48,-87,4,6.94,617,10.19,2.29,14.36,6.01,37,644,island,-122.726449,48.28196
No,2012,549,-88,46,61,1.55,292,9.77,-4.21,15.92,3.61,208,1537,lincoln,-118.689818,47.906019
No,2012,367,0,-100,3,2.48,200,10.33,-3.56,16.5,4.16,195,1511,adams,-119.244413,46.738791
No,2012,293,73,-67,17,2.43,203,10.7,-3.74,17.25,4.15,197,1672,adams,-119.266056,46.897025
No,2012,567,-70,-70,6,1.67,354,9.18,-4.28,15.84,2.51,130,1463,adams,-118.083153,47.165837
Yes,2016,738,-91,-40,158,0.2,2316,7.07,-3.69,11.73,2.4,140,918,whatcom,-121.183459,48.752585
No,2016,356,39,-91,7,2.51,210,10.52,-3.74,16.63,4.41,213,1563,grant,-119.305389,46.93299
Yes,2016,1093,-84,-53,15,0.74,824,7.2,-4.85,12.68,1.72,143,1056,yakima,-120.939041,46.18926
No,2016,443,75,-65,76,3.39,366,10.5,-2.09,16.53,4.47,171,1440,klickitat,-120.856241,45.694327
Yes,2016,278,96,26,37,6,2300,9.98,1.33,15.22,4.73,30,877,pacific,-123.533389,46.726198
Yes,2016,160,-91,41,26,5.88,1278,10.03,0.09,14.55,5.51,48,784,whatcom,-122.32931,48.802832
No,2016,2,89,-44,3,7.14,1171,11.12,1.89,15.84,6.41,36,832,snohomish,-122.086492,47.872163
Yes,2016,873,95,-28,96,2.28,1942,7.58,-2.74,12.78,2.38,79,986,skamania,-121.751491,46.383012
Yes,2016,181,-70,70,3,5.69,3366,9.67,1.13,14.02,5.33,41,691,jefferson,-123.936318,47.849466
Yes,2016,40,49,86,14,6.94,2302,10.44,1.98,15.31,5.58,23,745,grays_harbor,-123.713433,46.876805
Yes,2016,47,95,28,38,5.96,2666,10.05,1.14,15.42,4.69,30,853,pacific,-123.591404,46.391874
Yes,2016,1517,99,14,73,-2.38,580,6.15,-5.88,10.95,1.35,241,1025,okanogan,-120.030681,48.012443
No,2016,644,-85,-52,24,0.67,288,8.77,-6.32,14.57,2.98,219,1396,douglas,-119.925552,47.507271
Yes,2016,304,-99,5,99,4.87,3530,9.82,-0.41,15.17,4.47,69,1026,cowlitz,-122.29832,46.073035
No,2016,621,92,-38,14,1.39,309,8.68,-4.9,15.11,2.27,136,1392,lincoln,-118.493482,47.438067
Yes,2016,63,-39,-91,11,6.45,1619,10.74,1.5,15.86,5.63,36,927,mason,-123.080652,47.229113
Yes,2016,193,-32,94,16,4.7,1998,9.9,-0.53,14.93,4.88,52,936,snohomish,-121.626735,48.259092
Yes,2016,938,-24,96,70,3.9,3034,7.79,-0.88,11.47,4.11,66,552,king,-121.714951,47.530556
No,2016,760,63,77,10,0.38,312,8.15,-6.56,14.27,2.02,173,1356,grant,-119.073846,47.771229
No,2016,798,-84,-53,10,1.53,626,8.09,-4.51,14.21,1.96,97,1254,spokane,-117.079106,47.505722
No,2016,811,54,-84,17,1.45,616,8.3,-3.6,14.31,2.29,128,1244,whitman,-117.041339,47.008924
Yes,2016,768,-13,-99,41,0.98,754,7.28,-6.5,14.12,0.44,63,1276,pend_oreille,-117.349432,48.193521
Yes,2016,710,-70,-70,4,1.39,698,7.57,-5.69,14.04,1.11,68,1256,pend_oreille,-117.140828,48.149304
No,2016,638,87,47,10,2.14,505,8.72,-4,14.78,2.67,110,1310,spokane,-117.096497,47.651412
No,2016,812,-19,98,14,1.58,550,8.38,-3.85,14.62,2.14,107,1288,whitman,-117.055435,47.170299
No,2016,860,-37,92,16,1.63,615,8.43,-3.48,14.27,2.59,129,1224,whitman,-117.187362,46.865586
Yes,2016,814,-63,-77,52,0.68,677,6.76,-6.61,12.83,0.69,100,1146,stevens,-117.578696,48.933722
Yes,2016,964,-99,-13,22,0.31,651,6.38,-6.69,11.95,0.82,146,1056,stevens,-117.768237,48.816249
No,2016,664,80,-59,6,1.52,603,7.88,-5.71,14.56,1.19,63,1304,spokane,-117.485287,47.996904
Yes,2016,793,51,85,55,0.83,788,7.07,-6.59,13.66,0.49,71,1226,pend_oreille,-117.481255,48.144502
Yes,2016,626,81,58,8,1.26,550,7.96,-5.98,14.94,0.98,63,1373,stevens,-117.70125,48.160736
Yes,2016,1458,10,99,84,-0.35,1147,4.8,-7.94,10.37,-0.76,93,880,pend_oreille,-117.211709,48.812679
Yes,2016,897,67,-73,25,0.26,813,6.5,-6.71,12.82,0.18,83,1153,pend_oreille,-117.427366,48.829792
Yes,2016,1188,92,37,134,0.47,993,8.28,-3.63,13.18,3.4,263,1072,columbia,-117.837773,46.186342
Yes,2016,666,-95,30,16,1.37,458,8.35,-4.52,14.93,1.77,92,1347,spokane,-117.578885,47.353118
Yes,2016,670,-52,-84,26,1.19,470,8.97,-5.02,14.86,3.07,195,1398,ferry,-118.289819,48.103896
Yes,2016,1122,-99,2,31,-0.21,963,5,-8.19,11.51,-1.51,50,994,pend_oreille,-117.198841,48.635439
No,2016,360,99,10,148,3.08,464,11.97,-0.95,18.19,5.77,247,1750,asotin,-116.963636,46.196276
Yes,2016,1081,-98,17,47,-0.2,1037,5.79,-7.03,11.25,0.32,159,976,pend_oreille,-117.207068,48.487703
Yes,2016,846,-93,-36,33,1.55,863,7.84,-5.1,13.27,2.41,128,1193,spokane,-117.143231,47.99283
Yes,2016,1144,67,-74,78,0.12,422,8.32,-3.64,13.34,3.3,284,1105,asotin,-117.310071,46.183164
No,2016,549,70,-70,3,1.69,345,9.26,-4.17,15.97,2.54,129,1478,adams,-118.102412,47.125268
Yes,2016,861,46,-88,34,4.2,2789,7.87,-1.12,12.2,3.54,58,708,cowlitz,-122.482538,46.189625
Yes,2016,148,-99,8,85,8.03,1143,11.04,2.51,14.42,7.67,50,609,whatcom,-122.486252,48.680217
Yes,2016,646,72,68,18,2.42,1105,7.32,-3.22,12.75,1.9,62,989,pierce,-121.58642,47.075755
Yes,2016,228,-33,-94,81,6.04,1634,10.35,1.22,14.98,5.73,57,888,king,-121.862508,47.572174
No,2016,587,19,98,88,1.73,300,9.9,-4.65,15.28,4.53,270,1417,kittitas,-120.082034,47.218134
Yes,2016,1386,-99,7,120,-2.88,718,5.32,-7.23,10.55,0.09,193,1023,okanogan,-120.235374,48.176809
Yes,2016,217,-96,-24,44,7.48,764,10.83,0.08,14.83,6.84,43,659,skagit,-122.617198,48.463697
Yes,2016,1042,-97,21,89,0.32,629,7.44,-5.75,11.95,2.94,257,1071,stevens,-118.093506,48.490744
No,2016,705,12,-99,22,0.76,269,8.91,-5.48,14.3,3.53,241,1316,grant,-119.89673,47.350448
No,2016,469,94,-32,14,1.97,295,10.2,-4.5,15.66,4.75,272,1463,douglas,-120.022135,47.25789
No,2016,327,-43,90,31,2.64,214,11.22,-2.86,17.46,4.99,264,1707,benton,-119.773416,46.543128
No,2016,2264,99,0,137,-5.59,896,0.28,-10.36,5.12,-4.55,73,554,okanogan,-120.186786,48.970271
Yes,2016,771,41,90,153,3.47,1536,8.07,0.04,12.08,4.08,102,664,jefferson,-123.032794,47.822369
Yes,2016,1770,41,-90,151,-2.3,1856,3.07,-6.3,7.63,-1.5,130,571,yakima,-121.416707,46.959636
No,2016,408,99,2,47,2.06,391,10.45,-3,16.69,4.21,207,1612,lincoln,-118.211706,47.933878
Yes,2016,84,-70,70,26,6.7,1974,10.7,1.44,16.12,5.27,21,906,grays_harbor,-123.381285,46.934841
No,2016,241,15,98,6,2.39,197,10.87,-3.03,17.82,3.93,180,1682,yakima,-119.906079,46.248038
Yes,2016,73,31,94,6,6.41,1804,10.7,1.48,15.8,5.6,38,921,mason,-123.080384,47.279279
No,2016,696,74,67,28,0.75,263,8.32,-5.32,14.88,1.77,149,1345,kittitas,-120.350366,46.871189
Yes,2016,737,29,95,62,3.03,3491,8.38,-0.14,12.34,4.43,74,664,skagit,-121.878448,48.362033
No,2016,699,54,84,39,1.94,514,9.2,-3.01,15.26,3.15,146,1332,whitman,-117.371916,46.833529
No,2016,1063,-35,93,78,-0.5,511,7.73,-6.15,12.7,2.77,257,1196,okanogan,-120.041723,48.184736
Yes,2016,829,70,70,74,1.63,996,9.63,-3,15.31,3.95,233,1357,walla_walla,-118.153514,46.022102
Yes,2017,1841,-84,53,110,-3.56,740,3.56,-7.94,8.25,-1.12,159,736,okanogan,-120.132124,48.826504
No,2016,477,-89,-44,1,2,494,8.81,-5.05,15.35,2.27,89,1399,stevens,-117.946688,48.585205
Yes,2016,628,78,-62,15,1.63,679,8.16,-5.32,14.78,1.54,73,1329,spokane,-117.315489,48.022972
No,2016,605,0,-100,5,2.27,487,9.23,-3.74,15.3,3.17,132,1363,spokane,-117.279478,47.703631
Yes,2016,1117,-92,-36,62,1.57,3443,5.64,-3.24,9.55,1.73,81,555,king,-121.511668,47.417901
No,2016,937,-81,-58,53,1.22,650,8.2,-4.58,13.46,2.93,183,1160,kittitas,-120.574426,47.153104
No,2016,305,-90,-42,5,3.32,408,11.66,-1.75,17.77,5.56,245,1619,walla_walla,-118.349072,46.295923
Yes,2016,1211,-14,-98,186,-3.02,1907,3.76,-7.42,8.7,-1.18,112,759,chelan,-120.955455,48.455912
No,2016,177,96,26,12,6.82,1188,10.79,2.21,14.77,6.81,65,764,snohomish,-122.119924,47.835795
No,2016,81,0,0,0,3.5,205,11.99,-1.87,18.76,5.23,171,1791,benton,-119.684216,45.89265
No,2016,1997,-52,85,255,-4.3,5110,1.36,-5.71,5.88,-3.16,106,570,skamania,-122.183754,46.19428
No,2016,858,28,-95,48,1.1,375,8.45,-4.6,14.05,2.86,216,1248,yakima,-120.810375,46.632656
Yes,2016,738,-12,-99,55,0.45,525,6.94,-5.92,13.34,0.53,103,1189,yakima,-121.029916,46.673546
Yes,2016,1129,81,-57,33,1.07,637,6.86,-4.23,11.74,1.98,137,1027,yakima,-121.031696,46.823724
Yes,2016,1000,-45,-88,94,0.04,567,7.25,-5.62,12.21,2.29,207,1082,chelan,-120.422178,47.356927
Yes,2016,1075,12,-99,33,0.07,714,5.63,-7.53,11.66,-0.4,103,1017,stevens,-117.601902,48.77582
No,2016,90,-78,-62,20,5.04,261,12.5,-0.34,18.31,6.69,220,1575,klickitat,-120.516607,45.71794
Yes,2016,646,-45,-89,16,2.14,465,9.22,-3.36,15.46,2.97,168,1294,klickitat,-120.723786,45.839811
No,2016,422,-47,88,5,3.05,367,11.05,-2.23,17.11,4.99,222,1559,walla_walla,-118.374904,46.456053
No,2016,320,33,94,12,3.35,244,11.31,-2.08,17.3,5.32,213,1597,benton,-119.02369,46.099333
No,2016,242,-55,-83,8,3.38,234,11.56,-1.79,17.77,5.34,216,1634,benton,-119.178811,45.964045
Yes,2016,1521,-94,-32,173,-3.49,1796,3.78,-7.01,8.74,-1.17,137,767,skagit,-121.005766,48.602997
Yes,2016,972,-33,-94,108,-1.77,1435,6.05,-5.56,11.44,0.65,158,1023,chelan,-120.803745,48.461548
Yes,2016,434,-87,-47,42,4.14,1765,8.75,-1.14,13.98,3.52,43,958,king,-121.649442,47.233273
Yes,2016,1437,-87,48,57,-2.49,625,4.92,-8.13,9.65,0.2,207,895,okanogan,-119.194815,48.742969
No,2016,613,-8,-99,82,0.23,338,8.73,-6.06,14.92,2.54,214,1444,okanogan,-119.392381,48.685883
No,2016,497,-87,-47,9,2.73,216,10.58,-3.13,16.21,4.94,250,1442,yakima,-119.941069,46.418657
Yes,2016,1090,-94,32,84,4.22,2391,7.8,-1.23,12.15,3.46,56,692,lewis,-122.229357,46.689318
Yes,2016,1392,73,-67,41,-1.03,660,5.31,-6.19,10,0.62,191,834,kittitas,-120.235336,47.181253
Yes,2016,641,9,99,64,1.27,632,9.08,-5.52,14.84,3.32,189,1384,chelan,-120.667751,47.627693
No,2016,491,94,33,13,2.2,300,9.94,-3.73,16.55,3.34,152,1555,adams,-118.406581,46.785849
No,2016,519,0,0,9,1.94,298,9.57,-3.97,16.21,2.94,140,1506,adams,-118.263613,46.991412
No,2016,146,24,97,4,3.38,218,11.92,-2,18.42,5.42,223,1793,franklin,-119.038904,46.260036
Yes,2016,1981,-32,94,50,-4.4,729,1.79,-8.68,5.48,-1.9,149,517,okanogan,-119.792538,48.983632
Yes,2016,45,-98,-19,2,7.19,3058,10.57,2.28,15.24,5.9,21,720,grays_harbor,-123.957373,47.428776
Yes,2016,906,-16,-98,56,3.55,2280,7.68,-1.28,11.94,3.43,81,715,lewis,-122.058664,46.586024
Yes,2016,2100,1,99,172,-4.03,1577,1.18,-8.64,5.54,-3.18,83,545,okanogan,-120.581539,48.485328
Yes,2016,1791,-89,-44,115,-3.82,1012,3.1,-7.28,7.44,-1.25,146,676,okanogan,-120.439272,48.484329
No,2016,577,20,-97,140,1.96,415,11.01,-2.04,17.29,4.75,248,1720,asotin,-116.945061,46.033182
No,2016,685,37,-92,7,0.59,280,8.52,-6.42,14.45,2.59,193,1367,douglas,-119.57337,47.53382
Yes,2016,1220,36,93,9,0.03,1782,6.08,-4.46,10.66,1.51,163,789,yakima,-121.436613,46.084559
No,2016,183,-52,-85,51,6.23,1531,10.6,1.15,15.75,5.45,51,954,cowlitz,-122.819546,46.002063
No,2016,460,15,98,5,2.08,383,10.13,-3.05,17.03,3.22,131,1586,whitman,-117.900507,46.846098
No,2016,473,99,0,88,1.58,244,9.62,-4.84,16.42,2.82,191,1526,yakima,-120.672175,46.688074
No,2016,531,99,-9,4,1.94,278,8.84,-5.34,15.2,2.47,136,1317,kittitas,-120.617068,46.971946
Yes,2016,1631,40,91,11,-2.66,2089,2.97,-6.8,7.96,-2.01,94,694,yakima,-121.472004,46.284464
Yes,2016,1113,79,-61,52,0.89,1019,6.8,-4.35,11.79,1.82,144,900,yakima,-121.259643,46.161392
Yes,2016,79,70,70,4,6.7,1399,11.06,1.45,16.71,5.41,24,1036,lewis,-123.091602,46.552698
No,2016,746,22,-97,45,0.56,308,8.5,-4.92,14.72,2.27,187,1337,yakima,-120.521,46.817129
No,2016,602,36,-93,16,1.45,297,8.82,-4.75,15.32,2.32,134,1415,lincoln,-118.481444,47.271405
No,2016,649,-97,22,23,2.14,477,9.56,-2.86,15.78,3.34,143,1393,whitman,-117.545856,46.864732
No,2016,747,74,66,21,1.86,518,8.83,-3.39,14.86,2.8,135,1292,whitman,-117.388365,47.000482
No,2016,129,-99,11,5,6.46,1363,10.9,1.14,16.55,5.27,27,1049,lewis,-122.909943,46.467393
No,2016,61,-95,29,9,6.62,1697,10.74,1.49,16,5.47,29,947,thurston,-123.030341,46.940148
No,2016,4,-44,89,3,7.03,1030,12.09,2.12,17.23,6.94,80,1110,clark,-122.755953,45.678606
Yes,2016,402,62,78,45,5.69,2008,9.61,1.03,14.21,5.02,57,780,cowlitz,-123.032892,46.290627
No,2016,351,-69,71,44,2.85,297,10.99,-2.28,17.24,4.74,225,1630,walla_walla,-118.643239,46.358419
Yes,2016,1467,-6,99,131,-0.99,1923,4.74,-5.57,9.49,-0.01,134,794,yakima,-121.23394,46.773377
No,2016,304,-90,41,45,1.1,283,10.07,-5.32,16.49,3.65,229,1684,okanogan,-119.661175,48.175482
Yes,2016,477,83,-54,65,5.24,2127,9.52,0.35,14.67,4.38,60,932,lewis,-122.582745,46.659125
No,2016,595,89,-45,17,1.57,317,9.01,-4.4,15.51,2.5,139,1433,lincoln,-118.300552,47.319039
No,2016,476,11,99,3,2.98,428,9.97,-2.32,16.23,3.71,147,1396,klickitat,-121.033651,45.805009
No,2016,1147,51,-85,29,0.04,481,8.05,-4.07,13.38,2.73,231,1148,asotin,-117.135372,46.085605
No,2016,745,-80,58,17,1.91,476,8.72,-3.74,14.8,2.66,124,1291,whitman,-117.405536,47.155222
No,2016,463,43,90,75,2.09,412,9.66,-3.09,16.21,3.11,139,1465,whitman,-117.728756,46.979121
No,2016,607,-95,30,21,1.62,420,8.78,-4.42,15.31,2.25,112,1390,spokane,-117.787459,47.294858
Yes,2016,65,-88,-46,37,6.87,1254,11.27,1.8,16.4,6.12,50,983,cowlitz,-122.89644,46.293077
Yes,2016,86,-48,87,38,6.68,1231,10.99,1.5,16.43,5.55,31,993,thurston,-122.939259,46.777841
No,2016,421,3,-99,28,2.92,287,11.08,-2.34,17.12,5.05,231,1588,walla_walla,-118.554885,46.492657
Yes,2016,1326,95,-29,269,-0.09,1642,4.69,-5.71,9.03,0.33,107,661,kittitas,-121.140604,47.463512
No,2016,690,93,-36,12,0.82,310,8.35,-5.84,14.43,2.28,165,1338,lincoln,-118.824547,47.822302
Yes,2016,158,67,-74,12,6.46,1397,10.74,1.55,15.32,6.17,57,895,king,-121.93354,47.719872
No,2016,19,0,0,0,7.13,1138,11.54,2.25,16.1,6.98,60,923,king,-122.077663,47.66853
Yes,2016,229,-35,-93,171,6.95,1545,10.93,2.61,14.38,7.48,85,698,snohomish,-122.020185,48.217079
No,2016,105,52,-85,12,6.44,1252,10.88,1.78,15.57,6.19,61,884,kitsap,-122.592464,47.526632
Yes,2016,113,90,-43,8,6.65,1237,11.01,1.91,15.66,6.35,63,882,pierce,-122.571307,47.344623
No,2016,351,-62,-77,34,2.72,276,10.91,-2.85,17.38,4.45,200,1630,franklin,-118.573714,46.653752
Yes,2016,1044,20,97,127,1.73,1852,7.3,-2.5,12.36,2.24,95,961,lewis,-121.687429,46.433494
Yes,2016,751,-95,30,71,0.89,473,8.49,-5.21,14.06,2.93,205,1296,ferry,-118.395186,48.136761
No,2016,482,-15,-98,17,3.05,477,10.15,-2.17,16.02,4.28,184,1362,klickitat,-121.036956,45.724094
Yes,2017,304,-13,-99,47,5.72,1227,9.53,-0.45,13.93,5.12,45,723,whatcom,-122.391437,48.79508
No,2016,17,70,-70,1,6.69,1180,10.64,1.64,15.34,5.94,37,800,skagit,-122.24193,48.500972
No,2016,393,98,19,2,1.73,190,10.23,-4.67,16.43,4.03,242,1563,grant,-119.870831,47.188645
No,2016,639,-46,-88,29,1.7,398,8.91,-4.25,15.28,2.54,131,1385,whitman,-117.93507,47.174908
No,2016,708,70,-70,4,1.54,441,8.26,-4.94,14.51,2,104,1297,spokane,-117.770919,47.456476
Yes,2016,146,-93,-36,12,6.33,2075,10.62,1.27,15.83,5.42,36,940,mason,-123.227739,47.134828
Yes,2016,204,75,-65,49,5.65,2356,10.02,0.31,15.71,4.34,29,978,wahkiakum,-123.247641,46.34474
Yes,2016,338,-63,77,35,4.2,2720,9.63,-1.44,15.44,3.83,70,1128,skamania,-121.910328,45.785533
No,2016,490,55,-83,2,2.02,359,9.75,-3.65,16.4,3.08,137,1513,adams,-118.086201,46.962803
Yes,2016,941,-96,-27,57,0.37,621,6.14,-6.87,11.85,0.44,109,1044,stevens,-117.686295,48.849405
Yes,2016,683,-57,-81,72,1.34,577,7.43,-6.25,13.73,1.12,86,1198,stevens,-117.657167,48.833257
No,2016,292,-51,85,7,1.49,314,10.32,-4.96,16.68,3.97,237,1668,okanogan,-119.508119,48.414435
Yes,2016,632,-69,-71,63,3.68,2884,8.5,-1.65,13.41,3.6,94,928,skamania,-122.116662,45.900687
Yes,2016,622,43,90,10,1.87,662,7.88,-5.81,14.26,1.49,66,1246,pend_oreille,-117.389896,48.666835
No,2016,461,-97,-23,16,1.93,385,9.78,-3.95,16.28,3.28,161,1557,stevens,-118.224223,48.095981
No,2016,285,87,-48,34,2.97,303,11.21,-2.34,17.71,4.7,198,1679,franklin,-118.225493,46.672918
Yes,2016,842,99,-9,64,1.22,1050,6.86,-4.88,12.26,1.46,94,1019,kittitas,-120.94824,47.278495
Yes,2016,1078,74,66,53,1.08,954,6.89,-4.92,12.74,1.04,72,1224,kittitas,-121.073629,46.975247
Yes,2016,406,74,66,39,5.93,3982,9.52,1.18,13.93,5.12,45,652,pacific,-123.779113,46.424471
Yes,2016,253,-100,0,37,6.11,1619,10.29,1.17,15.38,5.21,45,924,cowlitz,-123.018408,46.339867
Yes,2016,516,-65,-75,83,4.7,2633,9.12,-0.51,14.07,4.17,73,853,grays_harbor,-123.17007,46.980539
No,2016,667,6,99,18,1.37,324,8.3,-5.04,14.66,1.95,119,1328,lincoln,-118.322671,47.48221
No,2016,364,-64,76,26,2.96,273,11.02,-2.44,17.32,4.73,222,1637,franklin,-118.716898,46.445079
No,2016,850,81,-57,13,1.66,427,9.7,-2.67,14.95,4.45,259,1285,garfield,-117.401236,46.421156
Yes,2016,928,-66,-74,21,0.12,502,7.81,-4.75,13.93,1.69,201,1246,klickitat,-120.459404,45.949725
No,2016,525,41,-91,8,2.65,479,9.79,-2.49,15.69,3.89,183,1338,klickitat,-121.014635,45.738208
No,2016,38,-70,70,3,7.07,2865,10.25,2.22,14.76,5.74,22,666,grays_harbor,-123.949364,47.231591
Yes,2016,982,0,99,67,1.94,610,9.92,-1.91,14.75,5.1,270,1262,columbia,-117.689996,46.33013
Yes,2016,637,96,27,53,3.04,1679,8.66,-2.4,13.3,4.01,146,938,skamania,-121.688965,45.751344
Yes,2016,536,-94,-31,64,2.63,1919,8.56,-2.07,14.35,2.76,82,1129,lewis,-121.825011,46.390685
No,2016,206,-89,44,1,2.74,205,11.5,-3.02,18,5.01,252,1789,grant,-119.456991,46.727857
No,2016,464,-5,-99,7,1.71,282,9.76,-4.44,16.57,2.96,191,1534,yakima,-120.80989,46.47065
Yes,2016,502,19,98,24,1.95,278,10.17,-4.01,17.09,3.25,186,1595,yakima,-120.7889,46.305042
Yes,2016,103,-75,65,58,6.36,2233,10.07,1.33,15.21,4.93,22,786,pacific,-123.630128,46.56668
No,2016,257,-94,31,1,2.49,198,11.46,-3.32,17.89,5.03,298,1784,grant,-119.804926,46.704001
Yes,2016,148,-83,55,51,5.73,1841,10.56,0.29,16.17,4.94,46,1067,cowlitz,-122.635728,46.045444
Yes,2016,1333,-51,85,123,1.73,2609,4.93,-3.19,8.67,1.19,70,418,pierce,-121.808113,47.078087
No,2016,750,99,8,15,1.71,506,8.56,-3.78,14.75,2.38,111,1297,whitman,-117.229678,47.199412
No,2016,190,-11,-99,17,3.37,256,11.71,-1.88,18.14,5.29,219,1718,walla_walla,-118.85513,46.147233
Yes,2016,1350,59,-80,54,-0.82,843,5.33,-5.77,10.3,0.36,166,878,kittitas,-120.392575,47.195084
Yes,2016,94,28,95,17,6.5,1360,10.79,1.23,16.26,5.33,29,982,thurston,-123.086224,46.787203
No,2016,581,62,-78,24,2.74,511,10.89,-1.84,16.11,5.68,273,1398,columbia,-118.212781,46.360983
No,2016,411,-37,-92,7,1.32,222,10.14,-4.63,16.67,3.61,227,1636,grant,-119.385055,47.428488
Yes,2016,925,90,-42,100,0.48,614,7.2,-6.34,12.82,1.59,152,1193,stevens,-118.176854,48.952852
Yes,2016,1370,78,62,44,-2.6,484,4.49,-9.57,10.22,-1.24,157,995,okanogan,-119.019981,48.682612
Yes,2016,1104,89,44,67,-1.22,581,6.85,-7.08,12.36,1.35,198,1182,okanogan,-120.230491,48.325854
Yes,2016,1712,73,-67,175,-3.25,1272,4.21,-8.02,9.09,-0.67,158,867,okanogan,-120.387392,48.286868
Yes,2016,210,96,-27,30,6.77,788,10.66,2.4,14.23,7.1,73,686,jefferson,-122.866719,47.963183
Yes,2016,26,0,-100,2,7.31,2458,10.42,2.53,14.74,6.11,27,655,grays_harbor,-124.093904,47.171227
No,2016,817,99,-2,72,0.94,423,9.52,-2.89,14.82,4.22,288,1294,asotin,-117.339936,46.329585
No,2016,471,-22,97,5,1.51,243,9.74,-4.67,16.37,3.09,175,1581,grant,-119.022247,47.443727
No,2016,446,29,-95,10,1.48,240,9.82,-4.81,16.39,3.25,192,1588,grant,-119.195906,47.390797
No,2016,30,-70,-70,2,6.62,1262,10.46,0.56,15.29,5.63,34,827,whatcom,-122.349996,48.970531
Yes,2016,123,-70,-70,2,6.49,2698,10.39,1.63,15.59,5.2,23,859,mason,-123.452319,47.229393
No,2016,675,99,-2,25,1.93,452,9.07,-3.69,15.44,2.7,130,1369,whitman,-117.563014,47.197744
No,2016,338,-56,82,9,2.23,218,10.28,-3.91,16.78,3.78,187,1572,adams,-119.130897,46.909351
Yes,2016,1196,99,-3,135,-2.13,1682,4.92,-6.33,9.92,-0.09,131,858,chelan,-120.873805,48.408412
No,2016,442,-17,98,18,2.58,364,11.08,-2.59,17.22,4.95,242,1620,columbia,-118.207813,46.508424
Yes,2016,534,98,-19,6,1.55,360,9.62,-4.27,15.86,3.39,190,1523,ferry,-118.385206,47.965415
No,2016,1886,37,-92,117,-2.64,1757,3.12,-7.14,7.95,-1.71,141,665,kittitas,-120.966474,47.436664
Yes,2016,1026,-44,-89,11,0.79,2391,6.32,-3.16,11.21,1.43,105,793,skamania,-121.619775,46.136293
Yes,2016,854,-18,-98,102,-0.64,420,6.02,-8.96,12.19,-0.15,124,1128,okanogan,-118.888027,48.937684
Yes,2016,817,-88,46,55,0.98,490,8.5,-5.21,14.15,2.86,196,1295,ferry,-118.285307,48.247396
Yes,2016,1045,43,90,19,-1.14,491,5.87,-8.93,12.19,-0.46,126,1165,ferry,-118.826499,48.60141
Yes,2016,688,-48,-87,38,-0.92,653,6.78,-8.19,13.06,0.49,118,1219,okanogan,-120.467415,48.631582
Yes,2016,1306,96,26,89,-2.5,1023,4.1,-7.18,9.41,-1.2,93,835,skagit,-120.818287,48.592662
Yes,2016,790,-99,-7,96,-1.15,1173,6.73,-6.42,12.94,0.52,130,1220,chelan,-120.76598,47.948891
Yes,2016,828,52,85,75,-0.16,710,7.61,-5.82,13.77,1.44,140,1273,chelan,-120.69263,47.797645
Yes,2016,1517,-24,97,73,-0.08,1613,4.99,-5.21,9.78,0.2,98,770,yakima,-121.388284,46.773603
Yes,2016,47,48,87,19,6.38,1046,10.49,0.66,15.25,5.73,42,838,whatcom,-122.320638,48.84877
No,2016,822,35,93,14,1.61,629,8.23,-4.21,14.26,2.21,104,1253,spokane,-117.077206,47.329008
Yes,2016,1077,87,-47,56,-0.85,523,7.18,-6.59,12.42,1.94,230,1176,ferry,-118.793736,48.115518
Yes,2016,179,93,34,15,7.07,2857,10.05,1.96,14.37,5.73,22,628,grays_harbor,-124.171348,47.321608
Yes,2017,2238,-41,90,155,-3.56,2364,2.27,-7.48,6.58,-2.04,114,575,chelan,-120.766553,48.097561
No,2016,572,-98,-17,38,1.24,326,9.76,-4.8,15.14,4.38,269,1425,douglas,-120.273548,47.491206
No,2016,600,-43,-90,26,2.11,313,9.89,-3.24,15.78,4,224,1399,klickitat,-120.048162,46.038258
No,2016,652,-99,12,12,2.15,464,10.28,-2.27,15.82,4.75,239,1393,garfield,-117.520627,46.541135
No,2016,942,62,-77,81,1.24,530,9.27,-2.78,14.31,4.23,271,1215,garfield,-117.494604,46.37386
No,2016,68,-98,15,44,7.03,1073,11.46,2.36,15.96,6.97,71,881,king,-122.367308,47.330361
Yes,2016,711,99,11,77,4.51,2007,8.2,-1.23,13.07,3.32,30,828,lewis,-122.078292,46.739577
No,2016,672,66,-74,9,1.23,306,8.3,-5.46,14.77,1.83,116,1368,lincoln,-118.695523,47.622998
Yes,2017,85,98,18,56,6.93,2387,10.14,2.21,14.6,5.67,26,669,pacific,-123.943353,46.395712
Yes,2016,936,25,-96,99,0.79,547,8.09,-5.46,13.52,2.66,202,1207,stevens,-118.095556,48.294715
Yes,2016,793,97,20,39,1.12,579,7.81,-5.89,13.9,1.72,119,1258,stevens,-117.865329,48.094195
Yes,2016,734,-93,35,35,1.36,556,8.5,-5.04,14.51,2.49,144,1321,stevens,-117.874272,47.950621
No,2016,424,70,70,4,1.79,265,9.99,-4.38,16.75,3.23,200,1573,yakima,-120.65613,46.529224
Yes,2016,673,-12,99,110,3.95,2571,7.29,-1.48,11.36,3.22,62,602,king,-121.820804,47.25783
Yes,2016,636,-99,-8,141,4.85,2519,9.03,0.25,13.07,5.01,63,716,king,-121.70467,47.717931
Yes,2017,105,70,70,1,6.63,1187,10.76,1.26,15.84,5.7,36,934,pierce,-122.532312,47.054215
Yes,2016,690,-33,94,102,4.19,1881,7.61,-0.96,11.87,3.36,63,648,pierce,-121.962584,47.058182
Yes,2016,1304,-95,31,244,0.47,2163,5.63,-3.47,9.93,1.34,109,675,pierce,-121.871507,46.896665
Yes,2016,1575,-2,-99,90,-1.03,2385,4.07,-4.5,8.27,-0.12,112,568,pierce,-121.895696,46.868869
Yes,2016,49,-98,19,4,7.14,2653,10.08,3.82,13.12,7.05,41,503,clallam,-124.684893,48.079132
Yes,2016,111,-28,95,6,6.76,3028,9.92,1.5,14.42,5.43,23,653,grays_harbor,-123.964261,47.283037
No,2016,570,99,-9,6,1.69,300,9.16,-4.44,15.77,2.54,131,1456,adams,-118.451515,47.105956
Yes,2016,1260,-15,-98,190,-1.25,2069,5,-5.65,9.33,0.66,128,755,whatcom,-121.27144,48.902084
Yes,2016,614,42,-90,97,5.97,3686,9.7,1.92,13.73,5.67,83,654,jefferson,-124.101716,47.718638
No,2016,222,97,20,30,5.55,1870,10.82,0.35,16.54,5.1,62,1157,clark,-122.409296,45.84996
Yes,2016,863,-28,-95,56,0.78,557,7.39,-6.4,13.38,1.4,128,1196,ferry,-118.410788,48.297313
Yes,2016,818,64,-76,24,0.6,394,8.32,-5.42,13.92,2.74,202,1287,ferry,-118.567765,48.057518
No,2016,527,-99,-10,33,2.89,552,10.78,-1.97,16.47,5.09,243,1453,walla_walla,-118.16913,46.184882
No,2016,490,-85,51,32,2.25,328,10.06,-3.44,16.57,3.55,165,1542,adams,-118.245395,46.826375
Yes,2016,2056,-34,-93,61,-4.78,820,1.59,-10.06,6.6,-3.43,96,656,okanogan,-119.949375,48.69889
No,2016,315,-85,-51,2,2.37,214,10.44,-3.49,16.89,3.99,190,1562,adams,-119.109241,46.749874
Yes,2016,72,-10,99,14,6.17,1468,10.76,1.56,15.62,5.9,59,927,kitsap,-122.761316,47.446773
Yes,2016,53,63,-76,38,6.99,3309,10.64,2.05,15.48,5.79,21,773,grays_harbor,-123.91575,47.450163
Yes,2016,60,-70,-70,2,7.15,2778,10.28,2.19,14.73,5.84,22,657,grays_harbor,-124.020777,47.379756
Yes,2016,860,71,-70,65,0.52,796,7.03,-6.63,13.73,0.34,98,1203,pend_oreille,-117.364443,48.495621
Yes,2016,294,-99,11,32,6.59,3820,10.27,0.87,14.63,5.92,47,713,grays_harbor,-123.601248,47.281709
Yes,2016,162,-91,-39,57,6.49,3208,9.67,1.13,13.93,5.42,32,626,grays_harbor,-123.748295,47.229616
No,2016,457,-31,-94,2,2.22,232,9.18,-5.35,15.76,2.61,127,1359,kittitas,-120.54342,46.98278
No,2016,406,-94,31,2,1.74,222,10.02,-4.48,16.52,3.52,198,1584,grant,-119.169159,47.237265
Yes,2016,1039,29,-95,11,1.36,2637,6.56,-3.57,11.22,1.89,119,805,skamania,-121.765719,45.895904
Yes,2016,1114,27,-96,35,-0.48,458,7.32,-5,12.92,1.73,242,1154,klickitat,-120.39202,46.017385
Yes,2016,644,-43,-89,38,2.91,3678,8.52,-0.12,12.49,4.56,81,673,snohomish,-121.819244,48.188973
No,2016,509,82,-57,20,1.26,252,9.59,-5,15.95,3.22,199,1542,grant,-119.214503,47.557955
Yes,2016,122,64,76,25,6.66,2832,10.23,2.19,14.81,5.67,23,741,clallam,-124.503948,48.001733
Yes,2016,108,-39,-91,61,6.62,2449,10.28,1.37,15.08,5.49,31,758,grays_harbor,-123.588243,47.08616
Yes,2016,611,-99,13,64,4.58,1231,9.11,0.25,13.63,4.6,83,770,clallam,-123.036023,47.969024
No,2016,202,-52,-85,11,5.81,1707,10.43,0.47,15.83,5.05,48,1009,clark,-122.630723,45.888659
No,2016,530,-98,-17,35,2.31,457,10.78,-1.72,16.61,4.94,227,1534,whitman,-117.540741,46.700822
No,2016,372,-46,-88,13,2.11,228,10.05,-4,16.55,3.56,180,1536,adams,-118.954313,46.963548
No,2016,29,94,31,1,6.73,1465,10.89,1.66,16.25,5.54,28,953,grays_harbor,-123.168638,46.826131
Yes,2016,178,-52,84,63,6.36,2424,9.95,0.81,15.05,4.86,20,765,grays_harbor,-123.524113,46.937058
Yes,2016,81,-95,-30,37,6.17,2146,9.86,1.17,14.85,4.87,26,746,pacific,-123.677004,46.724251
No,2016,689,87,48,15,0.31,286,8.5,-6.39,14.66,2.34,191,1401,douglas,-119.264102,47.875638
Yes,2016,846,-56,82,82,0.43,786,7.59,-5.1,12.63,2.55,190,1112,chelan,-120.639551,47.454415
Yes,2016,1238,-82,-56,30,-0.06,927,6.17,-5.08,11.52,0.81,142,940,klickitat,-120.908604,46.024026
Yes,2016,994,-22,-97,128,-0.32,2858,6.19,-3.68,10.65,1.73,134,769,snohomish,-121.344223,48.281698
No,2016,385,79,-61,20,2.76,292,11.04,-2.63,17.55,4.54,207,1669,franklin,-118.395405,46.620786
Yes,2016,98,-18,98,14,6.45,1295,10.74,1.27,15.98,5.51,36,964,thurston,-122.653489,46.980892
No,2016,64,-54,-83,11,6.96,987,11.22,2.11,15.71,6.73,58,859,king,-122.302262,47.722241
No,2016,116,99,8,38,6.59,1335,10.95,1.26,16.7,5.21,22,1036,lewis,-123.13273,46.647015
Yes,2016,67,0,100,2,6.88,1243,11.13,1.56,16.68,5.58,23,1019,lewis,-122.935851,46.633971
Yes,2016,686,-27,96,123,3.6,1157,7.78,-0.53,12.05,3.51,91,688,clallam,-123.228358,47.920274
Yes,2016,55,9,99,6,6.72,2061,10.43,1.65,15.58,5.27,21,810,pacific,-123.526749,46.790221
Yes,2016,217,27,96,104,6.28,1604,10.62,0.87,16.1,5.15,30,1002,lewis,-123.312932,46.756896
Yes,2016,174,42,-90,30,6.1,1516,10.51,0.39,16.12,4.89,29,1011,lewis,-123.312838,46.591032
Yes,2016,275,94,32,24,6.02,1744,10.08,0.72,15.12,5.05,42,890,cowlitz,-122.831947,46.146103
Yes,2016,137,68,72,40,6.28,1446,10.69,1.03,16.37,5.01,25,1030,lewis,-123.091727,46.488163
Yes,2016,1005,-65,-75,103,-0.07,453,7.71,-6.46,13.31,2.1,206,1245,ferry,-118.783912,48.259828
No,2016,440,93,34,59,2.06,317,10.51,-3.38,16.82,4.18,198,1626,lincoln,-118.553657,47.915577999999996
Yes,2016,448,39,91,11,5.21,1920,9.42,-0.29,14.72,4.11,44,936,lewis,-122.416346,46.545707
No,2016,72,85,52,10,6.71,1111,11.01,1.66,15.92,6.11,48,925,pierce,-122.54472,47.164714
No,2016,119,-50,86,8,6.67,1091,10.9,1.39,15.88,5.94,33,949,pierce,-122.324242,47.155734
Yes,2016,151,26,96,72,6.25,1638,10.5,0.95,15.99,5.02,28,960,pacific,-123.378085,46.788053
Yes,2016,551,-24,96,68,5.1,2507,8.63,0.74,12.51,4.74,65,614,lewis,-123.228208,46.439447
Yes,2016,483,-58,80,74,5.34,3101,9.19,0.68,13.75,4.62,54,743,pacific,-123.434649,46.475065
Yes,2016,113,54,-83,11,6.19,1853,10.67,1.4,15.55,5.79,54,922,mason,-122.943364,47.482156
Yes,2016,683,-20,97,54,4.87,2205,8.89,-0.56,13.52,4.26,70,821,lewis,-122.365494,46.400794
Yes,2016,4,70,70,3,6.82,1096,11.87,1.74,17.21,6.54,68,1119,clark,-122.772755,45.84132
No,2016,1006,-34,-94,52,-1.17,418,5.93,-8.86,12.23,-0.37,130,1172,okanogan,-118.988179,48.556068
Yes,2016,1138,-99,10,63,-0.17,838,4.76,-8,10.74,-1.22,61,902,pend_oreille,-117.037657,48.681835
Yes,2016,1257,-61,-78,40,-2,440,4.94,-9.44,10.9,-1.03,151,1074,okanogan,-119.041535,48.88089
Yes,2016,1188,-99,-9,47,2.69,2764,6.11,-2.2,9.99,2.23,63,575,cowlitz,-122.357393,46.23974
Yes,2016,319,-11,99,25,5.57,1428,9.55,0.29,14.5,4.61,26,915,pierce,-122.110991,47.061006
Yes,2017,105,2,99,54,6.53,2147,10.54,1.5,15.75,5.34,32,868,wahkiakum,-123.375767,46.297918
Yes,2016,239,-95,29,56,6.52,3612,8.95,0.81,13.13,4.77,14,569,clallam,-124.553146,48.312175
Yes,2016,251,-46,88,113,6.61,2842,9.88,1.48,14.5,5.26,22,695,clallam,-124.366517,48.131861
Yes,2016,62,-26,-96,21,6.75,2865,10.23,2.6,14.42,6.03,28,686,clallam,-124.552593,48.166302
Yes,2016,169,-48,87,10,5.89,674,10.17,1.22,14.93,5.41,39,841,clallam,-123.226934,48.065997
Yes,2016,102,66,74,29,6.53,2074,9.72,2.66,13.4,6.03,32,573,clallam,-124.191315,48.205304
Yes,2016,828,-83,54,98,3.84,3019,7.63,-0.82,11.82,3.45,82,622,clallam,-123.987794,48.009639
Yes,2016,1320,99,5,57,-2.32,496,4.53,-9.42,10.26,-1.19,152,998,okanogan,-119.016904,48.786716
Yes,2018,1230,-82,56,78,-1.62,478,5.04,-9.26,10.95,-0.88,135,1045,okanogan,-118.957189,48.791085
Yes,2016,1446,0,-100,73,-1.19,994,4.73,-7.05,9.76,-0.29,142,838,pend_oreille,-117.41754,48.971266
Yes,2016,340,37,-92,72,6.39,840,10.5,2.23,14.19,6.81,66,749,san_juan,-122.828438,48.652934
Yes,2016,110,-90,-42,13,6.91,3109,10.31,2.23,14.86,5.77,25,707,clallam,-124.320938,47.965557
Yes,2016,853,-99,6,81,0.28,507,7.63,-5.86,13.02,2.24,204,1193,ferry,-118.594381,48.243432
Yes,2016,1309,-34,93,86,-1.98,511,5.16,-8.35,10.28,0.04,183,964,okanogan,-118.852656,48.767025
Yes,2016,1179,98,-19,96,-0.76,533,6.22,-7.29,11.13,1.31,201,1020,ferry,-118.658103,48.578093
Yes,2016,581,81,58,68,5.08,3497,9.41,-0.28,14.03,4.79,82,875,cowlitz,-122.469605,46.019661
Yes,2016,646,-98,-19,45,4.86,2764,9.13,-0.31,13.64,4.61,90,870,clark,-122.276874,45.902948
Yes,2016,441,-98,16,89,5.17,2094,9.67,-0.35,15.2,4.14,28,997,lewis,-122.212481,46.535539
Yes,2016,142,25,96,34,6.48,1478,10.81,1.23,16.07,5.55,38,981,thurston,-122.796849,46.838706
No,2016,299,-57,-82,162,5.42,1567,9.71,1.2,14.34,5.08,52,763,clallam,-123.813011,48.067251
Yes,2016,1549,-85,-52,91,-0.73,2628,3.08,-4.94,6.8,-0.63,95,484,jefferson,-123.161909,47.76006
Yes,2017,1442,-98,-15,84,0.19,1901,4.44,-3.96,8.66,0.23,98,590,jefferson,-123.369467,47.770459
No,2016,226,-94,-31,1,2.09,197,10.76,-3.62,17.78,3.74,217,1703,yakima,-120.274206,46.391413
Yes,2016,117,73,67,12,7.01,3012,10.04,1.87,14.46,5.63,20,636,grays_harbor,-124.172018,47.428385
No,2016,594,-61,-78,10,1.17,280,8.92,-5,15.36,2.48,158,1451,lincoln,-118.872824,47.57395
No,2016,596,-98,16,9,1.08,268,9.09,-5.35,15.47,2.72,182,1483,grant,-119.044958,47.606638
No,2016,796,99,-13,22,1.65,551,8.48,-3.6,14.56,2.39,120,1269,whitman,-117.217366,47.045122
Yes,2016,1006,92,38,89,1.14,901,7.52,-5.06,12.51,2.52,168,1104,spokane,-117.131751,47.829868
Yes,2016,586,80,59,3,1.94,575,8.78,-4.35,14.96,2.62,124,1325,spokane,-117.269739,47.845043
Yes,2016,102,80,59,48,6.29,1481,9.7,2.54,13.26,6.14,39,586,clallam,-123.970484,48.159572
Yes,2017,797,-82,-56,84,3.78,3979,8.02,-0.26,12.24,3.83,99,695,jefferson,-123.523255,47.724648
Yes,2016,239,-26,-96,121,5.38,2985,10.65,1.12,15.48,5.82,95,991,mason,-123.152526,47.600139
Yes,2016,819,-12,99,180,3.78,5254,8.69,0.79,12.77,4.61,108,730,mason,-123.499574,47.564521
No,2016,595,-79,60,4,1.45,283,9.01,-4.77,15.51,2.51,142,1447,lincoln,-118.671974,47.461472
No,2016,690,-30,95,19,1.97,458,10.24,-2.36,15.58,4.91,259,1356,garfield,-117.681429,46.486641
No,2016,601,97,-22,104,1.52,403,10.11,-2.98,16.18,4.03,239,1535,asotin,-117.263917,46.028361
Yes,2016,1876,-4,-99,85,-1.98,2214,2.56,-6.48,6.97,-1.84,98,507,pierce,-121.595935,46.914944
Yes,2016,494,74,66,153,5.55,3597,9.53,1.17,14.16,4.91,65,731,jefferson,-124.095573,47.865394
Yes,2016,112,-98,19,28,6.31,1299,10.77,1.66,15.51,6.04,59,878,kitsap,-122.789413,47.616997
No,2016,49,98,-16,5,6.99,869,10.55,1.57,14.92,6.19,36,726,skagit,-122.457572,48.501903
Yes,2016,414,-78,62,58,4.66,2433,9.7,-0.68,15.23,4.17,67,1050,skamania,-122.129522,46.047627
No,2016,136,-42,-90,7,6.49,1098,10.69,2.17,14.65,6.73,78,771,snohomish,-122.295989,47.857318
Yes,2016,1638,-66,74,86,-1.52,3564,3.83,-4.79,7.75,-0.09,79,573,whatcom,-121.548631,48.700149
No,2016,356,27,-96,47,2.73,393,11.33,-1.88,17.41,5.24,246,1619,columbia,-118.029552,46.477853
Yes,2016,548,11,99,45,3.9,1896,8.89,-1.24,14.18,3.59,73,995,lewis,-122.037492,46.439731
Yes,2016,1195,72,68,51,0.41,2007,5.53,-3.75,9.93,1.12,116,710,skamania,-121.690814,46.286683
No,2016,378,-52,-85,7,1.7,197,10.29,-4.65,16.68,3.89,228,1609,grant,-119.699019,47.240597
No,2016,698,-99,-4,9,0.1,350,8.63,-6.44,14.46,2.8,233,1391,okanogan,-119.363744,48.367411
No,2016,924,-99,-1,49,0.94,351,8.53,-4.26,14.02,3.05,232,1225,yakima,-120.242125,46.075915
No,2016,738,-70,-70,14,1.23,245,9.27,-3.88,14.84,3.7,251,1360,benton,-119.753607,46.380659
No,2016,255,-98,-16,5,2.28,194,10.76,-3.33,17.69,3.84,223,1650,yakima,-120.09645,46.360204
No,2016,287,-95,29,9,2.71,212,10.93,-2.8,17.45,4.41,196,1604,yakima,-119.873931,46.287476
Yes,2016,710,-15,-98,17,1.76,520,8.15,-4.71,14,2.3,124,1179,kittitas,-120.734776,47.179147
No,2016,665,98,-14,7,0.68,289,8.71,-6.05,14.71,2.71,196,1366,douglas,-119.429942,47.74523
No,2016,634,-7,99,4,0.61,282,8.92,-6.09,14.94,2.9,210,1413,douglas,-119.595206,47.697792
No,2016,335,0,0,0,1.45,233,10.39,-4.5,16.76,4.03,236,1650,grant,-119.401321,47.587114
No,2016,550,-83,55,10,2.58,391,9.46,-3.18,16.18,2.74,117,1402,klickitat,-120.895904,45.861105
No,2016,0,0,0,0,6.87,1059,10.88,1.56,15.7,6.05,40,838,snohomish,-122.142842,48.015772
Yes,2016,957,15,98,41,2.9,2038,7.54,-1.44,12.23,2.86,66,824,lewis,-121.887079,46.708529
No,2016,730,70,-70,10,1.12,347,8.02,-5.56,14.25,1.78,121,1301,lincoln,-118.513929,47.732187
No,2016,702,54,-83,6,0.94,310,8.07,-5.8,14.56,1.59,120,1354,lincoln,-118.726173,47.787571
No,2016,689,-44,89,2,1.38,333,8.3,-5.25,14.56,2.05,120,1323,lincoln,-118.509388,47.590216
No,2016,367,18,-98,17,2.58,260,10.53,-3.24,17.07,3.99,183,1617,franklin,-118.73413,46.608768
No,2016,359,99,-11,5,1.83,174,10.16,-4.71,16.76,3.56,200,1614,grant,-119.67844,47.079736
Yes,2016,1458,-21,-97,119,-3.75,1460,3.48,-6.4,7.93,-0.96,155,740,chelan,-120.58328,48.304127
Yes,2016,1719,14,98,155,-3.52,1024,2.81,-8.51,7.54,-1.91,109,697,okanogan,-120.352382,48.825081
Yes,2016,652,97,-19,88,3.25,2791,7,-1.69,10.82,3.18,67,595,king,-121.712739,47.3765
Yes,2016,157,-31,-95,63,6.83,1239,10.8,1.98,14.96,6.64,59,772,snohomish,-122.060486,47.84972
No,2016,287,94,-32,33,2.59,225,10.74,-3.06,17.35,4.13,185,1635,franklin,-118.92499,46.634586
No,2016,172,-99,8,19,3.22,225,11.84,-2.25,18.29,5.38,237,1759,benton,-119.562938,46.270888
No,2016,178,99,5,6,3.32,222,11.64,-1.87,18.19,5.09,193,1724,benton,-119.860345,45.92287
Yes,2016,1665,52,-85,52,-2.59,951,3.91,-7,8.95,-1.12,175,766,kittitas,-120.569065,47.303373
No,2016,516,92,36,29,1.51,219,10.11,-4.82,16.1,4.12,257,1553,grant,-119.552901,47.370872
Yes,2016,1319,-53,84,137,-2.53,565,6.4,-5.25,11.36,1.44,242,1073,chelan,-120.175727,48.034613
No,2016,1153,-33,94,36,-1.55,486,5.53,-8.6,11.04,0.02,168,1046,okanogan,-119.174817,48.586952
No,2016,291,-31,94,7,2.93,304,11.02,-2.23,17.52,4.51,212,1663,walla_walla,-118.698396,46.279078
Yes,2016,1041,36,93,79,0.52,1277,6.21,-4.27,11.04,1.38,127,930,kittitas,-120.932706,47.103412
Yes,2016,1210,-79,-61,50,-0.16,1929,5.09,-4.98,9.29,0.89,134,692,kittitas,-121.06847,47.133211
No,2016,75,-89,-44,4,6.8,776,10.32,1.74,14.83,5.81,28,736,island,-122.520971,47.981559
No,2016,616,-36,92,39,0.82,264,9.11,-5.61,15.37,2.85,197,1477,grant,-119.240464,47.723521
Yes,2016,1687,-98,-18,115,-3.64,2070,2.74,-7.92,7.56,-2.07,110,678,chelan,-120.893441,48.150163
Yes,2016,805,-98,-15,43,-0.25,535,7.99,-5.84,13.54,2.45,219,1270,chelan,-120.328211,47.797335
Yes,2016,1305,-99,-8,110,-1.65,841,5.76,-6.14,10.45,1.06,215,903,chelan,-120.482634,47.672003
Yes,2016,1161,-5,99,29,0.64,772,6.14,-5.06,11.86,0.43,64,1006,yakima,-121.173132,46.620403
Yes,2016,1059,99,12,110,0.41,546,7.74,-5.56,12.93,2.55,215,1155,stevens,-118.02095,48.139251
Yes,2016,826,59,-80,67,0.99,766,7.17,-6.31,13.7,0.65,75,1212,pend_oreille,-117.205387,48.316762
No,2016,669,-17,-98,7,1.57,654,7.75,-5.87,14.56,0.95,59,1313,pend_oreille,-117.356011,48.336141
Yes,2016,1136,-51,-85,95,-0.36,798,5.54,-8.32,12.31,-1.24,61,1121,stevens,-117.533939,48.301308
Yes,2016,959,97,22,79,-0.06,432,6.96,-7.55,12.9,1,144,1195,ferry,-118.814691,48.430406
Yes,2016,1739,4,99,92,-3.11,648,3.94,-8.44,8.85,-0.96,147,838,okanogan,-119.921793,48.521608
No,2016,330,24,-97,2,2.47,189,10.7,-3.68,16.91,4.49,221,1594,grant,-119.471087,46.894195
No,2016,337,68,72,23,2.46,203,10.42,-3.61,16.65,4.19,200,1563,adams,-119.278039,46.777999
No,2016,504,-51,-85,4,1.6,230,9.5,-4.48,16.02,2.98,164,1510,grant,-119.006329,47.288299
No,2016,253,-7,-99,7,2.32,196,11.2,-3.6,17.77,4.64,264,1809,grant,-119.632156,46.75604
No,2016,173,70,70,4,2.54,206,12.26,-2.66,18.67,5.85,332,1986,benton,-119.60856,46.594246
No,2016,308,-51,85,76,1.67,301,10.62,-4.38,16.46,4.79,287,1581,douglas,-120.076109,47.374326
No,2016,262,-90,-42,27,1.56,342,10.68,-4.13,16.92,4.45,254,1662,chelan,-120.446968,47.516464
No,2016,293,37,-92,14,2.68,225,10.83,-3.07,17.17,4.48,209,1590,franklin,-119.261048,46.618873
Yes,2016,927,32,-94,30,-0.88,396,7.65,-6.75,12.96,2.35,260,1246,okanogan,-119.857003,48.206402
Yes,2016,977,1,-99,33,0.64,601,8.24,-4.98,13.07,3.41,269,1166,stevens,-118.013114,48.002626
Yes,2016,552,49,86,21,1.71,471,8.98,-4.33,15.54,2.44,117,1430,spokane,-117.795777,47.799812
Yes,2016,994,-82,56,124,-0.01,478,7.65,-5.42,12.05,3.26,275,1089,ferry,-118.652941,48.16336
No,2016,563,-99,3,95,0.85,328,9.5,-5.19,15.11,3.88,284,1455,douglas,-119.833184,48.050116
No,2016,158,-70,-70,3,2.89,209,11.93,-2.5,18.51,5.36,267,1902,benton,-119.429176,46.56429
No,2016,1087,26,96,51,0.1,470,7.47,-4.52,12.17,2.77,235,1024,chelan,-120.226777,47.323791
No,2016,174,0,0,0,2.29,206,11.8,-3.11,18.04,5.56,313,1794,grant,-120.03731,47.064679
No,2016,583,-87,48,14,1.93,411,9.19,-3.94,15.59,2.8,135,1401,whitman,-117.760908,47.1445
No,2016,578,-98,15,17,1.57,308,9.05,-4.46,15.68,2.42,131,1451,adams,-118.282717,47.156424
No,2016,756,59,80,8,1.52,449,7.98,-5.27,13.9,2.06,116,1233,spokane,-117.813039,47.629544
Yes,2016,722,93,-34,36,-0.29,367,8.1,-6.73,13.76,2.46,225,1323,okanogan,-119.581516,48.568597
No,2016,597,-35,-93,5,1.43,272,8.71,-5.46,15.11,2.31,149,1344,kittitas,-120.374908,47.034943
No,2016,1023,-99,8,53,0.49,435,7.24,-5.92,12.5,1.99,167,1102,kittitas,-120.196969,47.005299
No,2016,221,-70,70,3,6.27,1242,10.46,1.13,15.39,5.54,37,931,king,-122.0047,47.177275
Yes,2016,1340,-67,74,125,1.58,2642,6.05,-2.34,9.61,2.5,61,533,whatcom,-122.024344,48.990451
Yes,2016,1847,3,-99,40,-2.82,2846,2.68,-5.9,6.92,-1.56,115,524,pierce,-121.764598,46.916258
No,2016,509,-92,-38,20,1.53,251,9.43,-4.61,16,2.87,157,1512,lincoln,-118.844031,47.419213
No,2016,614,82,-56,30,1.05,286,8.75,-5.46,15.1,2.39,161,1424,lincoln,-118.888568,47.738649
No,2016,385,-83,55,2,2.39,229,10.01,-3.84,16.52,3.51,155,1505,adams,-118.936615,46.793854
Yes,2016,1406,47,-87,70,-0.41,1001,5.16,-5.11,10,0.32,120,827,yakima,-121.333926,46.487217
No,2016,305,17,-98,5,1.98,215,10.65,-3.97,17.64,3.66,208,1705,yakima,-120.533708,46.491845
Yes,2016,1268,-77,-62,77,1.92,2485,6.07,-2.4,10.14,2,85,592,lewis,-121.856351,46.560637
Yes,2016,346,-30,-95,71,4.15,2458,8.77,-1.79,13.53,4.01,42,806,skagit,-121.715576,48.544328
No,2016,555,91,-39,22,2.08,393,9.7,-3.35,16.26,3.14,136,1479,whitman,-117.909696,47.005798
No,2016,443,8,-99,11,2.34,368,10.3,-3.09,17.01,3.59,155,1590,adams,-118.059018,46.799156
No,2016,294,-34,-94,38,3.24,320,11.39,-1.98,17.69,5.1,219,1629,walla_walla,-118.530286,46.32773
Yes,2016,584,63,-77,39,0.87,308,9.08,-5.46,15.46,2.71,197,1499,ferry,-118.7072,48.113707
Yes,2016,291,-99,-7,25,1.56,359,10.18,-4.33,16.43,3.92,214,1591,okanogan,-119.40831,48.86467
No,2016,309,-19,-98,12,2.84,248,10.98,-2.72,17.52,4.43,208,1698,franklin,-118.895349,46.471617
Yes,2016,1021,28,-95,70,1.34,3412,6.82,-1.91,10.96,2.67,74,664,skagit,-121.697947,48.411127
No,2016,1878,-75,-65,95,-4.45,2691,1.9,-7.71,5.73,-1.94,136,547,skagit,-121.18897,48.571385
No,2016,235,0,0,0,1.96,187,10.69,-3.87,17.86,3.52,206,1739,yakima,-120.450819,46.337204
No,2016,254,31,-94,4,2.07,192,10.76,-3.88,17.96,3.57,196,1731,yakima,-120.619053,46.363298
No,2016,2064,-4,-99,71,-4.42,1404,1,-8.28,5.28,-3.26,90,509,whatcom,-120.872393,48.941969
Yes,2016,77,95,30,48,4.84,1806,10.17,0.46,14.96,5.37,59,894,skagit,-121.877386,48.506118
Yes,2016,592,-47,-87,79,4.38,2293,8.92,0.01,12.85,4.99,64,681,skagit,-122.101043,48.552363
Yes,2016,1353,-95,31,70,-0.14,1769,4.42,-5.6,9.32,-0.49,63,746,lewis,-121.468141,46.432072
No,2016,555,99,3,18,2,432,9.87,-2.89,16.44,3.31,140,1503,whitman,-117.714167,46.822329
Yes,2016,890,97,20,13,1.85,758,7.64,-4,13.71,1.58,73,1114,yakima,-121.12164,46.133141
Yes,2016,702,96,25,86,3.03,2862,9.25,0.31,13.54,4.96,109,786,snohomish,-121.491973,48.205813
Yes,2016,1710,35,93,152,-3.34,2395,3.26,-6.15,7.46,-0.93,136,638,snohomish,-121.120891,48.249981
Yes,2016,1361,-46,88,44,0.86,1926,5.25,-3.51,9.51,0.99,87,594,pierce,-121.932326,46.884425
Yes,2016,776,-32,94,46,4.07,1817,7.39,-1.4,11.73,3.04,52,628,pierce,-122.119714,46.912603
No,2016,573,68,-72,130,2.7,480,10.92,-2.25,16.84,5,231,1488,columbia,-118.011378,46.311448
No,2016,274,-85,-52,11,3.2,264,11.31,-2.24,17.76,4.87,233,1719,franklin,-118.878081,46.313559
Yes,2016,646,96,27,112,-0.36,392,7.99,-8.42,13.91,2.06,219,1320,okanogan,-119.733222,48.517657
No,2016,633,86,50,61,0.34,351,8.68,-6.55,14.53,2.83,225,1404,okanogan,-119.58657,48.513857
No,2016,425,-48,87,25,3.1,249,10.84,-2.64,16.82,4.86,200,1516,benton,-119.196849,46.126812
No,2016,470,-96,-27,5,2.85,259,10.46,-3,16.34,4.58,187,1437,benton,-119.367637,46.076236
No,2016,18,-48,-87,4,6.63,1007,10.48,1.18,14.9,6.06,43,763,whatcom,-122.546231,48.84582
Yes,2016,767,-16,-98,36,1,892,7.69,-6.19,13.99,1.39,104,1265,stevens,-117.641537,47.996832
No,2016,925,85,-51,47,0.5,354,7.93,-6.03,13.49,2.37,200,1248,kittitas,-120.16861,46.83808
No,2016,622,-82,-56,54,0.31,339,9.03,-6.53,14.8,3.25,252,1463,okanogan,-119.68328,48.34382
No,2016,764,80,-59,14,-0.16,303,7.99,-6.98,13.97,2.02,193,1347,douglas,-119.773372,47.726811
No,2016,754,-95,28,10,0.28,289,8.17,-6.79,14.04,2.3,196,1339,douglas,-119.753117,47.566403
No,2016,2010,-59,80,205,-4.8,2579,2.42,-7.58,6.82,-1.97,145,631,snohomish,-121.081597,48.083748
Yes,2016,1435,96,25,230,0.62,4233,4.92,-3.33,8.94,0.9,75,529,king,-121.568571,47.768124
No,2016,861,4,-99,14,1.46,628,9.62,-2.73,14.76,4.49,257,1251,columbia,-117.83484,46.364128
Yes,2016,967,56,82,123,0.99,742,7.38,-5.54,12.62,2.14,167,1121,stevens,-117.952148,48.939761
Yes,2016,650,99,9,123,1.08,500,8.32,-5.89,14.67,1.98,134,1366,ferry,-118.162759,48.780877
No,2016,759,-100,0,5,0.51,354,8.68,-6.12,14.12,3.25,236,1331,okanogan,-119.52233,48.223887
No,2016,233,44,89,1,2.25,215,10.88,-3.07,17.88,3.89,195,1722,yakima,-120.070543,46.19325
No,2016,319,-16,98,25,2.58,213,10.91,-3.05,17.32,4.51,240,1605,yakima,-120.253263,46.228779
Yes,2016,1274,-99,-3,110,-2.83,825,4.45,-8.42,9.97,-1.06,142,964,okanogan,-120.273998,48.722429
No,2016,690,-26,-96,46,1.51,270,9.64,-3.75,15.32,3.95,257,1409,yakima,-119.955086,46.567697
Yes,2016,1440,-79,-61,131,-2.37,2087,3.98,-6.83,8.88,-0.92,125,759,chelan,-121.058726,47.906348
No,2016,2239,94,-33,168,-5.63,1289,0.49,-7.68,4.76,-3.79,99,526,chelan,-120.747639,48.292131
No,2016,656,75,-65,49,0.07,219,8.42,-5.58,15.26,1.57,208,1465,yakima,-120.111589,46.521782
Yes,2017,1766,99,-8,87,-3.95,1301,2.68,-8.84,7.91,-2.55,97,750,okanogan,-120.335686,48.968336
Yes,2016,1540,49,-86,127,-0.87,1205,5.86,-5.69,10.71,1.02,197,856,columbia,-117.806401,46.03034
Yes,2016,1447,99,-11,129,-0.65,1045,7.27,-4.25,11.91,2.63,280,973,columbia,-117.651792,46.176664
Yes,2016,1463,-65,-75,139,-0.36,838,7.42,-4.19,11.97,2.87,291,949,garfield,-117.508968,46.211897
Yes,2016,604,50,-86,124,6.37,4355,10.02,2.48,13.86,6.2,91,661,grays_harbor,-123.837486,47.379235
Yes,2016,673,85,-51,137,4.93,5458,9,0.75,13.39,4.62,84,737,mason,-123.466871,47.374494
Yes,2016,603,77,-62,143,4.73,4942,8.66,0.56,12.9,4.41,87,686,grays_harbor,-123.615688,47.427376
Yes,2016,846,59,-80,175,3.77,4266,8,-0.58,12.09,3.92,90,670,mason,-123.281881,47.44818
Yes,2016,312,-66,-74,134,6.28,3522,9.67,1.61,14.03,5.32,55,652,jefferson,-124.017698,47.548579
Yes,2016,301,53,-84,49,6.19,3688,9.98,1.11,14.63,5.32,29,720,jefferson,-123.830553,47.525424
Yes,2016,1075,-89,43,58,0.86,3412,5.93,-3.54,9.86,2,125,654,king,-121.362554,47.564663
Yes,2016,1193,-56,82,186,1.8,3501,6.77,-2.4,10.68,2.85,105,675,king,-121.504631,47.614095
Yes,2016,787,-99,8,129,2.61,2937,7.85,-2.15,12.58,3.12,91,933,king,-121.3628,47.654403
Yes,2016,493,-97,-22,75,3.09,2623,8.98,-1.19,14.1,3.85,85,1013,king,-121.398087,47.733704
Yes,2016,1218,-92,37,154,-0.56,2279,5.27,-4.23,9.39,1.15,139,696,snohomish,-121.20862,47.807781
Yes,2016,1061,-32,-94,52,-0.39,3145,5.49,-4.96,9.86,1.11,124,756,snohomish,-121.279234,47.964028
Yes,2016,587,67,74,44,2.25,3078,8.28,-1.89,12.82,3.77,119,859,snohomish,-121.421441,48.054572
Yes,2016,1169,-32,-94,170,-1.41,2940,5.27,-5.08,9.73,0.8,143,765,snohomish,-121.269301,48.108319
Yes,2016,467,64,-76,45,1.61,506,8.61,-5.31,15.03,2.2,100,1399,ferry,-118.131601,48.623755
Yes,2010,770,99,12,92,0.92,388,8.93,-3.87,14.95,2.91,187,1320,asotin,-117.199705,46.182991
Yes,2010,1163,24,96,71,0.09,804,8.38,-3.16,12.88,3.87,318,1046,garfield,-117.564043,46.329265
Yes,2010,645,26,-96,12,1.35,361,8.58,-4.82,15.06,2.11,165,1342,yakima,-120.873958,46.526938
Yes,2011,90,-37,92,11,5.94,2430,10.04,0.91,15.55,4.54,22,875,pacific,-123.524036,46.577798
No,2010,122,12,-99,44,6.37,1450,10.7,1.12,16.32,5.06,25,1000,lewis,-123.306576,46.635865
No,2010,148,100,0,2,6.75,1122,10.7,1.25,15.72,5.68,19,952,pierce,-122.322351,47.105268
Yes,2010,34,68,-73,41,6.8,1227,11.23,2.04,15.96,6.51,66,897,pierce,-122.613032,47.30355
Yes,2011,1796,-72,-68,102,-1.4,2330,2.37,-6.01,6.51,-1.77,87,500,jefferson,-123.224149,47.776539
Yes,2010,720,84,53,13,1.34,661,7.81,-5.46,14.24,1.39,82,1275,spokane,-117.196126,48.044172
Yes,2010,655,-27,96,46,1.34,539,7.9,-5.96,14.65,1.15,67,1329,stevens,-117.721291,48.138941
Yes,2010,51,-89,45,16,6.45,643,10.09,1.87,14.32,5.86,64,680,island,-122.621318,48.340761
Yes,2017,940,93,-34,98,-1.18,2062,6.46,-4.17,11.16,1.76,183,926,skagit,-121.115878,48.399113
Yes,2017,723,80,-58,42,1.65,1374,7.24,-4.08,12.43,2.06,109,971,kittitas,-121.112142,47.361922
Yes,2017,25,70,-70,1,7.51,2381,10.45,2.97,14.49,6.41,29,623,grays_harbor,-124.106786,47.121791
No,2017,25,22,97,4,6.72,1105,10.49,1.02,15.1,5.88,31,788,whatcom,-122.471538,48.898615
Yes,2017,681,-76,-64,134,4.19,1867,7.67,-0.87,11.93,3.42,57,701,pierce,-121.780289,47.133019
Yes,2017,717,53,84,137,5.17,5902,8.97,0.96,13.14,4.79,84,671,grays_harbor,-123.542799,47.351251
Yes,2017,1019,59,80,37,2.99,2034,6.97,-1.94,11.48,2.47,52,689,pierce,-122.05267,46.787612
Yes,2018,241,12,-99,5,5.58,1912,10.27,0.17,16.05,4.49,28,1043,lewis,-122.358962,46.583926
Yes,2017,778,44,89,76,4.77,2208,8.61,-0.47,13.1,4.13,63,781,lewis,-122.340983,46.442045
Yes,2017,1237,-12,-99,50,-0.97,565,5.75,-8.17,11.34,0.17,157,1058,ferry,-118.564883,48.354751
Yes,2017,2018,-100,0,73,-4.74,2032,1.31,-8.1,5.76,-3.14,100,578,chelan,-120.580383,48.371909
No,2018,873,-31,95,142,0.51,428,9.2,-5.21,14.56,3.84,273,1392,chelan,-120.270251,47.613072
Yes,2017,1733,13,-99,49,-2.57,771,3.74,-7.06,8.5,-1.03,185,693,kittitas,-120.359674,47.219275
No,2017,477,83,54,12,3.11,285,10.87,-2.65,16.71,5.03,219,1494,klickitat,-120.009332,46.001983
Yes,2018,836,-96,26,39,0.67,497,8.17,-4.5,14.49,1.86,172,1279,klickitat,-120.5264,45.934022
Yes,2017,938,-87,48,95,1.49,1775,6.63,-3.45,12.03,1.22,54,1004,skamania,-121.615419,46.33651
Yes,2017,928,63,-76,72,0.27,856,6.05,-7.42,12.65,-0.56,70,1119,pend_oreille,-117.199285,48.330777
Yes,2018,604,-78,61,32,1.92,597,8.69,-4.63,15.02,2.37,106,1335,spokane,-117.285061,47.896121
Yes,2017,799,52,84,20,1.78,693,8.26,-4.6,13.74,2.77,137,1208,spokane,-117.055162,47.796135
No,2017,762,-55,83,4,1.71,516,8.5,-3.94,14.71,2.31,104,1298,whitman,-117.195139,47.24586
Yes,2017,1156,85,51,139,-0.96,1068,4.96,-7.87,10.01,-0.08,145,876,pend_oreille,-117.420653,48.879022
No,2017,420,-96,-24,62,2,487,9.1,-4.65,15.46,2.75,112,1424,stevens,-118.076281,48.683404
Yes,2017,986,-36,92,74,0.5,540,7.92,-5.46,13.12,2.71,216,1186,ferry,-118.390676,48.175336
No,2017,483,54,-83,91,1.39,416,9.47,-4.23,15.82,3.12,186,1536,stevens,-118.160004,47.905261
Yes,2017,1231,-92,38,126,-1.49,659,5.56,-7.13,10.22,0.89,215,929,stevens,-118.070751,48.518113
Yes,2017,931,-83,55,136,-0.19,1027,5.85,-7.37,12.31,-0.62,78,1100,pend_oreille,-117.342002,48.717435
Yes,2017,1202,-78,61,59,-0.22,1085,5,-7.9,10.78,-0.78,97,918,pend_oreille,-117.171606,48.585834
Yes,2017,908,59,80,92,0.77,558,7.89,-5.53,13.45,2.34,185,1222,stevens,-117.863527,48.243255
No,2017,619,-100,0,1,2.13,453,9.25,-3.25,15.56,2.95,140,1355,whitman,-117.537985,47.071903
Yes,2017,1341,-67,73,70,-0.5,652,8.02,-3.65,12.63,3.42,330,1047,garfield,-117.468044,46.257449
Yes,2017,785,-88,-47,53,-1.3,2037,6.5,-6.75,12.67,0.32,117,1132,snohomish,-121.045331,48.19373
Yes,2018,1079,98,17,23,-0.19,470,7.3,-5.07,13.04,1.55,216,1149,klickitat,-120.384995,45.994867
Yes,2017,1659,-32,-94,137,-3.85,754,2.86,-9.25,8.07,-2.34,107,796,okanogan,-120.129119,48.923089
Yes,2017,3,6,-99,5,7.93,2211,10.62,3.77,14.23,7.02,34,578,grays_harbor,-124.120593,47.04973
No,2017,118,98,19,17,6.56,1104,11.24,2.14,15.79,6.68,90,931,king,-122.294025,47.473993
No,2017,76,90,43,22,6.8,834,10.31,1.72,14.88,5.75,29,745,island,-122.4911,48.09083
No,2017,80,-96,25,10,7,1012,11.16,2.11,15.64,6.69,49,860,king,-122.226842,47.769237
No,2017,554,19,98,22,2.84,273,10.63,-3,16.3,4.97,256,1445,yakima,-120.20164,46.11357
No,2017,493,-70,70,2,1.15,228,9.8,-5.13,16.01,3.59,231,1547,douglas,-119.698659,47.448701
No,2017,549,35,-93,116,0.94,279,9.3,-5.75,15.14,3.46,232,1455,douglas,-119.883968,47.481031
No,2017,758,-91,-39,12,1.75,580,8.32,-4.25,14.46,2.17,94,1270,spokane,-117.07541,47.456414
Yes,2017,890,62,-78,53,-0.14,514,7.79,-5.55,12.76,2.82,240,1136,chelan,-120.227674,47.293252
Yes,2017,667,-77,63,12,1.39,521,7.98,-5.77,14.76,1.2,63,1340,stevens,-117.795701,48.094862
Yes,2017,1643,-56,82,71,-3.8,1487,3.43,-8.42,8.52,-1.66,135,820,okanogan,-120.356975,48.262346
Yes,2018,13,41,-91,8,6.86,918,10.52,2.06,14.37,6.66,51,679,whatcom,-122.628349,48.74577
No,2017,827,57,81,17,-0.08,327,8.25,-5.79,13.47,3.02,252,1257,douglas,-120.047506,47.422691
No,2017,779,-93,34,14,0.09,293,7.95,-7.06,13.88,2.01,189,1325,douglas,-119.720285,47.608557
No,2017,730,44,-89,3,1.22,351,8.16,-5.38,14.29,2.04,131,1304,lincoln,-118.461168,47.714691
Yes,2017,130,-99,2,87,6.46,2067,10.58,1.54,15.57,5.59,36,897,mason,-123.238965,47.330033
No,2017,948,-56,-82,36,0.11,365,7.91,-5.11,13.39,2.43,242,1214,yakima,-120.110598,46.647209
No,2017,643,-99,2,33,1.59,259,8.73,-5.46,15.18,2.28,142,1335,kittitas,-120.329295,46.919189
Yes,2017,314,2,99,120,4.42,1853,9.87,-0.56,14.97,4.77,59,952,snohomish,-121.786102,48.264268
No,2017,757,70,70,2,-0.09,302,8.02,-7.02,14,2.08,193,1340,douglas,-119.743999,47.77067
No,2017,244,-26,-96,3,1.21,268,10.61,-4.78,16.89,4.33,289,1723,okanogan,-119.788492,48.095146
Yes,2017,890,-84,53,137,0.91,809,7.45,-6.29,13.72,1.18,103,1239,stevens,-117.479672,48.084915
Yes,2017,60,-78,61,28,6.76,1951,10.82,1.56,16.34,5.3,20,922,grays_harbor,-123.352811,47.036194
No,2017,360,98,19,2,1.8,179,10.18,-4.69,16.77,3.59,202,1621,grant,-119.649828,47.122479
No,2017,620,59,-80,8,0.68,348,8.9,-6.73,14.74,3.06,230,1427,okanogan,-119.812836,48.272009
No,2017,337,-40,91,87,1.98,208,10.93,-3.86,16.91,4.96,286,1639,grant,-119.99708,47.101104
Yes,2017,1085,-29,-95,53,0.07,3444,5.43,-4.31,9.71,1.16,132,715,king,-121.31238,47.534898
Yes,2017,909,57,-82,133,3.68,4419,8.07,-0.44,12,4.14,102,661,grays_harbor,-123.610056,47.481602
Yes,2017,1023,-99,2,95,0.92,731,7.05,-4.57,12.35,1.76,122,1058,kittitas,-120.720386,47.227906
No,2017,1668,-49,-86,150,-4.21,3529,1.76,-7.17,5.67,-2.16,111,538,whatcom,-121.335172,48.806148
Yes,2017,1366,84,52,81,0.05,729,6.34,-4.3,10.97,1.71,192,896,yakima,-120.985588,46.696551
Yes,2017,740,60,79,57,1.69,600,8.36,-4.48,14.36,2.36,120,1283,spokane,-117.069705,47.628178
Yes,2017,1392,99,-13,35,-0.08,2473,4.55,-4.25,8.76,0.34,98,569,pierce,-121.739393,46.976771
No,2017,368,43,-89,26,1.12,323,9.77,-5.59,16.19,3.35,222,1619,okanogan,-119.50445,48.444253
No,2017,343,-85,51,2,1.99,216,10.2,-4.31,16.73,3.68,198,1579,grant,-119.110139,47.031825
No,2017,868,-90,41,96,0.32,249,8.26,-4.69,14.02,2.51,229,1295,yakima,-119.908185,46.458606
Yes,2017,60,89,-44,77,6.3,2126,9.95,1.29,15,4.89,22,768,pacific,-123.587698,46.688774
No,2017,612,-39,-91,44,0.93,364,9.39,-5.04,14.69,4.09,266,1367,douglas,-120.235086,47.457033
Yes,2017,721,59,80,16,1.37,697,7.65,-6.02,14.18,1.11,84,1242,pend_oreille,-117.34944,48.548545
No,2017,118,-10,99,15,3.77,219,12.27,-1.75,18.72,5.81,230,1799,walla_walla,-119.004025,46.221106
No,2017,234,-44,89,4,2.7,230,11,-2.84,17.65,4.35,192,1687,franklin,-119.052509,46.544099
Yes,2017,1524,46,-88,196,0.29,4008,4.37,-4.28,8.3,0.43,85,499,king,-121.483025,47.491888
No,2017,578,-92,-38,75,0.54,677,9.18,-4.92,14.7,3.66,260,1379,chelan,-120.432792,47.565227
Yes,2017,177,78,62,31,6.61,3008,9.92,1.64,14.46,5.38,23,686,clallam,-124.334226,48.109829
Yes,2017,435,23,-97,163,0.87,2257,7.98,-3.1,12.84,3.13,141,977,whatcom,-121.176503,48.707167
No,2017,427,-3,-99,10,2.67,229,11,-2.98,16.95,5.06,278,1563,yakima,-120.374929,46.284877
Yes,2017,245,0,0,0,5.89,2458,9.85,1.32,14.52,5.18,37,730,clallam,-124.10991,48.064261
Yes,2017,810,86,-49,125,3.72,4156,7.66,-0.4,11.75,3.58,88,628,clallam,-123.905814,47.968945
No,2017,130,-54,83,15,6.84,1193,10.84,1.94,15.29,6.4,48,811,snohomish,-122.087958,47.822112
No,2017,4,-44,89,3,6.99,855,10.48,2,14.93,6.05,31,728,skagit,-122.381154,48.408212
No,2017,314,-25,-96,32,3.07,241,11.13,-2.59,17.09,5.18,240,1592,benton,-119.54105,46.322251
No,2017,615,-99,-6,23,1.89,257,9.82,-3.51,15.58,4.07,233,1419,benton,-119.708376,46.347583
No,2017,148,96,-24,22,4.97,2145,10.38,0.59,15.27,5.49,71,979,snohomish,-121.571288,47.80926
Yes,2018,1418,2,99,68,0.32,2748,4.91,-3.3,8.98,0.84,105,556,skamania,-122.146729,46.345398
Yes,2017,1111,-99,0,107,1.43,1984,6.2,-2.64,10.46,1.94,100,677,skamania,-121.7926,46.369999
Yes,2017,1117,79,60,83,1.43,1024,6.48,-5.76,10.6,2.36,112,915,spokane,-117.106546,47.94626
Yes,2017,100,36,-92,82,6.89,2621,10.25,1.79,14.92,5.58,24,704,grays_harbor,-123.739744,47.177013
Yes,2018,961,78,62,35,-0.5,364,6.8,-8.32,12.95,0.65,151,1198,okanogan,-119.14129200000001,48.604675
Yes,2017,1201,40,91,79,-0.85,690,6.41,-6.6,11.01,1.8,185,959,okanogan,-120.440193,48.58208
Yes,2018,773,77,-63,137,3.04,1473,8.1,-2.6,12.66,3.55,125,865,skamania,-121.697004,45.718051
No,2017,1025,74,66,9,0.79,537,8.86,-3.2,13.87,3.85,271,1157,garfield,-117.465889,46.395532
Yes,2017,1219,-70,70,24,-0.3,1111,7.85,-4.08,12.76,2.94,266,1082,columbia,-117.803247,46.247849
No,2017,269,-97,-21,10,2.99,290,11.17,-2.21,17.64,4.69,212,1681,walla_walla,-118.824283,46.191987
No,2017,188,-89,-44,4,3.2,224,11.55,-1.93,18.17,4.94,176,1701,benton,-119.495701,45.985191
Yes,2019,1508,3,-99,123,0.88,3144,4.92,-3.49,9.01,0.82,97,585,jefferson,-123.305667,47.678942
Yes,2017,87,-7,99,4,7.03,2767,10.15,1.98,14.6,5.7,23,656,grays_harbor,-124.109263,47.274409
No,2018,1266,-95,-30,115,-0.01,881,7.81,-4,12.59,3.04,268,1035,columbia,-117.636832,46.26887
Yes,2017,576,18,-98,63,5.33,2420,8.75,0.64,12.93,4.56,51,650,lewis,-123.228414,46.398903
Yes,2017,531,19,98,135,3.73,1705,9.47,-0.94,15.13,3.8,77,1132,lewis,-121.825519,46.506876
No,2017,658,70,-70,5,0.7,284,8.8,-5.94,14.91,2.69,194,1397,douglas,-119.401865,47.792832
Yes,2017,400,96,26,72,5.77,1372,9.88,0.9,15.12,4.65,35,975,thurston,-122.582682,46.786138
No,2017,636,0,-100,8,1.25,298,8.6,-5.03,15.01,2.19,136,1395,lincoln,-118.648673,47.504745
No,2017,641,-99,7,10,1.43,310,8.65,-4.88,14.96,2.34,141,1371,lincoln,-118.453416,47.39768
Yes,2017,1083,51,-85,106,0.34,1128,8.07,-4.06,13.3,2.85,223,1099,columbia,-117.949928,46.115273
No,2017,528,63,-77,17,1.62,277,9.4,-4.57,16.02,2.79,148,1503,lincoln,-118.629818,47.343486
No,2017,215,-70,70,3,3.06,237,11.36,-2.41,17.94,4.77,206,1737,franklin,-119.018076,46.38176
Yes,2018,501,-25,96,21,2.97,516,9.85,-2.22,15.44,4.26,181,1275,klickitat,-121.171543,45.717382
Yes,2017,1192,-46,88,79,-0.56,628,7.56,-4.5,12.76,2.36,245,1093,asotin,-117.266303,46.124499
No,2017,526,97,24,6,1.99,395,9.63,-3.49,16.3,2.95,135,1491,whitman,-117.882857,47.057932
Yes,2017,262,86,-50,29,6.64,1813,11.2,1.33,16.44,5.96,46,1026,thurston,-123.12673,46.862981
Yes,2017,1207,-28,-95,190,2.4,2238,5.51,-2.78,9.46,1.57,64,465,pierce,-121.915172,47.009159
No,2017,355,98,-19,2,1.99,238,10.31,-4.28,17.37,3.25,188,1636,yakima,-120.773836,46.432955
Yes,2017,121,55,83,25,6.47,1247,10.76,1.23,16.07,5.46,33,976,thurston,-122.64479,46.926379
Yes,2017,532,31,94,78,4.9,3155,8.74,0.04,13.44,4.03,47,729,lewis,-123.322579,46.398129
Yes,2017,565,80,-58,21,0.52,676,8.21,-5.5,14.61,1.81,144,1332,chelan,-120.666389,47.765737
Yes,2018,880,77,62,38,-0.26,365,8.15,-6.39,13.44,2.86,249,1286,okanogan,-119.440353,48.271049
No,2017,447,-38,-92,68,0.74,320,9.41,-6.08,15.29,3.52,245,1512,okanogan,-119.652409,48.329814
No,2017,588,38,-92,19,1.12,288,8.87,-5.17,15.33,2.41,155,1453,lincoln,-118.848692,47.698223
Yes,2017,79,-97,-22,69,7.19,2687,9.64,4.05,12.07,7.22,43,380,clallam,-124.6972,48.231964
No,2017,608,-68,72,36,2.58,502,10.74,-2.02,15.9,5.59,273,1367,columbia,-118.153234,46.392026
No,2017,160,0,0,0,2.96,213,12.11,-2.36,18.67,5.55,284,1897,benton,-119.555818,46.476319
No,2017,242,-3,-99,29,2.72,210,11.6,-2.85,18.07,5.13,270,1820,benton,-119.732056,46.502468
No,2017,155,31,-94,10,2.71,196,12.16,-2.96,18.76,5.56,296,1956,grant,-119.619835,46.675637
Yes,2017,614,-91,-39,64,5.39,1986,9.46,0.57,14.16,4.76,67,870,lewis,-122.109216,46.498342
Yes,2017,676,-65,-75,141,4.79,3016,8.53,0.34,12.84,4.24,65,676,pacific,-123.376243,46.485252
Yes,2017,42,94,-31,15,6.43,1869,10.68,1.48,15.82,5.54,35,927,mason,-123.17164,47.183437
No,2017,787,80,-59,12,1.86,446,8.51,-4.75,13.95,3.07,163,1224,lincoln,-117.954029,47.704048
Yes,2017,809,3,99,100,3.19,3370,7.49,-1.48,11.59,3.4,106,731,skamania,-122.188896,45.803081
Yes,2017,986,92,-37,14,0.4,652,6.55,-6.46,11.98,1.12,151,1063,stevens,-117.745169,48.851795
No,2017,747,5,99,6,1.66,452,8.17,-5.04,14.03,2.31,120,1242,spokane,-117.777238,47.574655
Yes,2017,864,63,76,75,1.02,606,7.69,-5.83,13.68,1.7,125,1234,stevens,-117.644854,48.192267
No,2017,657,-70,70,1,1.68,554,7.97,-5.59,14.63,1.32,62,1305,spokane,-117.42961,47.944763
Yes,2017,696,-77,-62,60,-0.17,2868,7.54,-3.89,12.79,2.29,157,1052,snohomish,-121.272468,48.15689
No,2017,406,3,99,19,0.76,323,9.44,-5.96,15.78,3.11,218,1565,okanogan,-119.514251,48.618849
Yes,2017,1063,90,42,22,0.43,527,6.84,-6.28,11.71,1.96,188,1050,ferry,-118.260181,48.857428
Yes,2017,832,-96,-27,152,3.34,2585,6.83,-1.96,10.94,2.72,59,635,cowlitz,-122.328791,46.298337
No,2017,342,0,0,0,2.57,226,10.53,-3.26,17.09,3.97,175,1603,franklin,-118.885705,46.677668
Yes,2017,1126,-97,21,52,-0.55,466,6.12,-7.16,11.08,1.16,180,978,okanogan,-118.851878,48.977387
Yes,2017,390,53,-84,38,2,418,9.62,-4.19,16.3,2.93,127,1546,ferry,-118.193117,48.217558
No,2017,574,-64,76,32,2.81,516,10.69,-1.96,16.14,5.25,247,1399,columbia,-118.109434,46.221161
No,2017,581,-26,-96,58,2.17,483,10.74,-2,16.32,5.16,263,1476,garfield,-117.489864,46.584195
Yes,2018,75,-27,96,34,6.76,2702,9.99,3.05,13.78,6.2,32,606,clallam,-124.611919,47.899935
No,2017,740,-66,74,12,0.96,329,8.28,-5.61,14.31,2.25,151,1316,lincoln,-118.685393,47.830656
No,2017,422,-88,47,5,1.77,222,9.93,-4.3,16.39,3.47,192,1557,grant,-119.132102,47.195959
Yes,2017,114,-89,-44,3,6.5,2417,10.49,1.67,15.73,5.25,24,889,mason,-123.377268,47.204559
Yes,2017,1133,65,75,151,3.42,1509,7.1,-1.03,10.68,3.52,95,554,jefferson,-123.007387,47.846063
Yes,2017,1720,-84,54,51,-0.41,1202,4.03,-7.01,8.09,0,122,648,pend_oreille,-117.138893,48.440263
Yes,2017,691,17,-98,6,1.99,470,8.75,-3.41,14.89,2.6,135,1246,klickitat,-121.002322,45.937029
Yes,2018,791,-66,74,18,2.04,694,8.02,-3.78,14.27,1.78,77,1190,yakima,-121.085231,46.079533
Yes,2017,66,-76,64,41,6.67,2251,10.72,1.66,16.15,5.28,21,912,grays_harbor,-123.373103,47.071549
Yes,2017,675,-54,-83,118,3.09,3390,7.89,-0.83,11.87,3.92,64,628,skagit,-121.8148,48.305793
No,2017,473,-66,74,7,2.05,385,10.09,-3.06,17.01,3.16,128,1582,whitman,-117.874429,46.889497
Yes,2017,1794,11,-99,122,-1.77,972,4.84,-5.65,9.65,0.04,193,796,garfield,-117.573649,46.117439
Yes,2017,1369,-99,2,119,-0.79,1442,6.89,-4.71,11.71,2.08,241,946,columbia,-117.801152,46.082014
Yes,2017,314,-34,-93,16,6.24,2276,10.04,1.25,15.1,4.99,31,845,pacific,-123.454162,46.688976
No,2017,673,-98,16,4,1.42,676,7.64,-5.96,14.44,0.84,57,1304,pend_oreille,-117.276909,48.238984
No,2017,689,83,-55,37,1.37,320,8.66,-4.88,14.95,2.38,182,1340,yakima,-120.8038,46.590438
Yes,2017,307,-99,9,14,3.66,2712,8.68,-1.78,13.53,3.85,45,830,skagit,-121.689378,48.622737
Yes,2017,165,13,99,52,6.24,1528,10.68,0.97,16.25,5.12,30,1027,lewis,-122.72356,46.729791
Yes,2017,134,-77,-63,31,6.59,1163,10.95,1.22,16.56,5.34,27,1017,lewis,-122.929016,46.737133
Yes,2017,133,-56,82,43,6.34,1454,10.83,1.04,16.49,5.17,29,1049,lewis,-122.794354,46.694439
No,2017,636,52,-85,13,0.74,265,8.92,-5.75,15.21,2.62,193,1464,grant,-119.204727,47.675176
Yes,2018,178,85,-52,35,6.46,1409,10.76,1.29,15.84,5.67,43,951,thurston,-122.794773,46.874239
No,2017,609,-71,69,41,0.41,402,9.09,-5.48,14.74,3.43,260,1416,okanogan,-119.97003,48.129964
No,2017,488,-83,54,7,2.02,374,9.8,-3.47,16.48,3.11,138,1519,adams,-118.04496,46.923963
Yes,2017,1390,59,-80,83,-1.54,1135,4.63,-6.32,9.66,-0.4,151,818,kittitas,-120.748099,47.380237
Yes,2017,464,-87,-49,17,4.79,2468,8.67,-0.08,12.69,4.66,59,670,king,-121.714054,47.673614
Yes,2017,124,-94,-33,54,6.5,1315,11.26,1.26,16.56,5.95,60,1036,cowlitz,-122.781139,45.952403
No,2017,81,-79,-60,5,6.58,1190,11.49,1.42,16.81,6.18,64,1087,clark,-122.553696,45.694358
Yes,2017,1198,-88,47,108,1.78,2818,5.71,-2.91,9.72,1.71,73,559,king,-121.635134,47.279041
Yes,2017,1418,97,-24,84,-1.14,1324,3.48,-8.78,8.77,-1.81,75,773,pend_oreille,-117.183306,48.763784
No,2017,1931,-40,-91,85,-1.56,1439,2.16,-5.98,6.19,-1.86,89,483,clallam,-123.180665,47.892809
No,2017,280,8,99,8,2.64,231,11.02,-2.84,17.6,4.45,206,1665,yakima,-120.031398,46.160368
Yes,2017,1009,20,97,143,-0.09,591,7.56,-4.78,12.4,2.73,238,1107,chelan,-120.426737,47.403932
Yes,2017,746,99,8,90,5.08,2945,9,0.2,13.5,4.51,67,800,lewis,-122.495852,46.645078
Yes,2017,170,-96,26,5,5.85,1802,10.5,1.25,15.26,5.75,68,903,kitsap,-122.903183,47.548911
No,2017,734,-100,0,18,1.8,497,8.69,-3.67,14.91,2.48,119,1305,whitman,-117.366013,47.117118
No,2017,503,-97,-21,39,2.84,412,10.83,-2.16,16.4,5.25,247,1448,walla_walla,-118.326008,46.421584
No,2017,654,41,91,42,-0.12,344,8.21,-6.52,14.38,2.06,208,1392,okanogan,-119.35916,48.663168
No,2017,610,-47,88,6,1.52,397,8.9,-4.44,15.57,2.23,121,1433,whitman,-117.905615,47.223241
Yes,2017,879,73,-67,44,0.95,593,8.18,-5.27,13.61,2.78,207,1216,stevens,-117.997113,48.0184
Yes,2017,1548,-95,28,86,-2.16,576,4.61,-7.5,9.07,0.15,187,789,okanogan,-118.960389,48.48599
Yes,2017,1224,84,53,28,-2.08,474,4.87,-9.46,10.79,-1.06,149,1060,okanogan,-119.014225,48.836597
Yes,2017,44,43,-90,76,6.18,1487,9.74,2.29,13.47,6.01,40,614,clallam,-123.958795,48.144222
No,2017,163,0,100,1,2.69,207,12.18,-2.75,18.67,5.7,315,1980,benton,-119.577007,46.636606
Yes,2017,297,43,-90,26,6.48,3800,9.83,0.71,13.92,5.74,50,629,grays_harbor,-123.765912,47.327222
No,2017,758,-96,-27,38,1.09,256,9.33,-4.15,15.24,3.42,254,1424,yakima,-119.9239,46.617425
No,2017,770,79,60,18,1.92,480,10.1,-2.32,15.32,4.88,265,1323,garfield,-117.644051,46.449561
No,2017,726,-69,72,20,1.58,354,9.43,-3.54,15.34,3.53,247,1383,yakima,-120.356539,46.123038
No,2017,1122,99,-5,12,-0.06,485,8.01,-4.23,13.42,2.59,222,1164,asotin,-117.099392,46.110394
Yes,2018,1073,89,-44,51,0.44,645,7.43,-5.92,12.72,2.14,200,1126,stevens,-118.019371,48.337311
Yes,2017,1136,-53,-84,17,-2.07,495,5.34,-8.98,11.18,-0.51,151,1072,okanogan,-119.8726,48.567916
No,2017,496,-83,-55,9,1.22,247,9.7,-5.02,15.94,3.47,218,1543,grant,-119.351707,47.464788
No,2017,604,-70,-70,12,1.84,666,8.32,-5.1,14.11,2.55,119,1233,stevens,-117.949854,48.878797
Yes,2017,1061,98,18,8,-0.38,758,5.12,-8.11,11.94,-1.71,40,1053,pend_oreille,-117.522317,48.725948
Yes,2017,267,-63,-77,5,3.96,2110,8.74,-1.62,13.66,3.83,54,839,skagit,-122.077904,48.594456
Yes,2017,1352,99,-1,57,-2.71,666,6.09,-6.46,11.24,0.93,235,1099,okanogan,-120.168594,48.093216
Yes,2017,1321,-90,-43,81,-2.77,1220,3.38,-7.94,8.1,-1.35,104,736,skagit,-120.767622,48.565149
Yes,2017,120,12,-99,52,6.13,1437,10.55,1.48,15.27,5.84,58,882,kitsap,-122.750548,47.584626
Yes,2017,879,-72,68,121,-0.8,1405,6.59,-6.21,12.12,1.07,135,1076,chelan,-120.892987,48.344136
Yes,2017,1729,88,-47,135,-3.71,1453,3.2,-6.96,7.5,-1.1,149,684,chelan,-120.754802,48.245627
Yes,2017,640,-28,95,118,1.42,1174,8.27,-4.05,13.41,3.13,125,1049,whatcom,-121.022469,48.829673
No,2017,416,21,97,7,2.1,227,9.95,-4.05,16.35,3.54,181,1511,grant,-119.032852,46.948643
Yes,2017,523,1,99,122,5.52,3919,9.63,1.13,14.37,4.9,66,771,clallam,-124.083292,47.912505
Yes,2017,1268,-96,-24,122,-0.7,751,5.15,-7.73,10.26,0.05,148,877,stevens,-117.547545,48.879302
Yes,2017,250,-96,-27,45,6.33,3950,10.27,1.07,14.91,5.64,43,800,grays_harbor,-123.57783,47.306017
No,2017,6,-70,70,1,7.61,1896,10.78,2.29,15.69,5.87,12,707,grays_harbor,-123.524033,46.980063
Yes,2017,277,-92,38,72,5.77,2336,9.82,1.18,15,4.65,35,842,grays_harbor,-123.475999,46.823901
No,2019,703,-3,99,16,1.55,438,8.39,-4.76,14.76,2.01,100,1323,spokane,-117.758648,47.422583
No,2017,313,4,-99,8,2.14,210,10.39,-4,16.93,3.86,197,1617,grant,-119.278058,46.981649
Yes,2017,313,0,-99,86,5.46,2986,8.59,-0.09,13.08,4.1,43,615,clallam,-124.504207,48.196872
Yes,2017,301,94,-33,58,6.66,2904,9.7,1.32,14.37,5.03,32,689,clallam,-124.47974,48.058056
No,2017,670,-1,-99,52,1.19,224,9.52,-4.54,15.48,3.57,254,1464,grant,-119.598365,46.803685
Yes,2017,1058,-99,1,185,-0.36,3523,5.24,-4.71,9.69,0.78,97,677,snohomish,-121.427923,48.014441
Yes,2017,414,-32,-94,44,3.97,2870,8.86,-2.12,13.79,3.93,49,852,snohomish,-121.619137,48.287586
No,2017,525,-62,78,36,2.44,438,10.55,-2.26,16.62,4.47,186,1505,whitman,-117.685898,46.782048
No,2017,156,-98,19,19,6.51,1053,10.67,2.13,14.66,6.68,75,778,snohomish,-122.297351,47.918886
Yes,2017,1212,99,-6,55,-0.49,568,7.14,-5.52,11.56,2.72,257,1040,ferry,-118.506956,48.009997
No,2017,579,-46,-88,7,1.41,380,9.24,-4.88,15.43,3.06,183,1472,stevens,-118.360953,48.008664
No,2017,2445,89,44,175,-5.45,1703,-0.21,-10.65,3.88,-4.3,89,513,okanogan,-120.588479,48.535013
No,2017,1842,-12,99,106,-2.28,2250,1.56,-6.98,5.98,-2.86,80,501,jefferson,-123.347089,47.827088
Yes,2018,161,-99,1,23,6.19,1446,10.88,1.03,16.26,5.5,52,1021,cowlitz,-122.813003,46.096519
Yes,2019,1413,-71,-69,54,-0.33,1787,4.38,-5.65,9.32,-0.56,64,748,yakima,-121.46009,46.37874
Yes,2018,129,-64,76,17,6.71,570,10.36,1.87,14.82,5.9,31,739,jefferson,-122.859708,48.088427
Yes,2017,786,87,-48,120,0.57,332,8.71,-5.71,14.95,2.47,197,1446,ferry,-118.719624,48.160467
Yes,2017,1145,39,-91,55,-1.65,405,5.78,-8.78,11.68,-0.12,172,1127,okanogan,-119.129642,48.702776
Yes,2017,898,29,-95,40,-0.13,706,6.18,-7,12.19,0.18,132,1106,stevens,-117.869156,48.73888
No,2017,41,-96,26,28,6.62,1120,11.5,1.29,16.9,6.09,59,1087,clark,-122.736317,45.782854
Yes,2017,817,93,36,74,1.16,470,9.01,-4.65,14.44,3.58,238,1332,stevens,-118.159099,48.057984
No,2017,26,-52,84,60,8.56,1991,11.26,4.5,14.39,8.14,47,524,pacific,-124.049094,46.27772
No,2017,834,-76,-63,43,1.1,410,8.23,-4.76,13.94,2.52,166,1255,kittitas,-120.508989,47.128382
Yes,2017,379,39,-91,48,4.75,2122,8.26,-0.75,12.84,3.69,24,784,king,-121.783628,47.27956
No,2017,671,-73,-67,26,2.01,484,9.34,-3.05,15.54,3.13,143,1369,whitman,-117.520465,46.907616
Yes,2017,1367,51,85,44,-0.53,900,5.71,-7.42,11.37,0.05,119,1022,stevens,-117.504391,48.255931
Yes,2017,96,-70,-70,47,7.4,1107,11.12,1.25,15.18,7.07,52,734,whatcom,-122.465057,48.698257
Yes,2017,555,83,55,19,5.32,1638,8.87,0.19,13.66,4.09,43,831,pierce,-122.10496500000001,46.957599
No,2017,706,-73,-68,14,0.73,370,8.28,-5.28,14.65,1.94,156,1328,kittitas,-120.355428,47.074316
No,2017,570,-97,22,23,2.13,405,9.59,-3.15,16.04,3.15,140,1443,whitman,-117.774205,47.013372
Yes,2017,1391,-95,-29,33,-0.53,2743,4.81,-4.65,9.12,0.49,129,679,skamania,-121.616771,46.191095
Yes,2018,725,52,-85,35,2.11,1229,7.81,-3.18,13.65,1.97,60,978,klickitat,-121.568377,46.031446
No,2017,570,-71,-70,97,2.56,404,10.1,-2.59,15.85,4.35,220,1364,klickitat,-120.494177,45.767487
No,2017,613,-66,74,10,2.21,431,9.64,-2.85,15.47,3.81,205,1314,klickitat,-120.649139,45.785265
No,2017,929,96,-26,70,1,443,8.02,-4.46,13.41,2.64,197,1157,yakima,-120.874529,46.568411
Yes,2017,400,52,85,58,1.41,2798,7.99,-3.42,13.12,2.87,99,921,snohomish,-121.414588,48.179309
Yes,2017,1765,80,-58,68,-2.27,2096,2.93,-6.55,7.44,-1.58,114,538,yakima,-121.166389,46.897487
Yes,2017,1783,99,-6,105,-2.13,1656,3.31,-6.46,7.91,-1.3,139,587,yakima,-121.181211,46.722253
Yes,2017,1399,99,8,7,-0.89,1237,4.23,-5.87,8.75,-0.29,116,676,yakima,-121.313541,46.678446
Yes,2017,1025,97,-24,79,0.6,494,7.83,-5.48,13.07,2.58,205,1184,ferry,-118.569871,48.213229
No,2018,1910,-80,58,33,-3.79,2737,2.2,-7.5,6.48,-2.08,116,555,snohomish,-121.133147,48.048523
No,2017,647,-25,-96,8,2.09,404,8.88,-3.59,15.42,2.35,123,1321,klickitat,-120.872634,45.886524
Yes,2017,1131,74,66,17,-0.21,803,5.95,-7.01,11.14,0.75,170,982,stevens,-118.031613,48.947711
Yes,2017,203,-76,64,39,5.35,2626,9.56,0.41,15.14,4,25,855,pacific,-123.591211,46.539575
Yes,2017,528,-9,-99,50,1.39,294,9.7,-4.69,15.93,3.48,214,1538,ferry,-118.720495,48.015852
No,2017,528,0,0,0,1.78,280,9.42,-4.23,16.1,2.74,138,1510,adams,-118.400723,46.908802
Yes,2017,1677,-81,-57,112,-3.25,717,3.93,-7.71,8.65,-0.78,169,768,okanogan,-120.04951199999999,48.774391
Yes,2017,42,38,92,34,6.94,2683,10.12,3.18,13.78,6.46,32,592,clallam,-124.65579,48.061373
No,2017,310,-70,70,24,3.23,261,11.19,-2.25,17.67,4.72,228,1712,franklin,-118.849174,46.350649
Yes,2017,135,10,99,45,5.95,1505,10.6,1.28,15.25,5.96,69,896,king,-121.863026,47.776412
No,2017,312,63,-77,11,2.65,254,10.74,-3.02,17.32,4.15,197,1665,franklin,-118.862798,46.521126
No,2017,361,-70,-70,1,2.24,222,10.15,-3.88,16.56,3.74,183,1524,adams,-119.089052,46.87494
No,2017,424,-92,37,5,2.3,233,9.92,-3.88,16.45,3.4,153,1501,adams,-118.902743,46.842534
No,2017,36,-93,-35,5,7.14,578,10.12,1.95,14.47,5.77,21,641,island,-122.676736,48.207181
Yes,2017,444,-32,94,93,3.92,2603,9.26,-1.59,15.01,3.52,70,1093,skamania,-121.864478,45.827309
Yes,2017,640,61,78,68,3.64,2655,8.64,-1.76,13.78,3.51,100,966,skamania,-122.047455,45.847451
Yes,2017,441,44,89,111,6.3,3407,9.91,1.37,14.45,5.37,32,696,jefferson,-124.013914,47.596905
Yes,2017,126,85,-51,6,6.95,2990,10.02,1.82,14.46,5.58,20,639,grays_harbor,-124.154618,47.467631
Yes,2017,11,-81,58,4,7.7,2276,10.56,3.28,14.44,6.69,32,611,grays_harbor,-124.106611,47.078356
Yes,2017,516,-32,94,151,4.64,4069,9.08,0.7,13.39,4.78,89,737,mason,-123.394072,47.380256
Yes,2017,522,98,18,125,5.7,5021,9.56,1.44,13.84,5.28,76,712,grays_harbor,-123.542843,47.383896
No,2017,518,-2,-99,10,1.64,217,10,-4.78,15.9,4.1,242,1515,grant,-119.674,47.284286
Yes,2018,255,-74,-66,114,6.18,3148,9.54,1.29,13.86,5.22,40,642,pacific,-123.886126,46.340759
No,2017,393,-89,-44,19,1.41,600,9.6,-4.85,15.78,3.42,195,1489,chelan,-120.615018,47.596266
Yes,2017,78,77,63,31,6.69,2751,9.95,1.62,14.49,5.42,25,672,grays_harbor,-123.899845,47.13828
Yes,2017,58,76,64,28,7.08,2276,10.49,2.07,15.22,5.76,24,721,grays_harbor,-123.703311,47.009096
Yes,2017,574,39,91,51,4.05,2511,7.97,-0.78,12.17,3.77,65,733,king,-121.65473,47.348867
No,2017,1755,-96,-25,77,-5.29,2496,2.57,-6.81,6.94,-1.8,156,664,skagit,-121.155152,48.54625
Yes,2017,89,-52,-84,7,6.65,2460,10.49,1.74,15.59,5.38,26,827,grays_harbor,-123.544653,47.161639
Yes,2017,5,94,-31,2,6.69,446,10.29,2.68,14.19,6.4,42,656,clallam,-123.075585,48.116228
Yes,2017,43,89,-44,66,5.65,730,9.94,0.91,14.76,5.11,40,818,clallam,-123.004985,48.010138
No,2017,86,-70,-70,1,6.51,1263,11.44,1.38,16.74,6.15,63,1079,clark,-122.560545,45.761116
No,2017,556,-66,-74,26,2.39,483,10.79,-1.75,16.5,5.09,229,1494,whitman,-117.503877,46.745845
No,2017,426,68,-72,16,1.97,232,9.85,-4.07,16.37,3.33,174,1527,adams,-118.931071,47.006078
No,2017,16,85,-51,2,7.03,1500,11.22,1.9,16.77,5.67,22,987,grays_harbor,-123.300153,46.884436
Yes,2017,36,-59,80,38,6.69,2385,10.27,1.65,15.23,5.32,24,756,grays_harbor,-123.664248,46.843877
Yes,2017,608,88,45,37,0.2,954,8.17,-5.23,14.25,2.09,164,1343,chelan,-120.776648,47.554539
No,2017,479,-57,81,23,2.34,299,10.26,-3.35,16.82,3.71,168,1589,adams,-118.375697,46.744125
Yes,2017,115,-93,34,31,6.77,953,10.63,2.1,14.67,6.61,63,740,island,-122.388,47.959272
No,2017,76,4,99,16,6.59,1208,11.49,1.4,16.82,6.16,63,1081,clark,-122.581956,45.724914
No,2017,51,-35,-93,10,6.9,1136,12.01,2,17.17,6.85,85,1123,clark,-122.534024,45.601012
Yes,2017,360,75,65,84,5.81,1810,10.45,1.27,14.5,6.41,103,807,jefferson,-123.11546,47.724683
Yes,2017,293,90,-42,41,5.77,1606,10.01,-0.04,15.46,4.55,31,951,lewis,-123.296783,46.734954
Yes,2017,74,-42,90,14,6.44,2245,10.05,1.67,14.94,5.15,27,743,pacific,-123.811529,46.638549
Yes,2017,756,-74,67,24,0.62,378,8.51,-5.38,14.34,2.69,193,1346,ferry,-118.542205,48.042919
Yes,2018,360,0,100,15,5.53,1858,9.91,0.12,15.33,4.49,39,976,lewis,-122.575567,46.627664
Yes,2017,77,-94,31,46,6.58,1344,11.17,1.42,16.87,5.48,32,1082,lewis,-123.032123,46.39307
Yes,2017,52,99,0,41,6.69,2511,10.66,1.81,15.88,5.45,29,862,wahkiakum,-123.560518,46.37466
Yes,2017,53,-57,82,35,8.01,2387,10.85,3.33,14.57,7.14,35,601,pacific,-123.739061,46.29515
Yes,2018,1658,-99,6,107,-2.71,2280,3.7,-5.63,7.68,-0.28,141,617,whatcom,-121.189391,48.849419
Yes,2017,228,72,68,111,5.75,2538,10.79,0.98,15.63,5.96,87,985,mason,-123.085321,47.569742
Yes,2017,110,-76,64,58,6.41,2002,10.74,1.35,15.69,5.78,46,907,mason,-123.088132,47.38269
No,2017,81,61,-78,29,6.34,1541,10.73,1.5,15.64,5.82,50,916,mason,-122.863844,47.373167
Yes,2018,772,-91,-41,92,3.69,3562,7.62,-1.27,11.66,3.57,81,695,cowlitz,-122.292527,46.119557
Yes,2017,232,-51,-85,3,6.3,1229,10.4,1.1,15.27,5.53,36,935,pierce,-122.122357,47.108256
Yes,2017,226,65,75,69,6.6,2196,9.71,2.5,13.48,5.94,27,593,clallam,-124.482649,48.315195
No,2017,719,90,42,99,1.53,392,9.95,-2.61,15.52,4.39,264,1399,asotin,-117.290602,46.302846
No,2017,515,-99,6,4,1.3,251,9.59,-5,15.99,3.19,197,1541,grant,-119.186071,47.519428
No,2017,415,16,-98,10,1.57,241,9.98,-4.6,16.72,3.23,182,1625,grant,-119.098838,47.434725
No,2017,416,-51,85,4,1.59,233,9.95,-4.6,16.65,3.24,185,1614,grant,-119.152166,47.349582
No,2017,468,-14,-98,4,1.63,227,9.62,-4.57,16.21,3.03,163,1534,lincoln,-118.964146,47.324052
Yes,2017,252,-11,99,76,4.95,3158,8.9,0.21,14.21,3.58,29,772,pacific,-123.756059,46.472899
Yes,2017,1226,-99,7,35,-2.11,501,5.16,-9.44,11.18,-0.86,155,1089,okanogan,-118.987755,48.654126
Yes,2017,839,-48,87,65,3.21,3083,7.33,-1.28,11.32,3.34,80,665,cowlitz,-122.486261,46.141969
Yes,2017,277,-54,84,58,6.79,3094,10.04,1.71,14.68,5.41,21,702,clallam,-124.342727,48.020989
Yes,2017,419,27,-96,40,4.5,2434,9.51,-1.07,14.85,4.17,73,1020,clark,-122.273813,45.951845
Yes,2018,586,98,-16,103,4.82,2128,8.92,0.35,13.72,4.13,67,856,lewis,-122.215445,46.631241
Yes,2018,885,50,-86,33,3.06,2228,7.52,-1.25,12.08,2.97,75,775,lewis,-122.016249,46.638367
Yes,2017,302,-99,9,4,5.1,1685,9.93,-0.28,15.74,4.11,30,1062,lewis,-122.068459,46.496388
Yes,2017,576,-1,99,66,5.29,1936,9.46,-0.18,14.36,4.57,67,911,lewis,-122.139857,46.485797
No,2017,58,0,0,0,6.64,1536,10.73,1.48,16.02,5.45,29,946,thurston,-122.939627,46.930903
Yes,2017,1828,-64,-76,133,-2.8,2710,3,-7.27,7.54,-1.54,112,625,snohomish,-121.193483,48.005019
Yes,2017,68,86,-49,24,6.77,1196,11.27,1.91,16.07,6.46,57,940,king,-122.336003,47.288413
No,2017,117,89,-44,4,6.54,1134,10.89,1.68,15.65,6.14,57,895,pierce,-122.461762,47.255356
Yes,2017,1439,0,-100,65,-2.39,509,4.79,-8.14,9.52,0.06,196,859,ferry,-118.825643,48.800507
Yes,2017,380,-51,85,64,5.01,2645,9.85,-0.34,14.65,5.06,106,960,clark,-122.418067,45.807955
Yes,2017,159,-49,-87,34,6.73,3400,9.91,1.46,14.46,5.36,21,663,jefferson,-124.180305,47.622478
Yes,2017,37,-97,-24,8,7.51,2824,10.71,3.5,14.68,6.75,33,647,jefferson,-124.342986,47.564982
No,2017,585,-89,-44,5,1.28,274,9.05,-4.94,15.5,2.6,159,1464,lincoln,-118.834837,47.534963
No,2017,769,99,-4,18,1.67,539,8.53,-3.61,14.67,2.4,119,1283,whitman,-117.190093,47.084148
No,2017,155,-98,19,2,6.28,1530,10.79,0.9,16.52,5.07,26,1064,lewis,-122.720131,46.587551
No,2017,2283,44,-89,150,-4.95,1678,0.93,-8.05,5.11,-3.24,105,542,chelan,-120.727535,48.407165
Yes,2017,1497,86,-50,130,-0.52,875,7.27,-4.67,12.23,2.31,253,1023,asotin,-117.445366,46.112699
Yes,2017,1904,92,37,21,-3.31,1003,3.02,-7.53,7.91,-1.86,175,695,kittitas,-120.575064,47.256084
No,2017,750,27,-96,27,1.29,715,7.74,-5.62,14.22,1.27,80,1274,pend_oreille,-117.288054,48.062603
Yes,2017,472,27,96,31,6.9,3259,9.3,0.91,13.97,4.64,12,575,clallam,-124.275869,47.942628
Yes,2017,194,-97,24,27,4.83,1693,9.65,-0.59,14.32,4.98,54,840,whatcom,-122.103444,48.897361
Yes,2017,59,-65,75,58,6.3,1033,10.61,1.49,15.43,5.8,52,852,jefferson,-122.79523,47.764623
Yes,2018,489,-89,-44,131,5.3,3927,9.31,1.36,13.39,5.23,91,703,jefferson,-124.037014,47.766533
Yes,2017,875,73,67,104,-0.24,587,7.83,-5.73,13.29,2.37,229,1215,chelan,-120.444071,47.720957
No,2017,492,33,94,62,2.25,185,10.39,-4.02,16.26,4.51,244,1508,grant,-119.618638,46.964209
No,2017,143,91,41,4,6.76,1132,10.71,1.25,15.72,5.7,19,951,pierce,-122.29721,47.126902
Yes,2017,304,-99,-2,29,5.52,901,9.72,1.14,13.68,5.76,53,737,san_juan,-122.810686,48.665492
No,2017,5,-70,70,2,6.96,1012,10.42,1.88,14.82,6.02,33,716,skagit,-122.391098,48.546256
No,2017,32,-98,-18,15,6.93,716,10.47,2,14.67,6.27,43,697,skagit,-122.547442,48.415914
Yes,2017,1004,96,-24,89,2.92,3241,7,-2.03,11.25,2.74,85,722,skamania,-122.115742,46.002294
Yes,2017,301,-93,-35,60,5.34,1994,10.07,0.19,15.57,4.57,50,1033,cowlitz,-122.630168,46.092281
No,2017,1377,30,-95,171,0.19,3418,6.64,-2.01,10.51,2.76,117,690,whatcom,-121.569601,48.802198
No,2017,784,87,-47,20,1.69,584,8.53,-3.44,14.55,2.54,125,1261,whitman,-117.165657,46.94252
Yes,2017,260,66,74,41,5.92,1553,10.3,0.7,14.85,5.75,66,831,snohomish,-121.936785,48.113571
No,2017,638,-61,79,49,1.16,249,9.06,-5.85,14.59,3.54,231,1343,grant,-119.851334,47.314912
No,2017,313,66,74,43,3.22,334,11.36,-1.98,17.59,5.14,215,1632,walla_walla,-118.80708,46.026625
No,2017,330,49,86,19,3.36,252,11.22,-2.15,17.12,5.32,214,1566,benton,-118.991808,46.060647
No,2017,467,-67,73,10,3.05,257,10.67,-2.73,16.37,4.97,204,1413,benton,-119.147346,46.01009
No,2017,239,-25,96,11,2.33,185,10.77,-3.31,17.81,3.72,208,1669,yakima,-120.046622,46.322322
Yes,2017,793,-61,78,49,1.37,967,7.13,-5,12.55,1.71,98,1043,kittitas,-120.902091,47.235032
No,2017,679,20,-97,15,0.73,281,8.61,-6.17,14.54,2.69,193,1380,douglas,-119.380958,47.628294
Yes,2017,1433,87,-49,159,0.36,3166,4.65,-4.15,8.47,0.83,91,505,kittitas,-121.444558,47.348208
No,2017,377,44,-89,1,1.83,191,10.22,-4.69,16.55,3.9,225,1581,grant,-119.824018,47.146641
Yes,2017,1577,98,-17,108,-3.79,1162,3.87,-7.69,8.85,-1.1,152,851,okanogan,-120.527099,48.338087
Yes,2017,1293,-99,8,159,-1.05,1793,3.83,-6.23,8.21,-0.56,115,596,kittitas,-121.135737,47.511835
Yes,2017,1134,-96,-26,70,-0.2,1436,5.53,-5.75,10.52,0.55,122,887,kittitas,-120.931271,47.406987
Yes,2017,207,72,68,15,6.3,1662,10.55,1.46,15.07,6.03,59,882,king,-121.85274,47.624876
No,2017,392,-60,79,17,2.89,274,10.86,-2.71,17,4.71,214,1576,franklin,-118.696808,46.562768
No,2017,343,31,-94,2,3.17,318,11.27,-2.04,17.44,5.1,221,1598,walla_walla,-118.502122,46.367183
No,2017,248,99,-9,76,2.91,273,11.25,-2.33,17.82,4.68,223,1709,franklin,-118.685714,46.405038
No,2017,648,-94,-33,12,1.36,328,8.44,-5.12,14.78,2.11,125,1350,lincoln,-118.47375,47.555186
No,2017,691,92,-38,158,1.12,243,9.5,-5.46,15.46,3.53,229,1505,grant,-119.525894,47.5028
Yes,2017,1151,-22,97,85,2.38,2669,6.11,-3.05,10.34,1.87,50,616,king,-121.596229,47.195154
No,2017,744,-58,81,6,0.48,314,8.44,-5.94,14.26,2.62,196,1343,douglas,-119.247578,48.003565
No,2017,695,98,15,11,0.44,286,8.41,-6.41,14.46,2.36,188,1382,douglas,-119.228573,47.835876
Yes,2017,1245,-92,37,120,-0.83,2546,4.96,-4.13,9.07,0.84,94,641,whatcom,-121.761747,48.952737
No,2017,10,92,-37,20,7.11,834,10.75,2.3,15.02,6.48,42,728,island,-122.438361,47.948606
No,2017,529,98,-14,4,1.73,298,9.38,-4.28,16.05,2.72,138,1490,adams,-118.41613,47.071186
No,2017,517,79,61,15,1.41,250,9.41,-4.73,15.91,2.91,170,1521,grant,-118.995171,47.48609
No,2017,469,-97,-21,40,1.1,306,9.42,-5.12,15.08,3.76,218,1424,chelan,-120.145604,47.913953
Yes,2017,1139,99,-13,26,0.06,1620,5.12,-7.4,11.07,-0.83,45,943,yakima,-121.38663,46.826766
No,2017,671,-81,58,3,1.87,522,9.03,-3.27,15.3,2.76,129,1344,whitman,-117.349046,46.955827
No,2017,553,-34,-93,22,2,418,9.6,-3.15,16.23,2.97,135,1472,whitman,-117.699781,46.946463
Yes,2017,1022,-99,-8,43,0.41,570,7.74,-5.61,12.77,2.71,222,1133,stevens,-118.017282,48.191594
Yes,2017,859,92,-39,41,0.55,744,6.79,-6.92,13.6,-0.02,72,1219,pend_oreille,-117.356945,48.380981
Yes,2017,633,-93,-34,16,1.58,631,7.75,-5.81,14.6,0.91,55,1316,pend_oreille,-117.269056,48.286321
Yes,2017,902,53,-84,80,-0.35,491,6.35,-8.39,12.81,-0.12,104,1206,ferry,-118.759946,48.699227
Yes,2017,1441,-86,-49,64,-2.42,556,5.43,-7.66,10.37,0.5,200,983,okanogan,-119.837781,48.418325
No,2017,239,-98,-14,3,2.58,194,11.01,-3.26,17.57,4.44,208,1688,adams,-119.25442,46.820582
No,2017,226,-70,-70,4,2.67,191,11.24,-3.38,17.69,4.79,231,1701,grant,-119.438908,46.846414
No,2017,591,-63,77,38,1.51,258,9.32,-4.5,15.5,3.15,207,1411,yakima,-120.640067,46.730696
Yes,2017,1524,-99,-8,147,-1.6,2960,3.71,-5.59,7.6,-0.17,95,562,whatcom,-121.431825,48.945509
No,2017,705,97,-20,12,1.42,331,8.18,-5.19,14.53,1.84,109,1307,lincoln,-118.295734,47.523715
No,2017,649,-77,63,13,1.46,321,8.59,-4.73,14.87,2.3,137,1357,lincoln,-118.27066,47.356663
No,2017,246,-39,-91,4,2.52,199,11.57,-3.22,18.03,5.11,278,1826,grant,-119.756468,46.671037
Yes,2017,1077,80,-59,86,-0.06,841,7.1,-5.33,12.13,2.08,193,1080,chelan,-120.591838,47.426913
No,2017,804,61,78,28,0.3,411,8.53,-5.26,13.61,3.44,250,1247,chelan,-120.366286,47.375939
No,2017,309,-70,70,3,2.58,219,10.54,-3.33,16.89,4.18,193,1560,franklin,-119.235976,46.650911
Yes,2017,870,11,99,30,-1.02,450,7.51,-6.76,13.06,1.97,222,1269,okanogan,-120.005178,48.277156
Yes,2017,814,-99,-4,72,3.96,2870,7.65,-0.94,11.27,4.03,72,565,king,-121.830111,47.460766
No,2017,886,-39,91,5,0.17,397,8.89,-5.38,13.88,3.89,306,1294,okanogan,-119.823954,48.131101
No,2017,779,21,-97,86,1.12,280,8.86,-4.9,14.18,3.54,228,1277,kittitas,-120.151483,47.110658
No,2017,667,80,59,5,1.75,449,8.69,-4.31,14.81,2.58,128,1319,spokane,-117.730782,47.269559
No,2017,580,-99,-3,9,1.55,318,9.02,-4.5,15.63,2.42,132,1447,adams,-118.247932,47.194372
No,2017,572,-99,-10,40,1.73,354,9.27,-4.06,15.96,2.59,130,1466,adams,-118.056549,47.084426
No,2017,520,-89,-44,6,1.88,308,9.48,-4.05,16.1,2.85,138,1492,adams,-118.228387,47.034709
No,2017,238,95,28,36,3.2,287,11.44,-2.25,17.85,5.05,215,1686,walla_walla,-118.354109,46.582829
No,2017,381,97,21,24,2.82,293,11.08,-2.39,17.21,4.96,232,1603,walla_walla,-118.524603,46.526821
No,2017,763,75,66,28,0.9,241,8.6,-5.38,14.53,2.67,200,1334,kittitas,-120.155399,46.969112
Yes,2018,253,63,77,38,5.79,1418,9.79,0.56,14.68,4.9,29,897,pierce,-121.958214,47.153942
No,2017,599,-70,70,9,1.05,272,9.03,-5.52,15.41,2.65,180,1475,grant,-119.019225,47.653833
No,2017,589,98,-16,26,2.14,410,9.47,-3.28,15.85,3.08,141,1413,whitman,-117.713068,47.101889
No,2017,649,-58,81,5,1.32,311,8.44,-5.35,14.98,1.9,112,1387,lincoln,-118.657911,47.668766
No,2017,616,45,-89,40,0.87,353,9.54,-5.11,15.15,3.92,263,1437,chelan,-119.932267,47.957798
Yes,2017,1741,53,84,29,-2.49,1408,3.37,-6.5,7.99,-1.25,129,641,yakima,-121.321816,46.53058
No,2017,381,70,-70,1,1.8,234,10.2,-4.35,17.12,3.29,198,1629,yakima,-120.625661,46.5569
No,2017,255,93,-34,10,2.12,193,10.81,-3.78,17.88,3.74,202,1725,yakima,-120.590265,46.411538
Yes,2017,334,-82,56,24,4.25,1677,9.66,-0.58,15.38,3.95,69,1100,lewis,-121.994053,46.441697
No,2017,473,93,-35,5,2.12,324,9.92,-3.66,16.63,3.2,148,1556,adams,-118.215644,46.887448
No,2017,371,-92,37,33,3.2,435,11.28,-1.87,17.22,5.35,243,1557,walla_walla,-118.320169,46.263767
No,2017,367,-89,44,9,3.44,490,11.48,-1.64,17.39,5.57,266,1586,walla_walla,-118.268941,46.108386
Yes,2017,1302,-78,61,55,-1.68,562,4.88,-9.71,10.96,-1.21,129,1051,ferry,-118.588553,48.529997
No,2017,386,-85,-51,9,2.56,319,10.63,-3,17.26,4,184,1642,whitman,-118.191566,46.710309
Yes,2017,633,6,99,46,0.36,436,7.8,-6.64,14.58,1.03,120,1404,ferry,-118.775011,48.456663
Yes,2017,1582,-58,81,53,-2.88,680,4.54,-8.46,9.27,-0.2,201,875,okanogan,-119.164357,48.788215
No,2017,344,0,-100,5,2.47,219,10.34,-3.48,16.75,3.93,181,1553,franklin,-119.062762,46.705619
No,2017,1108,88,-45,88,0.6,525,7.79,-4.05,12.44,3.15,269,1046,yakima,-120.944315,46.526298
No,2017,21,70,70,1,6.6,1233,10.47,0.51,15.34,5.59,34,831,whatcom,-122.326714,48.94923
No,2017,165,70,-70,3,3.78,318,12.37,-0.89,18.52,6.21,238,1744,columbia,-118.177423,46.553699
No,2017,362,81,-58,9,3,242,10.86,-2.37,17.03,4.69,191,1555,benton,-119.322942,46.036523
Yes,2017,565,0,-100,2,2.29,782,8.74,-3.25,15.3,2.19,102,1271,klickitat,-121.232801,46.034111
No,2017,917,17,98,31,0.69,424,8.41,-4.38,14.27,2.55,237,1281,yakima,-120.402748,46.081463
Yes,2017,802,-98,18,77,2.11,3504,7.73,-1.41,12.03,3.43,87,693,snohomish,-121.603142,48.134843
Yes,2017,1135,-23,97,86,-2.42,2880,5.35,-5.19,10.38,0.33,164,884,skagit,-121.264909,48.301106
Yes,2019,2141,-2,99,80,-4.75,1632,1.61,-7.67,6.27,-3.05,139,605,yakima,-121.437802,46.212658
Yes,2017,510,53,84,59,3.94,2999,9.53,0.37,13.92,5.15,74,807,snohomish,-121.809022,48.230615
No,2017,545,-80,59,26,2.58,443,10.96,-1.88,16.35,5.58,265,1470,columbia,-117.986176,46.436348
Yes,2018,1328,-8,-99,17,-2.4,535,4.92,-8.55,9.99,-0.14,187,947,okanogan,-119.14558,48.464913
No,2017,809,99,8,23,-0.31,368,7.77,-7.05,13.49,2.05,201,1287,okanogan,-119.656964,48.471195
No,2017,264,46,88,20,3.37,231,11.93,-1.79,18.11,5.75,244,1719,benton,-119.177395,46.171968
Yes,2017,899,-62,-78,38,3.14,2543,7.65,-0.81,11.4,3.9,58,568,whatcom,-122.2838,48.773096
Yes,2017,612,-84,53,26,1.46,510,8.39,-5.23,14.83,1.96,102,1362,stevens,-117.803423,47.89136
No,2017,410,72,-68,29,2.4,281,10.4,-3.32,17.01,3.79,171,1605,franklin,-118.53584,46.694537
No,2017,618,36,-93,25,1.34,243,9.41,-4.65,15.57,3.25,224,1451,kittitas,-120.127969,46.805082
No,2017,436,-98,19,2,2.04,230,9.25,-5.4,15.94,2.56,127,1351,kittitas,-120.504203,46.939355
No,2017,683,-98,-17,12,1.16,270,8.45,-5.19,14.87,2.04,147,1334,kittitas,-120.285081,46.877137
No,2017,775,16,-98,11,-0.17,299,8.05,-6.96,14.06,2.05,197,1374,douglas,-119.778148,47.647248
No,2017,1797,98,18,134,-4.43,2086,2.72,-7,6.81,-1.37,149,624,chelan,-120.942317,48.515212
Yes,2017,811,62,-78,38,2.65,3480,8.24,-0.38,12.11,4.37,77,668,skagit,-122.00743,48.403884
Yes,2017,1229,35,93,57,1.24,2677,5.61,-3.16,9.99,1.25,82,613,lewis,-121.881487,46.682809
Yes,2017,770,-76,64,126,3.77,3207,8.76,0.21,12.62,4.9,70,635,snohomish,-121.874074,48.165627
No,2017,632,25,96,36,2.61,507,10.52,-2.08,15.97,5.06,240,1384,columbia,-117.988702,46.280146
No,2017,699,-93,-35,26,2.39,792,10.04,-2.64,15.53,4.55,234,1353,walla_walla,-118.129016,46.089398
No,2017,226,15,98,6,1.96,196,10.74,-3.44,17.91,3.57,213,1729,yakima,-120.217691,46.273109
Yes,2017,1544,99,3,145,-2.55,1848,4.07,-7.46,8.96,-0.81,118,795,chelan,-120.89479,48.198642
Yes,2017,862,91,-41,5,2.83,2354,8.01,-2.61,12.82,3.2,111,918,skamania,-121.728383,45.869618
No,2017,390,0,0,0,2.08,327,10.6,-3.25,16.9,4.3,201,1632,ferry,-118.529981,47.877459
Yes,2017,930,-34,94,32,-0.75,395,7.06,-7.57,12.91,1.21,190,1227,okanogan,-119.313148,48.492358
No,2017,649,24,96,29,0.91,221,9.16,-4.92,15.76,2.56,220,1495,yakima,-120.097479,46.489771
No,2017,304,-86,-50,6,2.31,199,10.73,-3.5,17.41,4.03,231,1629,yakima,-120.24557,46.428203
Yes,2018,1623,89,-45,39,-4.34,804,2.37,-9.96,7.71,-2.96,99,762,okanogan,-120.274253,48.873689
Yes,2017,412,83,54,135,3.25,2328,9.36,-1.03,14.53,4.2,106,1047,king,-121.318493,47.706264
Yes,2017,892,-24,96,60,1.9,4036,6.97,-1.64,10.69,3.26,117,647,king,-121.496232,47.665677
Yes,2017,968,0,-99,107,0.38,2294,6.36,-3.84,10.88,1.84,129,832,snohomish,-121.206664,47.833898
Yes,2013,1106,-94,-33,51,0.5,1017,8.7,-3.3,13.62,3.79,279,1134,columbia,-117.773749,46.289026
Yes,2013,966,-77,63,92,0.22,773,6.59,-6.33,11.73,1.46,163,1055,stevens,-118.100171,48.877071
Yes,2013,487,35,-93,54,1.97,501,8.78,-5.08,15.14,2.42,102,1376,stevens,-118.020927,48.729497
No,2013,524,68,72,34,1.44,246,10.05,-4.96,15.96,4.14,250,1540,grant,-119.841904,47.431383
Yes,2013,493,-24,97,19,2.09,335,10.28,-3.48,16.47,4.1,195,1567,lincoln,-118.467541,47.862802
No,2013,287,-28,95,120,3.3,315,11.07,-2.3,16.96,5.2,209,1545,walla_walla,-118.928853,46.026535
No,2013,450,-76,-64,16,3.16,262,10.68,-2.71,16.37,4.99,195,1406,benton,-119.116096,46.048788
No,2013,373,70,-70,1,1.82,189,10.16,-4.73,16.59,3.73,214,1590,grant,-119.790936,47.116173
No,2013,633,-4,-99,14,1.31,305,8.51,-5.15,14.95,2.07,124,1380,lincoln,-118.613072,47.547263
No,2013,587,-30,95,13,1.54,309,8.95,-4.67,15.36,2.55,146,1417,lincoln,-118.408,47.358703
No,2013,570,97,20,10,1.56,285,9.09,-4.6,15.7,2.49,134,1457,adams,-118.569838,47.222308
No,2013,616,-88,-47,7,1.12,279,9.05,-5.53,15.36,2.75,181,1462,grant,-118.994725,47.693523
Yes,2013,1256,83,54,52,-0.51,937,5.02,-7.53,10.38,-0.35,124,898,pend_oreille,-117.142236,48.578397
Yes,2013,756,55,83,20,1.14,736,7.49,-5.82,13.82,1.15,76,1242,pend_oreille,-117.091333,48.063443
Yes,2013,1264,37,92,81,2.02,1176,6.35,-5.76,10.35,2.34,86,872,spokane,-117.055578,47.901628
Yes,2013,1613,50,86,62,-0.69,1179,3.33,-8.96,8.59,-1.92,54,731,pend_oreille,-117.136406,48.71247
Yes,2013,853,39,91,63,0.72,767,6.88,-6.17,13.07,0.68,79,1182,pend_oreille,-117.27714,48.085986
Yes,2013,812,-76,-64,59,1.57,787,8.25,-4.84,13.74,2.76,158,1216,spokane,-117.214492,47.945059
No,2013,529,-37,-92,4,1.78,471,8.84,-4.75,15.68,2,88,1427,spokane,-117.35455,47.894862
No,2013,762,100,0,9,1.67,524,8.57,-3.69,14.83,2.32,112,1303,whitman,-117.168046,47.132491
Yes,2013,1689,-94,-32,83,-1.04,966,4.2,-7.81,8.37,0.03,151,696,stevens,-117.513442,48.87281
Yes,2013,1658,-58,81,82,-0.58,1518,5.83,-5.4,10.46,1.21,205,814,columbia,-117.721437,46.124873
Yes,2013,469,0,-100,7,2.08,472,8.85,-4.94,15.29,2.42,89,1392,stevens,-118.093595,48.583842
No,2013,698,-89,-45,18,1.89,462,8.76,-4.06,14.91,2.61,122,1316,spokane,-117.53405,47.267584
No,2013,768,97,24,27,1.8,474,8.58,-4,14.74,2.41,110,1295,whitman,-117.337598,47.246557
Yes,2013,821,84,-52,36,0.38,765,6.4,-7.14,13.06,-0.26,74,1150,pend_oreille,-117.309468,48.594957
No,2013,705,79,-60,24,2.06,462,8.99,-3.37,15.13,2.86,135,1310,whitman,-117.506137,47.109857
No,2013,745,-64,76,16,1.88,532,8.89,-3.25,14.92,2.86,131,1298,whitman,-117.282342,46.906548
Yes,2013,628,-99,-11,15,1.37,685,7.74,-5.9,14.43,1.06,89,1269,pend_oreille,-117.278596,48.435388
No,2013,668,-77,63,28,2.09,489,10.13,-2.33,15.9,4.37,207,1415,whitman,-117.471708,46.786366
No,2013,561,81,-57,27,2.39,473,10.42,-2.09,16.21,4.62,200,1447,whitman,-117.542993,46.780904
Yes,2013,943,90,-42,59,0.99,588,7.63,-6.25,13.7,1.56,132,1213,stevens,-117.982114,48.063758
Yes,2013,561,96,25,15,1.14,522,8.4,-5.33,14.99,1.81,116,1418,stevens,-117.92928,47.901906
No,2013,595,70,70,3,1.54,327,8.97,-4.52,15.5,2.43,134,1432,adams,-118.230447,47.24053
No,2013,579,46,-88,33,2.04,430,9.63,-3.02,16.14,3.13,137,1458,whitman,-117.653728,46.904924
No,2013,377,-88,47,6,3.11,374,11.24,-1.98,17.22,5.27,235,1556,walla_walla,-118.425551,46.374896
Yes,2013,1148,93,-35,78,0.21,447,7.2,-6.36,11.97,2.43,219,1065,ferry,-118.783106,48.308198
Yes,2013,1117,-29,-95,136,0.37,523,6.67,-6.4,11.39,1.95,185,996,ferry,-118.262252,48.828299
No,2013,496,-93,-35,77,2.31,454,10.61,-2.16,16.48,4.75,229,1489,columbia,-117.775793,46.447856
No,2013,418,-21,-97,12,2.76,218,10.69,-3.05,16.64,4.74,221,1487,benton,-119.848908,46.339549
No,2013,1921,-73,-67,63,-3.83,1614,1.76,-7.93,6.03,-2.5,93,566,okanogan,-120.653148,48.455752
Yes,2013,503,73,67,168,0.33,972,8.11,-5.17,13.91,2.33,152,1277,chelan,-120.742513,48.35423
Yes,2013,1573,96,26,67,-1.89,891,4.33,-6.62,9.3,-0.64,177,806,kittitas,-120.508016,47.23177
Yes,2013,1085,98,18,82,0.49,827,6.91,-4.58,12.18,1.63,136,1063,kittitas,-120.726544,47.257184
No,2013,511,-65,-75,23,1.38,221,9.86,-5.15,15.86,3.86,241,1527,grant,-119.486993,47.458074
Yes,2014,2097,-23,97,79,-5.11,1228,1.24,-9.17,6.1,-3.61,100,634,okanogan,-120.302563,48.235932
No,2013,334,87,-48,4,2.09,200,10.36,-4.21,16.85,3.89,205,1604,grant,-119.419355,46.979456
No,2013,171,-64,76,5,2.81,194,11.81,-3.03,18.32,5.3,271,1790,grant,-119.574308,46.841902
No,2013,524,-96,27,130,0.83,291,9.92,-4.82,15.69,4.15,284,1621,douglas,-120.230944,47.566612
No,2013,879,-41,-90,17,-0.38,337,7.99,-6.03,13.29,2.69,247,1248,douglas,-120.014843,47.468415
No,2013,306,-89,-44,6,2.55,204,10.51,-3.33,16.9,4.13,188,1547,franklin,-119.224568,46.697734
No,2013,449,86,50,59,0.89,313,9.38,-6.02,15.64,3.11,211,1528,okanogan,-119.502361,48.660078
No,2013,371,25,-96,82,0.66,333,9.44,-6.28,15.74,3.14,233,1570,okanogan,-119.969199,48.080162
No,2013,301,86,-50,8,3.09,233,11.38,-2.38,17.51,5.27,244,1668,benton,-119.500605,46.355662
Yes,2013,1145,71,-70,117,-0.09,921,5.75,-6.15,11.93,-0.43,64,1035,yakima,-121.242991,46.577823
No,2013,1132,-62,77,56,0.63,541,7.18,-4.44,12.43,1.93,169,1074,yakima,-120.943227,46.589592
Yes,2013,1372,-40,91,39,-2.54,580,4.41,-9.6,10.14,-1.32,156,998,okanogan,-119.158471,48.813172
No,2013,291,-39,91,3,3.02,261,11.07,-2.48,17.6,4.54,223,1707,franklin,-118.817027,46.39538
No,2013,553,-64,76,7,1.14,253,9.47,-5.15,15.84,3.1,200,1521,grant,-119.15454,47.640995
No,2013,548,-14,-98,4,1.34,260,9.26,-4.82,15.72,2.81,169,1497,lincoln,-118.962203,47.526206
No,2013,485,44,-89,9,1.4,251,9.68,-4.88,16.19,3.17,190,1563,grant,-119.144672,47.477057
No,2013,431,12,-99,31,2.05,278,9.98,-3.73,16.77,3.2,154,1594,adams,-118.507706,46.740572
No,2013,140,0,-100,1,2.86,197,12.39,-2.83,18.89,5.89,310,1966,benton,-119.723601,46.62904
Yes,2013,754,96,27,5,0.43,398,7.89,-6.62,14.56,1.23,126,1392,okanogan,-118.850377,48.166233
No,2013,370,-43,90,11,2.08,221,10.11,-4.06,16.54,3.68,189,1538,grant,-119.068553,46.992466
No,2013,401,-46,-88,7,2.84,243,10.83,-2.75,16.9,4.76,221,1553,benton,-119.671315,46.301047
No,2013,811,50,86,19,-1.32,377,7.19,-7.5,13.01,1.36,218,1279,okanogan,-119.567983,48.95859
No,2013,1164,-46,-88,39,-1.35,393,5.61,-8.55,11.08,0.14,165,1039,okanogan,-119.131963,48.659228
No,2013,287,-79,-60,3,2.56,223,10.63,-3.2,17.18,4.08,184,1610,franklin,-119.020648,46.66984
No,2013,343,-62,78,14,2.5,257,10.45,-3.3,17.1,3.8,183,1642,franklin,-118.835668,46.554263
Yes,2013,888,-34,93,46,0.35,536,7.77,-5.54,13,2.55,210,1170,ferry,-118.498234,48.1523
No,2013,215,-83,-54,7,2.74,233,11.05,-2.8,17.71,4.39,200,1712,franklin,-119.002802,46.508868
No,2013,253,93,-36,8,3.26,214,11.41,-1.94,17.76,5.06,202,1656,benton,-119.311548,45.959988
Yes,2014,1626,-97,20,23,-3.31,573,3.97,-7.92,8.52,-0.58,197,791,okanogan,-119.120012,48.496548
No,2013,174,-89,-44,2,3.15,233,11.63,-2.23,18.24,5.01,219,1776,franklin,-118.983023,46.338408
No,2013,630,-50,-86,24,1.34,269,8.48,-5.62,14.94,2.02,140,1323,kittitas,-120.296488,46.963713
No,2013,578,-75,65,31,1.82,271,9.06,-4.9,15.37,2.75,149,1315,kittitas,-120.453212,46.907732
No,2013,741,-9,-99,18,0.2,324,8.56,-6.13,14,3.13,244,1343,okanogan,-119.406424,48.158459
No,2013,250,31,-94,1,2.09,200,10.84,-3.75,17.81,3.87,218,1721,yakima,-120.39116,46.41964
Yes,2013,1319,-42,-90,52,-3.02,854,3.77,-9.26,9.57,-2.02,86,850,okanogan,-120.426783,48.875845
Yes,2015,1853,-98,16,80,-3.79,885,3.12,-7.64,7.72,-1.48,145,696,okanogan,-120.21209,48.769479
No,2013,380,90,42,11,2.4,224,10.78,-3.07,17.19,4.37,232,1619,benton,-119.868068,46.495882
Yes,2013,212,-84,-54,13,3.97,2517,9.07,-1.29,13.86,4.28,48,841,whatcom,-121.694409,48.653365
No,2013,1960,61,79,38,-2.61,2345,2.21,-6.8,6.57,-2.15,99,491,pierce,-121.689114,46.913322
No,2013,200,-98,-14,2,6.22,1298,10.55,1.24,15.45,5.66,46,939,king,-122.012345,47.231098
No,2013,204,-70,70,1,6.32,1236,10.56,1.25,15.44,5.67,41,937,pierce,-122.1039,47.158739
No,2013,2162,99,-5,75,-3.58,2446,1.51,-7.52,5.93,-2.91,102,507,yakima,-121.445723,46.511308
Yes,2013,595,-47,88,72,4.1,2294,8.97,-0.14,13.12,4.81,68,705,skagit,-121.95072,48.35334
Yes,2013,404,-43,-90,57,4.44,2299,9.31,0.25,13.53,5.1,69,730,skagit,-121.934861,48.313076
Yes,2013,1855,-96,-25,46,-3.2,3012,2.7,-6.66,7.25,-1.85,122,624,skamania,-121.559086,46.219985
Yes,2013,329,-83,-55,132,5.91,2505,10.71,1.32,14.56,6.87,79,786,snohomish,-121.936515,48.168308
Yes,2013,98,-24,97,51,6.53,1465,10.84,1.55,15.49,6.2,56,901,king,-121.861669,47.668506
Yes,2013,583,90,43,112,4.7,2258,8.7,-0.41,13.32,4.08,43,817,king,-121.804118,47.322041
No,2013,298,96,26,3,2.16,212,10.66,-4.01,17.89,3.43,183,1707,yakima,-120.721246,46.375858
No,2013,586,99,1,23,1.52,313,9.18,-4.42,15.59,2.77,191,1410,yakima,-120.880478,46.431714
Yes,2013,448,100,0,26,2.58,248,10.73,-3.12,16.82,4.64,260,1533,yakima,-120.367226,46.224037
No,2013,526,-4,-99,23,1.12,1407,7.98,-4.11,13.03,2.94,131,1003,whatcom,-121.031238,48.787763
Yes,2013,757,98,14,194,2.21,3219,7.99,-1.25,12.13,3.86,92,685,snohomish,-121.565759,48.16196
No,2013,642,32,-94,113,2,318,9.72,-3.36,15.44,4.01,256,1373,yakima,-120.313215,46.100174
No,2013,1898,-96,27,121,-5.16,2403,1.11,-8.6,5.06,-2.85,122,521,skagit,-121.086021,48.50486
No,2013,965,44,89,14,0.09,3783,6.77,-3.01,11.23,2.31,161,824,snohomish,-121.349043,48.014072
Yes,2013,233,-86,49,41,4.08,2850,10.02,-0.07,15.05,4.99,86,1019,snohomish,-121.508613,47.836437
Yes,2014,397,98,-15,61,2.53,431,10.29,-2.63,16.63,3.95,212,1486,klickitat,-120.539851,45.871973
No,2013,478,9,99,3,3.22,432,10.09,-2.16,16.11,4.07,159,1362,klickitat,-120.966042,45.727002
Yes,2013,585,-54,-83,20,2.18,546,9.24,-2.83,14.95,3.53,182,1252,klickitat,-121.140157,45.736191
Yes,2013,1139,-12,-99,161,-1.28,1048,6.65,-6.1,11.28,2.02,227,1001,chelan,-120.673283,48.192656
No,2013,1902,-59,-80,137,-5.15,2248,0.93,-8.63,5.34,-3.48,102,547,chelan,-120.861114,48.222639
No,2013,2266,92,-38,183,-3.74,4095,1.2,-6.84,5.19,-2.79,123,426,kittitas,-121.288343,47.508393
Yes,2013,1390,70,-70,65,-1.44,2389,4.25,-5.62,8.52,-0.02,132,669,snohomish,-121.164556,47.875928
Yes,2013,886,-12,99,39,0.27,1510,6.02,-5.36,11.36,0.68,104,960,kittitas,-121.079335,47.413028
Yes,2013,705,-88,-45,17,1.75,1100,7.17,-4.32,12.49,1.85,90,992,kittitas,-121.036583,47.239143
Yes,2013,1494,96,25,130,-0.18,1140,5.25,-5.17,9.64,0.85,148,733,yakima,-121.145257,46.699925
Yes,2013,110,99,-3,62,6.84,1223,10.94,1.94,15.32,6.57,55,849,king,-122.006422,47.764759
No,2013,16,100,0,16,7.14,1081,11.57,2.39,16.04,7.12,68,915,king,-122.199447,47.640121
Yes,2013,805,20,97,72,3.01,1485,7.46,-2.37,12.61,2.31,56,973,king,-121.571326,47.129876
Yes,2013,739,-61,-79,52,3.85,2280,7.39,-1.54,11.63,3.16,60,682,king,-121.715852,47.175463
No,2013,79,-94,-31,2,6.52,1254,11.43,1.29,16.78,6.08,59,1084,clark,-122.556955,45.800452
Yes,2013,395,27,96,86,5.51,1649,9.26,0.12,13.99,4.54,24,840,pierce,-121.973281,47.107259
Yes,2013,579,39,-91,47,4.89,1478,8.72,-0.09,13.54,3.89,54,810,lewis,-122.544578,46.754082
No,2013,122,-97,22,20,6.55,1123,11.12,2.05,15.63,6.62,88,914,king,-122.300681,47.426515
Yes,2013,181,0,100,3,6.72,1134,10.59,1.15,15.59,5.6,16,957,pierce,-122.252271,47.107505
Yes,2013,680,-99,-12,22,4.96,1700,8.26,0,12.63,3.88,53,698,pierce,-122.052883,46.956622
Yes,2013,480,80,-58,77,4.19,3215,9.19,-0.81,14.51,3.88,75,983,cowlitz,-122.42508,46.092545
Yes,2013,442,-50,-86,37,5.15,2680,9.77,-0.44,14.55,5,90,929,clark,-122.427148,45.953825
Yes,2013,269,-51,-85,3,5.19,1504,10.13,-0.02,15.88,4.37,34,1079,lewis,-121.966419,46.507526
Yes,2013,118,-99,-3,36,6.46,1277,10.9,1.04,16.44,5.37,31,1022,lewis,-122.861741,46.729476
Yes,2013,39,98,-14,2,6.76,638,10.19,2,14.57,5.81,25,703,jefferson,-122.786766,48.035796
Yes,2013,815,99,-12,26,2.29,2053,7.35,-1.96,11.8,2.89,112,792,skamania,-121.974053,46.343403
Yes,2013,749,-93,35,70,4.41,2362,8.07,-0.92,12.39,3.75,60,728,cowlitz,-122.295027,46.349181
Yes,2013,563,-13,-99,82,3.72,2837,9.59,-1.78,14.7,4.48,137,1082,skamania,-121.770342,45.79322
Yes,2013,99,63,-77,20,6.27,1416,10.72,1.67,15.38,6.06,62,887,kitsap,-122.69006,47.548415
Yes,2013,47,20,97,12,6.61,759,10.21,1.57,14.8,5.61,35,743,island,-122.458844,48.213747
Yes,2013,871,43,90,53,3.4,2936,8.01,-1.93,12.49,3.52,103,832,skamania,-122.050983,45.799057
Yes,2013,990,70,-70,159,2.97,3087,7.03,-2.02,11.13,2.93,89,713,skamania,-122.190457,45.851641
Yes,2013,110,-100,0,2,6.51,2314,10.54,1.56,15.81,5.28,24,899,mason,-123.334343,47.164793
Yes,2013,134,74,-66,29,6.5,1872,10.97,1.22,16.28,5.67,42,1007,thurston,-123.093127,46.906981
Yes,2013,353,94,31,50,4.85,733,9.29,-0.48,14.24,4.34,44,868,clallam,-123.160571,48.017658
Yes,2013,148,-65,-75,6,6.54,3313,10.15,1.24,14.88,5.42,29,744,grays_harbor,-123.898465,47.324667
Yes,2013,4,98,-19,16,8.02,2057,10.79,3.53,14.51,7.07,30,563,pacific,-124.018752,46.3395
Yes,2013,106,-39,91,14,6.49,1116,10.82,1.38,15.83,5.81,42,943,pierce,-122.469957,47.105569
Yes,2013,125,81,58,24,6.53,1244,10.75,1.3,15.82,5.67,40,939,pierce,-122.598369,47.059613
Yes,2013,50,83,55,8,6.82,2120,10.35,1.68,15.35,5.34,20,759,grays_harbor,-123.603939,46.834024
No,2013,4,70,-70,1,7.36,2115,10.82,2.54,15.52,6.13,27,743,pacific,-123.72898,46.691994
Yes,2013,561,-9,99,47,5.57,3303,9.4,1.04,13.83,4.97,58,734,pacific,-123.509913,46.491333
Yes,2013,507,32,-94,75,6.09,3981,9.77,1.81,13.95,5.6,58,667,pacific,-123.723277,46.500677
Yes,2013,82,99,-3,43,6.51,2861,10.44,1.76,15.63,5.26,28,832,pacific,-123.741134,46.350458
Yes,2013,76,77,-62,59,6.44,2661,10.07,1.8,14.95,5.19,28,757,pacific,-123.880734,46.296341
Yes,2013,654,-53,84,128,4.19,3635,8.4,0.14,12.73,4.07,87,696,clallam,-124.055893,47.971441
Yes,2013,29,-44,89,32,7.25,2737,10.31,3.66,13.77,6.85,36,574,jefferson,-124.541856,47.866977
No,2013,6,-91,40,8,8.32,1996,10.72,4.21,13.9,7.54,38,520,grays_harbor,-124.117846,46.88641
Yes,2013,1305,94,32,116,0.38,1946,4.91,-3.05,8.66,1.17,119,567,jefferson,-123.103579,47.817936
Yes,2013,223,-31,94,7,5.79,2266,9.83,0.22,15.12,4.55,28,867,pacific,-123.406624,46.708215
Yes,2013,134,49,-87,23,6.58,1363,10.99,1.12,16.77,5.21,21,1053,lewis,-123.017582,46.591007
Yes,2013,63,96,25,53,6.55,1347,11.05,1.27,16.75,5.36,28,1067,lewis,-123.009758,46.436839
Yes,2013,148,-58,80,18,6.58,2875,10.15,1.9,14.75,5.54,25,731,clallam,-124.478618,48.112037
Yes,2013,304,25,96,8,4.51,1002,8.93,-0.37,13.79,4.08,41,818,clallam,-123.344915,48.030921
Yes,2013,1033,52,84,109,1.36,2310,5.74,-3.22,10.04,1.44,98,641,jefferson,-123.309227,47.710875
Yes,2013,1150,15,98,31,-1.71,451,5.79,-8.47,11.42,0.15,186,1098,okanogan,-119.291659,48.463672
Yes,2013,75,14,98,4,6.93,2630,10.12,1.87,14.63,5.6,24,668,grays_harbor,-123.867379,47.15301
Yes,2013,335,-8,-99,44,6.36,3217,9.72,1.29,14.43,5.02,41,676,clallam,-124.220535,47.896524
Yes,2013,1537,-74,-66,85,-1.49,1351,3.55,-8.92,8.53,-1.43,109,773,pend_oreille,-117.17377,48.880927
No,2013,673,99,-4,7,1.42,326,8.46,-5.07,14.73,2.19,130,1338,lincoln,-118.437022,47.516259
No,2013,925,21,-97,111,0.26,467,9.01,-3.15,14.15,3.87,319,1231,asotin,-117.406271,46.283627
Yes,2013,28,-69,72,53,6.52,2570,10.39,1.75,15.52,5.28,28,823,wahkiakum,-123.665875,46.352028
Yes,2013,999,6,99,72,1.63,4163,6.1,-1.87,9.83,2.37,81,542,snohomish,-121.69335,47.793096
Yes,2013,1682,77,-63,42,-1.32,917,5.58,-5.33,10.25,0.9,216,823,asotin,-117.402045,46.134849
Yes,2013,828,-28,-95,17,4.08,2478,8.07,-0.45,11.68,4.46,56,613,whatcom,-122.244429,48.895581
No,2013,987,-99,-11,33,0,275,8.1,-4.94,13.93,2.25,233,1285,yakima,-120.032217,46.639954
No,2013,139,-82,-56,22,6.01,3306,9.88,1.62,14.21,5.55,36,696,jefferson,-124.034984,47.82087
Yes,2013,212,98,16,33,6.3,3393,9.91,1.46,14.49,5.34,29,709,jefferson,-124.106392,47.768152
Yes,2014,1519,96,-25,69,-1.97,857,4.58,-7.34,9.05,0.12,149,801,okanogan,-120.536437,48.418933
No,2013,134,-58,81,5,6.59,1243,11.07,1.72,15.88,6.26,56,943,king,-122.289787,47.278148
No,2013,796,7,-99,15,1.66,583,8.46,-3.48,14.43,2.49,126,1250,whitman,-117.143627,46.961502
Yes,2013,139,23,-97,16,6.93,3124,9.97,1.72,14.41,5.55,19,637,grays_harbor,-124.110099,47.47526
Yes,2013,613,-50,86,134,1.45,410,9.03,-4.19,15.3,2.78,182,1365,yakima,-120.869138,46.277729
No,2013,527,59,-80,51,2.48,440,10.91,-1.98,16.77,5.05,216,1535,whitman,-117.639657,46.743428
No,2013,241,51,85,61,2.75,193,11.48,-3.16,18.01,4.96,240,1759,grant,-119.40216,46.806652
Yes,2013,662,37,92,102,0.2,537,8.3,-5.73,13.92,2.68,222,1276,chelan,-120.442463,47.770648
No,2013,1817,-65,-75,376,-5.4,2433,0.91,-8.64,5.29,-3.47,107,552,chelan,-121.031374,48.347431
Yes,2013,237,84,52,7,3.58,2430,9.53,-1.14,14.4,4.67,97,945,skagit,-121.430379,48.304437
Yes,2013,302,-20,-97,17,5.75,4713,10.3,1.14,15.06,5.54,65,853,grays_harbor,-123.693076,47.477234
No,2013,330,14,98,30,2.91,334,11.23,-2.4,17.61,4.85,220,1671,walla_walla,-118.31086,46.537314
No,2013,561,85,-51,87,1.76,284,10.15,-4.03,16.4,3.88,211,1591,ferry,-118.675816,48.038234
Yes,2013,1689,-97,-23,99,-3.61,1234,4.2,-7.48,8.95,-0.56,191,862,chelan,-120.281251,48.109652
Yes,2013,1189,-16,98,111,2.52,2123,7.02,-1.81,11.3,2.74,85,707,lewis,-121.821436,46.488304
No,2013,232,19,98,2,2.72,214,11.22,-2.89,17.71,4.74,231,1710,franklin,-119.364019,46.647515
No,2013,629,55,-83,5,0.59,344,9.1,-6.51,14.72,3.48,257,1429,okanogan,-119.785682,48.301307
No,2013,959,-20,97,146,-0.57,378,7.47,-7.12,12.99,1.96,209,1231,okanogan,-119.649824,48.565927
No,2013,815,91,39,83,-0.36,355,8.42,-6.41,14.08,2.77,249,1366,okanogan,-119.652223,48.417202
Yes,2013,1611,-30,95,26,-1.45,1669,3.91,-5.96,8.26,-0.43,138,630,yakima,-121.31907,46.730751
Yes,2013,1219,-56,82,140,2.06,4046,6.38,-2.08,10.3,2.47,75,569,king,-121.646824,47.620681
Yes,2013,162,98,15,37,6.11,1910,10.58,1.35,15.24,5.92,62,906,king,-121.81695,47.499755
Yes,2013,1049,93,-35,42,-0.55,553,6.28,-7.63,11.61,0.94,176,1065,ferry,-118.622043,48.969262
No,2013,213,-50,-86,25,2.14,183,10.72,-3.38,17.96,3.48,190,1728,yakima,-120.01983,46.277947
Yes,2013,682,-57,82,112,1.56,330,8.74,-4.9,14.99,2.49,172,1347,yakima,-120.801747,46.724908
Yes,2013,1066,55,-83,37,0.59,584,7.3,-4.36,12.11,2.49,217,1067,yakima,-120.949685,46.732757
No,2013,512,92,-38,9,2.75,401,9.7,-2.5,15.89,3.53,153,1360,klickitat,-121.017346,45.888309
No,2013,268,15,-98,6,3.2,228,11.27,-2.01,17.54,4.99,201,1601,benton,-119.285634,46.006988
Yes,2013,520,-87,48,80,3.73,3235,8.62,-1.58,13.42,3.82,55,799,skagit,-121.631391,48.330496
Yes,2013,976,-97,24,108,0.59,3057,6.43,-3.36,10.82,2.04,99,665,snohomish,-121.411436,48.158095
No,2013,272,83,-55,7,2.14,203,10.79,-3.81,17.8,3.79,206,1719,yakima,-120.556282,46.449301
Yes,2013,609,-53,84,144,3.54,2854,8.2,-1.1,12.76,3.65,64,843,king,-121.639169,47.477027
No,2013,761,98,-15,12,0.32,316,8.23,-6.25,14.15,2.32,187,1335,douglas,-119.206604,47.965671
No,2013,1056,-92,37,97,0.99,2606,5.37,-3.28,9.47,1.27,99,599,skamania,-122.111246,46.295197
Yes,2013,325,-92,-37,3,1.81,2275,8.81,-2.25,13.55,4.08,126,950,whatcom,-121.484425,48.793787
Yes,2013,1086,-96,27,74,2.12,2031,6.17,-2.57,10.47,1.88,70,618,pierce,-122.036813,46.815007
No,2013,584,-87,-48,15,2.2,222,10.12,-3.45,15.73,4.5,270,1413,yakima,-120.038177,46.443185
No,2013,408,-94,31,1,1.59,227,10.09,-4.58,16.67,3.5,208,1621,grant,-119.294009,47.347692
No,2013,586,69,72,49,1.02,242,9.18,-5.73,15.1,3.26,221,1447,grant,-119.646672,47.326129
No,2013,736,92,37,7,0.05,298,8.16,-6.98,14.09,2.24,196,1344,douglas,-119.722424,47.807006
No,2013,661,-70,70,7,0.5,284,8.71,-5.98,14.91,2.52,193,1414,douglas,-119.365208,47.832748
Yes,2013,368,98,-16,49,0.42,333,9.55,-5.82,16.01,3.1,237,1629,okanogan,-119.446364,48.317048
Yes,2013,839,-99,-3,36,1.52,1338,7.31,-2.91,12.78,1.83,77,901,skamania,-121.549418,46.065112
Yes,2013,1349,41,91,63,-0.29,1118,5.76,-4.76,10.21,1.32,175,781,yakima,-121.357784,46.172241
Yes,2013,153,-100,0,3,6.5,1417,10.92,1.13,16.57,5.27,26,1056,lewis,-122.853531,46.536117
No,2013,239,64,-76,62,5.74,1666,10.19,0.41,15.78,4.61,31,1008,lewis,-122.498587,46.588034
Yes,2013,230,-98,15,14,5.85,1678,10.42,0.53,16.11,4.74,31,1045,lewis,-122.694364,46.617785
No,2013,551,-89,-44,6,1.56,286,9.21,-4.63,15.78,2.65,144,1473,lincoln,-118.594639,47.387877
No,2013,494,-7,99,12,1.58,229,9.55,-4.6,16.12,2.98,161,1531,lincoln,-118.941421,47.364199
Yes,2013,1323,99,1,51,-0.9,609,7.05,-4.76,12.16,1.94,239,1028,asotin,-117.233538,46.106533
Yes,2013,112,-99,-4,40,6.72,2890,9.77,2.84,13.37,6.18,29,557,clallam,-124.656382,48.186173
Yes,2013,2217,-81,-58,59,-5.36,766,0.76,-10.21,5.7,-4.17,85,586,okanogan,-119.893742,48.960967
Yes,2013,1036,45,-88,136,3.51,2459,7.41,-1.7,11.96,2.86,57,741,lewis,-122.311218,46.63427
Yes,2013,861,-94,31,13,2.05,740,7.73,-3.97,13.86,1.59,56,1114,yakima,-121.025478,46.048049
Yes,2013,644,-19,-98,6,2.44,727,9.01,-3,14.69,3.34,161,1181,klickitat,-121.158816,45.924062
No,2013,390,0,0,0,2.14,419,9.54,-4.13,16.19,2.88,115,1526,ferry,-118.188994,48.348525
No,2013,577,31,-94,3,1.62,372,9.06,-4.48,15.72,2.4,126,1452,adams,-118.042909,47.209843
No,2013,505,84,-53,102,1.48,295,10.49,-4.6,16.45,4.51,269,1614,chelan,-119.920816,47.910427
No,2013,442,95,30,52,1.2,312,9.72,-5.71,15.71,3.74,244,1567,okanogan,-119.774451,48.137245
No,2013,165,0,0,0,3.55,281,11.98,-1.78,18.19,5.78,241,1703,walla_walla,-118.486818,46.580258
No,2013,534,-10,-99,30,2.71,480,10.91,-1.94,16.32,5.48,262,1442,walla_walla,-118.288051,46.379526
No,2013,379,99,-13,13,3.02,330,10.97,-2.3,17.16,4.79,210,1571,walla_walla,-118.472284,46.413593
No,2013,178,-53,-84,33,3.62,298,11.81,-1.74,18.19,5.43,210,1695,walla_walla,-118.778198,46.073536
No,2013,1906,15,98,221,-3.44,3742,2.23,-6.4,6.56,-2.09,112,523,pierce,-121.824589,46.818405
Yes,2013,1203,-19,-98,97,-1.78,524,6.09,-7.09,11.19,0.98,209,1063,okanogan,-120.00858,48.421987
No,2013,60,0,-100,1,6.72,1159,11.74,1.62,16.99,6.49,72,1107,clark,-122.492803,45.660278
No,2013,528,70,70,3,1.74,307,9.44,-4.17,16.21,2.68,138,1525,adams,-118.346637,46.862903
No,2013,557,-96,25,17,1.68,292,9.23,-4.4,15.86,2.61,138,1471,adams,-118.372664,47.027617
No,2013,118,78,-61,11,6.9,1062,10.84,1.12,14.85,6.83,55,743,whatcom,-122.424122,48.766126
Yes,2013,907,-58,80,108,0.86,588,7.22,-6.21,13.46,0.98,94,1223,stevens,-117.868368,48.83825
Yes,2013,1820,93,36,55,-3.45,926,3.41,-5.67,8.07,-1.25,184,718,chelan,-120.73523,47.573336
Yes,2013,65,79,60,35,7,849,10.46,2.13,14.88,6.05,29,729,island,-122.46048,48.062555
Yes,2013,1229,-48,87,76,0.02,664,6.28,-7.3,11.12,1.44,177,968,ferry,-118.28563,48.981414
No,2013,2029,-93,34,167,-5.37,2191,1.11,-8.46,5.52,-3.3,112,564,skagit,-120.937597,48.551746
No,2013,452,-93,34,31,2.07,392,10.09,-3.01,17.03,3.15,131,1585,whitman,-117.835552,46.934329
Yes,2013,213,-99,-7,77,7.15,1372,10.83,-0.31,15.26,6.39,37,772,skagit,-122.393544,48.601103
No,2013,519,85,51,23,1.66,236,9.79,-4.44,15.87,3.71,240,1480,kittitas,-120.089048,46.770726
Yes,2013,305,-98,-16,28,5.06,1980,10.16,-0.12,15.75,4.59,59,1087,clark,-122.349906,45.808045
No,2013,310,-70,-70,8,2.99,235,11.05,-2.23,17.37,4.73,186,1600,benton,-119.46425,46.031512
Yes,2013,1113,100,0,2,0.66,809,7.35,-4.59,12.63,2.08,168,1049,yakima,-120.899241,46.20938
No,2013,456,-91,-41,4,2.82,249,10.54,-3.05,16.48,4.6,200,1484,benton,-119.484874,46.191897
Yes,2013,414,86,50,73,4.4,1613,8.02,-0.25,12.26,3.79,67,609,clallam,-123.879967,48.112202
Yes,2013,420,97,-22,104,4.59,1989,8.94,-0.14,12.92,4.96,55,704,whatcom,-122.098139,48.944064
No,2013,210,-14,-98,2,2.8,216,11.86,-2.51,18.32,5.41,285,1887,benton,-119.532003,46.520331
No,2013,649,61,-78,8,2.23,429,9.42,-3.11,15.54,3.3,149,1359,whitman,-117.678099,47.060136
No,2013,621,49,86,16,1.53,404,8.81,-4.46,15.41,2.22,119,1409,whitman,-117.870092,47.257703
No,2013,392,-98,-15,15,2.82,280,10.93,-2.55,17.02,4.82,227,1575,franklin,-118.655896,46.523612
Yes,2013,882,-69,71,28,2.83,3558,7.42,-1.5,11.5,3.34,99,728,cowlitz,-122.255392,46.15048
No,2013,708,-35,93,6,1.52,452,8.3,-4.69,14.65,1.96,96,1309,spokane,-117.713293,47.402304
No,2013,137,14,98,29,6.04,1448,10.64,0.64,16.5,4.79,27,1068,lewis,-123.238381,46.678836
Yes,2013,197,86,-49,31,6.27,2461,10.83,1.22,15.84,5.83,57,967,mason,-123.218705,47.381984
No,2013,346,-39,-91,11,2.53,236,10.48,-3.35,17.1,3.86,168,1607,franklin,-118.795358,46.722532
No,2013,4,98,-14,2,7.21,976,11.88,3.07,16.1,7.67,102,853,king,-122.366127,47.576614
No,2013,506,89,-44,1,1.66,535,8.55,-5.46,15.61,1.47,69,1447,stevens,-117.726854,48.244459
Yes,2013,1793,-47,88,34,-1.68,1141,3.73,-8.02,8.3,-0.83,133,734,pend_oreille,-117.490918,48.384586
Yes,2013,580,99,6,24,1.56,533,8.26,-5.3,15.14,1.36,65,1371,spokane,-117.420267,47.890189
Yes,2013,735,-70,-70,66,5.04,5198,9.31,0.98,13.76,4.87,85,787,mason,-123.398097,47.323635
No,2013,1743,40,-91,108,-1.51,1836,2.25,-6.3,6.62,-2.09,83,505,jefferson,-123.287937,47.865194
Yes,2013,1237,-57,82,43,0.29,946,5.91,-7.18,11.92,-0.09,79,1059,pend_oreille,-117.437684,48.223665
No,2013,72,82,56,22,6.64,1037,10.73,1.66,15.31,6.15,51,802,snohomish,-122.242406,47.957423
No,2013,63,-91,-40,9,6.85,1083,11.02,2.01,15.5,6.55,54,835,snohomish,-122.214005,47.823153
Yes,2013,1567,0,-99,63,-2.16,464,4.4,-8.05,8.86,-0.07,184,686,okanogan,-119.001115,48.940572
Yes,2013,876,75,-65,119,-0.1,506,8.46,-5.23,13.27,3.65,292,1230,chelan,-120.266247,47.741551
No,2013,4,49,86,5,6.96,865,10.43,1.83,14.91,5.96,30,726,skagit,-122.356247,48.446977
Yes,2013,522,-99,6,53,1.83,2293,7.88,-2.74,12.89,2.86,114,980,king,-121.285568,47.661498
Yes,2013,1400,3,99,62,1.21,3996,5.84,-2.54,9.74,1.93,95,576,king,-121.502452,47.687596
No,2013,2006,95,29,40,-5.74,3202,0.33,-8.05,4.79,-4.14,115,489,pierce,-121.680452,46.862243
Yes,2013,1533,-56,82,39,0.2,1780,4.55,-4.69,9.05,0.06,62,603,skamania,-121.613868,46.38392
Yes,2013,158,15,98,44,6.32,903,10.38,1.65,14.67,6.1,62,770,jefferson,-122.796921,47.868294
Yes,2013,796,93,-36,46,4.47,2653,8.27,-0.94,12.71,3.83,59,741,cowlitz,-122.45991,46.275821
No,2013,2228,-37,92,79,-5.59,3739,0.09,-8.67,3.99,-3.81,99,469,whatcom,-121.338043,48.842491
Yes,2013,315,-17,98,92,5.83,2327,9.02,0.81,13.3,4.74,50,619,clallam,-124.062283,48.117552
Yes,2013,129,99,8,16,6.73,3037,9.9,1.41,14.35,5.46,24,651,grays_harbor,-124.066649,47.260551
Yes,2013,78,25,-96,16,7.02,2141,10.38,2,15.11,5.65,22,701,grays_harbor,-123.67135,46.984433
Yes,2013,1243,50,86,148,1.44,3444,6.16,-2.44,9.94,2.38,65,587,skagit,-121.778222,48.457254
No,2013,76,-31,-94,7,6.62,1410,10.75,1.43,16.05,5.44,28,955,thurston,-122.940718,46.881662
No,2013,534,63,-77,5,2.82,396,9.75,-2.84,16.12,3.38,141,1375,klickitat,-120.818877,45.796284
No,2013,453,-59,80,27,2.49,306,10.59,-2.93,16.93,4.25,198,1593,franklin,-118.333527,46.706045
Yes,2014,1133,26,96,14,-1.24,377,6.09,-8.3,11.69,0.48,182,1110,okanogan,-119.287224,48.607445
Yes,2013,757,79,-60,34,-0.33,375,8.05,-6.56,13.52,2.59,241,1297,okanogan,-119.436688,48.463175
Yes,2013,870,98,19,72,0.24,988,7.72,-5.25,13.08,2.36,177,1140,chelan,-120.765868,47.75088
No,2013,295,20,-97,26,2.58,229,10.6,-3.26,17.21,3.98,172,1599,franklin,-118.878125,46.71707
Yes,2013,1559,98,16,79,-3.45,599,3.79,-8.97,8.78,-1.19,153,840,okanogan,-119.847177,48.616315
Yes,2013,38,-96,25,33,6.39,511,10.12,1.53,14.66,5.58,32,734,clallam,-123.004198,48.064986
Yes,2013,1309,4,-99,49,-2.46,551,5.33,-7.8,10.62,0.04,183,1025,okanogan,-119.835864,48.470264
No,2013,278,-89,-44,4,2.39,203,10.66,-3.6,17.26,4.05,194,1656,adams,-119.218114,46.859402
Yes,2013,503,96,27,100,5.21,2421,9.44,1.06,13.99,4.89,56,787,jefferson,-123.461405,47.816329
No,2013,526,49,-87,10,2.53,283,10.33,-2.99,16.23,4.42,219,1458,yakima,-119.984775,46.123765
No,2013,343,76,-64,13,3.21,262,11.26,-2.33,17.38,5.15,211,1596,klickitat,-119.968553,45.959755
Yes,2013,160,99,-3,41,6.38,2604,10.45,1.65,15.66,5.25,28,903,mason,-123.290449,47.121567
Yes,2013,65,89,-44,5,6.36,1513,10.82,1.63,15.7,5.93,54,923,mason,-122.847384,47.412674
No,2013,917,75,-65,82,-0.06,451,8.25,-4.25,14.02,2.48,206,1259,asotin,-117.057012,46.133821
Yes,2013,124,-99,6,26,6.9,2142,10.6,1.59,15.93,5.27,16,813,grays_harbor,-123.479964,47.032179
Yes,2013,934,-97,21,127,0.01,788,7.59,-5.58,12.99,2.19,201,1138,chelan,-120.588527,47.723589
Yes,2013,1388,77,63,58,-1.31,704,5.39,-6.19,10.17,0.61,204,874,chelan,-120.362083,47.274226
No,2013,888,99,-11,8,0.64,596,7.29,-6.3,13.46,1.12,125,1206,stevens,-118.016212,48.382889
Yes,2013,903,-76,64,50,0.21,519,7.99,-5.32,13.1,2.88,250,1205,stevens,-118.160959,48.002276
Yes,2013,1059,-6,99,52,0.66,949,6.67,-4.88,11.7,1.64,131,989,kittitas,-120.792705,47.321848
No,2013,271,-60,-79,14,2.09,221,10.62,-3.61,17.53,3.72,227,1656,yakima,-120.349937,46.25882
Yes,2013,1025,-87,49,28,-0.03,589,7.62,-4.59,13.27,1.97,225,1168,klickitat,-120.478016,45.962405
No,2013,753,70,-70,10,1.04,334,8.32,-5.48,14.28,2.37,154,1311,lincoln,-118.614261,47.833338
No,2013,706,94,-31,9,1.12,317,7.92,-5.8,14.48,1.37,96,1334,lincoln,-118.643765,47.709621
Yes,2014,1911,70,70,47,-4.01,711,2.36,-9.26,7.16,-2.43,107,680,okanogan,-120.072918,48.898634
No,2013,121,94,31,1,3.67,218,12.16,-1.76,18.56,5.76,231,1772,walla_walla,-118.960348,46.18369
No,2013,545,64,-76,7,1.74,316,9.35,-4.11,16.05,2.66,133,1490,adams,-118.204015,47.078703
No,2013,479,0,0,0,1.34,264,9.83,-4.92,16.1,3.56,212,1553,grant,-119.182142,47.808897
Yes,2013,135,90,41,72,6.15,1318,10.29,0.22,14.79,5.78,46,798,whatcom,-122.314577,48.698892
Yes,2013,142,-74,66,25,6.65,2921,10.18,1.87,14.84,5.52,22,734,clallam,-124.455994,48.089734
No,2013,14,31,-94,1,6.64,1107,10.43,0.94,15.14,5.73,30,799,whatcom,-122.456925,48.926157
Yes,2013,1174,39,-91,35,-0.93,484,6.2,-7.16,10.97,1.43,209,983,okanogan,-118.899309,48.471075
Yes,2013,964,14,-98,17,2.25,4188,6.9,-1.92,10.9,2.9,110,692,skamania,-122.142331,46.150281
No,2013,590,-96,-25,9,1.27,278,8.91,-4.96,15.35,2.47,152,1444,lincoln,-118.785223,47.499216
Yes,2013,38,93,34,35,7.42,2264,10.47,2.85,14.79,6.16,25,656,pacific,-123.89656600000001,46.461561
No,2013,680,86,50,7,1.24,656,7.91,-5.73,14.49,1.34,83,1320,stevens,-117.602329,47.926993
Yes,2013,1328,73,67,39,-1.61,514,5.26,-7.8,9.97,0.55,195,884,ferry,-118.78407,48.82626
Yes,2013,28,-99,11,25,6.92,718,10.4,2.03,14.58,6.22,42,684,skagit,-122.539283,48.400569
No,2013,458,91,-39,24,2.14,371,10.1,-3.33,16.93,3.27,138,1580,adams,-118.003167,46.883923
No,2013,468,-76,-64,27,2.25,336,10.11,-3.4,16.82,3.41,148,1568,adams,-118.187695,46.912441
No,2013,542,-41,91,13,2.65,438,10.96,-2.13,16.6,5.32,254,1509,columbia,-118.127677,46.431597
No,2013,617,-63,77,5,1.53,308,8.85,-4.63,15.35,2.34,129,1411,adams,-118.386401,47.196811
No,2013,46,23,-97,24,7.02,1153,10.79,1.51,15.47,6.11,28,788,snohomish,-122.086327,47.924122
Yes,2013,1734,-91,39,30,-0.78,1512,5.4,-5.76,10.01,0.8,194,779,columbia,-117.90413,46.085177
Yes,2013,174,-20,-97,46,6.45,1318,10.94,1.17,16.49,5.4,33,1022,lewis,-123.085341,46.734892
No,2013,345,70,70,1,1.93,173,10.23,-4.58,16.84,3.63,201,1612,grant,-119.593987,47.008288
No,2013,753,-43,90,47,1.76,538,9.84,-2.3,15.1,4.57,257,1307,garfield,-117.61195,46.405668
No,2013,570,54,-83,10,2.47,443,10.87,-2,16.52,5.22,246,1504,garfield,-117.626009,46.571084
No,2013,522,70,70,5,1.89,365,9.58,-3.75,16.32,2.83,132,1507,adams,-118.020442,47.050697
No,2013,745,-9,-99,14,0.45,293,8.15,-6.59,14.05,2.24,181,1316,douglas,-119.339755,47.664828
Yes,2013,803,-93,34,26,1.21,1429,6.38,-4.59,11.83,0.92,77,949,pierce,-121.527464,47.005802
No,2013,235,0,0,0,5.54,1714,10.4,0.25,16.26,4.54,34,1083,lewis,-122.322674,46.483292
Yes,2013,553,-95,-29,19,1.5,581,8.05,-5.87,14.35,1.75,96,1274,stevens,-117.719157,48.884385
Yes,2013,45,-78,-62,6,7.25,2636,10.46,2.82,14.66,6.27,29,647,grays_harbor,-124.293119,47.449884
Yes,2013,1373,4,99,55,0.54,1223,5.11,-7.26,9.8,0.42,107,771,pend_oreille,-117.127236,48.394222
No,2013,81,0,0,0,3.73,207,12.08,-1.69,18.67,5.5,184,1766,benton,-119.779112,45.847455
No,2013,159,46,-88,11,4.54,316,11.97,-0.95,17.82,6.12,232,1537,klickitat,-120.650021,45.747758
Yes,2013,125,-37,92,54,6.62,2050,10.75,1.48,16.23,5.27,23,944,grays_harbor,-123.293234,46.989911
No,2013,443,-58,-81,4,1.65,232,9.83,-4.48,16.46,3.2,178,1580,grant,-119.11119,47.31523
Yes,2013,57,89,45,44,6.78,2165,10.29,1.87,15.15,5.43,24,743,pacific,-123.732233,46.639507
Yes,2013,671,98,15,71,1.24,414,9.02,-5.11,15.14,2.9,186,1435,ferry,-118.35357,48.063988
Yes,2013,972,-88,45,54,0.64,661,7.56,-4.38,13.17,1.96,171,1096,klickitat,-120.856389,45.934194
No,2013,59,-59,-80,9,6.58,1125,11.5,1.33,16.89,6.12,62,1086,clark,-122.711457,45.756674
Yes,2013,165,-88,46,8,6.46,889,10.55,1.92,14.71,6.39,67,767,jefferson,-122.795322,47.91792
No,2013,26,54,-84,19,6.68,1018,10.41,1.25,14.62,6.2,46,727,whatcom,-122.609559,48.849093
No,2013,36,-100,0,4,6.77,614,10.05,1.83,14.37,5.74,35,661,island,-122.676343,48.267425
No,2013,1019,-73,-67,153,2.42,4919,6.67,-1.65,10.71,2.63,102,636,jefferson,-123.603998,47.520397
No,2013,947,49,-86,95,-0.28,379,8.05,-5.79,13.1,3,245,1214,chelan,-120.101683,47.933171
No,2013,591,-64,-76,46,4.41,4956,8.67,0.21,12.66,4.68,100,687,grays_harbor,-123.76275,47.477791
Yes,2013,256,-27,-96,56,6.49,3815,9.73,0.87,14,5.46,35,650,grays_harbor,-123.730649,47.30088
Yes,2013,482,97,20,120,4.45,1941,8.95,-0.78,13.35,4.54,50,746,whatcom,-122.23593,48.733798
Yes,2013,1663,-98,14,128,-3.78,733,4.47,-6.5,9.36,-0.43,200,909,chelan,-120.279715,48.061663
No,2013,378,-7,-99,41,1.46,280,10.51,-4.42,16.19,4.84,299,1556,douglas,-120.190887,47.409991
No,2013,258,-93,34,8,5.94,1552,10.1,0.81,14.94,5.27,39,906,king,-121.931967,47.277979
No,2013,264,-48,87,10,3.01,294,11.17,-2.2,17.66,4.68,215,1686,walla_walla,-118.796677,46.237267
Yes,2013,880,-91,-39,62,-0.78,2483,5.56,-6.09,10.38,0.74,100,790,whatcom,-121.542383,48.953006
Yes,2013,205,54,83,77,6.67,2837,9.41,1.84,13.33,5.49,16,569,clallam,-124.626315,48.019705
No,2013,718,-10,-99,22,0.4,285,8.6,-6.5,14.5,2.71,207,1385,douglas,-119.695952,47.652117
Yes,2013,779,-31,-94,85,4.32,2257,8.48,-0.34,13.02,3.94,74,809,lewis,-122.164966,46.610014
No,2013,709,98,-14,7,1.31,337,8.17,-5.42,14.43,1.91,118,1309,lincoln,-118.459796,47.683864
No,2013,288,76,64,14,2.6,222,11.31,-2.65,17.6,5.03,269,1763,benton,-119.691347,46.468193
Yes,2013,899,-84,53,107,0.65,762,6.49,-6.85,12.84,0.15,70,1127,pend_oreille,-117.319527,48.913815
No,2013,692,28,95,29,1.88,451,8.83,-4.23,14.91,2.76,133,1321,whitman,-117.69195,47.231594
Yes,2013,693,-98,17,57,1.53,542,8.59,-4.84,14.61,2.56,137,1328,stevens,-117.774005,47.874252
No,2013,737,99,6,14,1.44,454,8.72,-4.69,14.42,3.02,177,1312,lincoln,-117.935279,47.763626
Yes,2013,1097,95,-29,150,-1.3,1985,5.88,-6.19,11.44,0.32,112,990,snohomish,-121.043211,48.171307
Yes,2013,563,-43,-90,39,5.23,2088,8.75,-0.02,13.43,4.08,46,787,pierce,-122.189518,46.773536
Yes,2013,112,58,-81,9,6.93,3071,10.1,1.94,14.63,5.59,20,665,jefferson,-124.11087,47.598544
Yes,2013,1462,-31,94,56,-1.85,672,4.98,-7.54,9.51,0.44,200,860,ferry,-118.534772,48.327583
No,2013,363,-89,-44,1,2.25,223,10.11,-3.82,16.56,3.66,175,1515,adams,-119.050038,46.837695
No,2013,755,-67,74,15,1.74,516,8.65,-3.64,14.88,2.42,118,1306,whitman,-117.329667,47.081741
Yes,2013,945,-13,99,36,1,944,6.45,-6.14,12.54,0.36,50,1130,yakima,-121.160818,47.024133
No,2013,419,19,98,101,1.42,332,10.35,-4.51,16.3,4.39,264,1593,chelan,-120.366876,47.421523
No,2014,1126,15,98,129,1.8,2784,5.82,-3.32,9.73,1.92,76,581,king,-121.56957,47.325728
No,2013,368,-22,97,5,1.92,214,10.12,-4.26,16.6,3.63,198,1576,grant,-119.150864,47.06879
Yes,2013,80,21,-97,62,6.1,2191,9.84,1.08,14.99,4.69,22,776,pacific,-123.597063,46.648544
Yes,2013,1093,99,-9,5,1.38,2124,6.31,-3.5,11.13,1.49,90,789,skamania,-121.688781,45.99426
Yes,2013,974,7,99,125,1,1064,6.73,-4.81,11.71,1.76,112,960,kittitas,-120.863816,47.360091
Yes,2013,124,23,97,70,6.54,1603,11.47,1.28,16.81,6.13,62,1085,clark,-122.570067,45.949127
No,2013,799,-58,80,22,1.68,481,9.81,-2.56,15.14,4.49,255,1317,garfield,-117.437423,46.462103
Yes,2013,1491,-51,85,91,-0.65,1057,6.64,-4.9,11.22,2.06,255,894,garfield,-117.564164,46.267203
Yes,2013,171,31,-94,4,6.24,3215,10.2,1.49,15.19,5.22,30,842,mason,-123.450175,47.28197
No,2013,300,-33,-94,11,1.96,213,10.89,-4.02,17.07,4.71,275,1665,grant,-119.96808,47.142673
Yes,2013,866,95,29,19,0.66,550,7.5,-6.57,13.8,1.19,130,1245,stevens,-118.017871,48.241197
Yes,2013,1507,34,93,110,-0.46,1826,5.14,-5.17,9.64,0.65,137,773,kittitas,-121.024484,47.071106
Yes,2013,1645,84,53,164,-2.48,1718,4.51,-6.57,9.51,-0.48,123,806,whatcom,-120.955703,48.688445
No,2013,538,-57,-81,29,1.51,252,9.25,-4.82,15.76,2.73,182,1435,yakima,-120.612722,46.775495
No,2013,400,-62,-78,17,2.53,264,10.44,-3.36,16.91,3.98,180,1600,franklin,-118.6782,46.684145
Yes,2013,814,-67,73,12,0.61,323,8.39,-5.4,14,2.79,205,1286,lincoln,-118.678386,47.894464
No,2013,656,-60,79,12,2.09,586,8.67,-4.17,14.66,2.67,110,1291,spokane,-117.059607,47.748275
No,2013,815,9,-99,21,1.71,459,8.18,-5.12,13.56,2.82,154,1189,spokane,-117.72673,47.560645
No,2013,616,66,74,27,1.75,407,9.03,-4.19,15.49,2.57,130,1404,whitman,-117.891901,47.129186
No,2013,664,-81,-57,19,1.93,323,8.55,-4.81,14.38,2.72,146,1211,kittitas,-120.658504,47.117562
Yes,2013,1321,99,6,123,-0.69,1065,6.05,-5.75,11.15,0.95,175,978,chelan,-120.736165,47.420676
No,2013,539,9,99,9,1.55,294,9.3,-4.73,15.89,2.71,189,1450,yakima,-120.746231,46.563966
No,2013,534,-88,46,16,1.73,242,8.81,-5.6,15.38,2.25,133,1343,kittitas,-120.39676300000001,46.991849
Yes,2013,1361,-40,91,57,0.9,1981,5.41,-3.24,9.61,1.22,93,598,skamania,-121.747277,46.33416
Yes,2013,187,82,56,25,3.69,350,11.71,-1.5,17.92,5.49,233,1619,klickitat,-120.458036,45.791
Yes,2013,1189,94,-32,29,-1.89,558,6.64,-6.69,11.6,1.67,229,1098,okanogan,-119.98123,48.248932
No,2013,428,-3,99,10,1.78,223,9.88,-4.25,16.3,3.44,190,1539,grant,-119.088882,47.152909
No,2013,347,98,14,2,2.01,214,10.26,-4.13,16.74,3.79,200,1595,grant,-119.241366,47.019492
Yes,2013,1277,53,84,74,0.97,2465,4.87,-3.56,8.95,0.79,87,519,pierce,-121.895961,46.953137
Yes,2013,214,-45,89,38,6.37,1496,10.75,1.24,15.85,5.66,52,971,clark,-122.705605,45.900876
Yes,2013,143,23,-97,7,6.48,3566,10.32,1.57,15.15,5.5,27,781,grays_harbor,-123.965312,47.479999
Yes,2013,1010,25,96,106,1.75,3423,7.24,-1.62,11.18,3.31,70,626,skagit,-122.041082,48.631671
Yes,2013,678,86,-49,121,0.22,461,7.18,-7.44,13.93,0.44,95,1323,ferry,-118.740734,48.506604
No,2013,636,67,73,14,1.44,288,8.68,-4.98,14.9,2.46,161,1347,kittitas,-120.513519,47.08155
Yes,2013,1643,0,99,61,-1.74,2163,4.31,-5.37,8.97,-0.35,151,730,yakima,-121.164872,46.87194
Yes,2013,1793,96,-24,38,-3.68,735,3.58,-8.64,8.63,-1.47,143,832,okanogan,-119.988516,48.565665
Yes,2013,468,-85,51,100,4.19,3045,9.02,-1.39,14.15,3.89,79,954,skamania,-122.225922,45.992095
Yes,2013,2,-26,96,3,6.8,1124,11.43,2.16,16.29,6.58,73,973,cowlitz,-122.918939,46.099695
No,2013,544,22,-97,26,2.11,468,9.74,-2.96,16.3,3.17,143,1466,whitman,-117.488406,46.950732
Yes,2013,582,-95,30,31,1.17,455,8.64,-5.4,14.98,2.31,150,1402,stevens,-118.161898,48.193735
No,2013,24,0,0,0,6.42,1591,11.8,1.63,16.69,6.91,120,1114,skamania,-121.826744,45.708891
Yes,2014,1288,-79,61,190,1.12,2585,5.23,-3.73,9.37,1.08,82,569,pierce,-121.736916,47.024987
No,2013,795,98,18,70,1.61,928,9.4,-3.33,14.99,3.81,220,1292,walla_walla,-118.083952,46.118591
No,2013,739,-77,63,5,0.37,294,8.03,-6.77,13.97,2.12,176,1303,douglas,-119.512872,47.620955
No,2013,393,-29,-95,10,1.33,328,9.68,-5.44,15.8,3.56,216,1504,okanogan,-119.503906,48.808911
Yes,2013,1424,90,-43,98,-0.19,1490,5.19,-5.09,10.01,0.37,108,831,yakima,-121.311614,46.876322
No,2013,577,-3,99,12,1.81,400,9.25,-4,15.8,2.71,134,1439,whitman,-117.855285,47.097686
No,2013,527,67,-73,12,1.88,247,9.92,-4.73,15.37,4.48,255,1399,grant,-119.988386,47.302156
Yes,2013,792,8,99,22,-0.51,368,7.8,-7.17,13.91,1.7,202,1341,okanogan,-119.361477,48.521695
Yes,2013,754,-78,61,43,1.69,576,8.31,-4.56,14.19,2.42,122,1262,spokane,-117.207386,47.598164
Yes,2014,1795,-97,23,145,-2.84,2645,3.24,-6.61,7.69,-1.22,112,625,snohomish,-121.200576,48.053908
Yes,2013,965,96,-27,121,0.01,783,7.13,-5.38,12.17,2.08,190,1076,chelan,-120.56284,47.406169
Yes,2013,1269,-67,-73,216,1.79,4622,5.82,-2.54,9.84,1.8,96,600,mason,-123.38962,47.480654
Yes,2013,416,74,66,103,5.25,1661,9.98,1.02,14.62,5.33,85,877,clallam,-122.961576,47.872482
No,2013,554,-25,-96,9,1.03,243,9.49,-5.42,15.61,3.37,224,1502,douglas,-119.669625,47.485928
Yes,2013,437,-34,93,62,5.41,2213,9.03,0.77,13.34,4.72,53,690,cowlitz,-123.171275,46.34362
Yes,2013,507,31,95,43,1.72,496,8.62,-5.31,15.18,2.07,92,1393,stevens,-118.033755,48.583701
Yes,2013,1081,-39,91,51,-0.05,744,5.27,-7.95,12.01,-1.47,42,1049,pend_oreille,-117.48921,48.706236
Yes,2013,811,-94,32,100,3.1,1969,8.48,-2.45,13.61,3.35,104,988,skamania,-121.690613,45.850686
Yes,2013,1073,-98,14,56,-1.33,1667,6.29,-6.32,11.86,0.71,141,1066,chelan,-120.824243,48.052372
Yes,2013,1218,36,-93,62,-1.66,583,5.74,-7.08,10.54,0.94,177,959,okanogan,-120.379343,48.384482
No,2013,688,-24,-96,61,1.33,249,9.13,-4.76,14.49,3.77,234,1310,kittitas,-120.142806,47.092497
Yes,2013,120,99,8,83,6.65,2930,10.05,2.01,14.4,5.71,27,687,clallam,-124.48562,48.262793
No,2013,923,91,-39,28,0.24,284,8.24,-4.83,13.93,2.54,236,1303,yakima,-120.058539,46.60998
Yes,2013,979,91,40,110,-0.31,621,8.02,-5.73,12.97,3.09,259,1194,chelan,-120.253505,47.888627
Yes,2013,862,0,0,0,-0.37,1589,7.51,-5.35,12.95,2.08,176,1158,chelan,-120.835372,47.9062
No,2013,457,-85,51,3,1.24,243,9.88,-4.77,16.32,3.45,214,1590,grant,-119.317768,47.508655
Yes,2013,1012,66,74,55,0.22,491,7.39,-6.69,12.68,2.11,199,1165,ferry,-118.706604,48.357427
No,2013,499,-36,-93,22,1.91,201,10.08,-3.84,16.45,3.7,235,1525,yakima,-120.222925,46.477795
Yes,2013,1417,13,-99,57,0.18,1524,4.95,-5.27,9.91,0,72,802,yakima,-121.420625,46.352102
Yes,2013,1003,5,99,112,2.67,2240,7.05,-2.16,11.7,2.39,66,773,lewis,-122.010566,46.689281
No,2013,459,-37,92,30,1.79,243,9.93,-4.42,16.67,3.2,194,1569,yakima,-120.587378,46.612842
Yes,2013,915,10,99,144,3.37,2268,7.09,-1.54,11.13,3.06,77,629,lewis,-122.105797,46.443003
Yes,2013,77,-84,52,33,6.41,1369,10.85,1.71,15.69,6.01,54,918,pierce,-122.68363,47.401667
Yes,2013,171,90,42,57,6.17,1526,10.54,0.87,16.2,4.88,25,1008,lewis,-123.201218,46.530014
Yes,2013,146,-41,91,53,6.27,1288,10.74,1.17,16.07,5.4,45,992,cowlitz,-122.984014,46.240672000000004
Yes,2013,1354,-70,-70,5,-2.42,545,4.97,-8.71,10.24,-0.31,187,986,okanogan,-118.94686,48.634306
No,2013,337,-52,85,32,2.83,351,11.39,-2.03,17.57,5.23,248,1657,whitman,-118.149532,46.593636
Yes,2013,771,-65,75,8,1.93,520,8.75,-3.86,14.8,2.71,160,1214,klickitat,-120.655,45.910993
No,2013,525,-53,-84,17,1.57,294,9.89,-3.9,16.32,3.44,236,1521,yakima,-120.524378,46.284001
No,2013,477,94,-33,11,1.64,215,10.2,-4.75,16.21,4.19,254,1565,grant,-119.526811,47.417287
Yes,2013,869,16,98,57,1.36,936,7.22,-5.03,12.77,1.67,98,1070,kittitas,-120.879857,47.222393
Yes,2013,97,-22,-97,27,6.66,2496,10.13,1.61,14.82,5.43,26,710,grays_harbor,-123.667604,47.130295
Yes,2013,670,57,-81,56,1.69,884,7.94,-3.94,14.5,1.38,82,1193,klickitat,-121.351699,46.026402
No,2013,144,24,-97,8,2.88,198,12.3,-2.68,18.83,5.77,305,1968,benton,-119.547495,46.679172
Yes,2013,754,5,-99,130,4.28,4535,8.68,0.63,12.86,4.49,97,698,clallam,-123.885748,47.917492
Yes,2013,193,-71,69,60,6.32,2075,10.65,1.22,16.14,5.17,34,978,wahkiakum,-123.300301,46.250766
No,2013,213,100,0,4,2.01,193,10.76,-3.4,17.91,3.61,215,1726,yakima,-120.19297,46.311341
No,2013,161,-89,-44,14,3.1,190,12.38,-2.54,18.65,6.1,327,1851,grant,-119.901233,46.660274
No,2013,125,19,-98,4,6.46,1351,10.74,1.25,15.97,5.5,36,967,thurston,-122.733842,46.930463
Yes,2013,167,12,99,42,6.29,2740,10.17,1.52,15.05,5.29,37,805,wahkiakum,-123.52073,46.35018
Yes,2013,646,34,-93,139,3.46,2901,8.94,-1.94,13.87,4.01,126,987,skamania,-121.835256,45.845664
No,2013,639,-37,-92,19,0.91,300,8.44,-5.4,14.93,1.95,141,1413,lincoln,-118.811038,47.663714
Yes,2013,146,-93,-35,25,6.68,2621,10.09,1.87,14.65,5.53,24,697,clallam,-124.251361,48.063859
Yes,2013,403,-58,81,79,5.97,2258,8.82,0.34,13.11,4.53,37,582,clallam,-124.325287,48.207704
No,2013,718,-99,11,59,1.03,418,9.05,-5.23,14.27,3.82,246,1291,chelan,-120.152163,47.271502
Yes,2013,1043,-95,-31,35,-0.3,699,6.29,-6.82,11.58,1,169,1046,stevens,-117.866081,48.685142
No,2013,856,92,37,78,-0.58,2621,7.33,-3,11.89,2.76,200,959,whatcom,-121.101204,48.648776
Yes,2013,1188,-64,-76,155,0.93,3241,5.38,-3.9,9.38,1.39,88,593,kittitas,-121.440765,47.369078
Yes,2013,424,86,50,92,4.86,2080,9.76,-0.32,15.5,4.03,47,1040,cowlitz,-122.565285,46.146241
Yes,2013,253,-91,40,41,6.14,1497,10.61,0.78,16.14,5.09,33,1025,thurston,-122.717295,46.776634
No,2013,414,-55,83,24,3.29,457,11.27,-1.75,17.04,5.5,252,1538,walla_walla,-118.292063,46.219206
No,2013,505,-93,-34,41,0.92,340,9.17,-5.8,15.28,3.05,208,1449,okanogan,-119.346668,48.76028
No,2013,308,98,19,19,1.45,506,10.02,-4.71,16.44,3.61,201,1587,chelan,-120.58247,47.564404
Yes,2013,902,27,-96,44,0.89,629,7.72,-5.82,13.73,1.72,131,1246,stevens,-117.652715,48.245284
No,2013,598,-95,28,20,2.3,485,10.66,-2.16,16.07,5.26,261,1448,columbia,-117.957989,46.400117
Yes,2013,122,-52,-85,35,6.67,1298,10.93,1.44,16.3,5.57,32,982,thurston,-122.916375,46.802979
Yes,2013,945,-70,70,25,-1.21,590,7.77,-6.42,12.96,2.58,289,1274,okanogan,-120.13477,48.104372
Yes,2011,1260,93,-36,74,0.08,1074,5.69,-5.12,10.59,0.79,123,869,yakima,-121.17449,46.675934
No,2011,687,41,-90,139,1.48,357,8.4,-5.09,14.66,2.15,155,1308,yakima,-120.851571,46.721895
Yes,2011,695,59,80,50,1.38,693,7.65,-5.9,14.36,0.94,62,1291,pend_oreille,-117.356277,48.135885
Yes,2011,806,-81,57,59,0.94,718,7.36,-6.25,14.03,0.68,71,1265,pend_oreille,-117.346374,48.088424
Yes,2011,1074,-10,-99,38,1.46,1048,7.01,-5.42,11.89,2.13,117,1035,spokane,-117.133736,47.893012
No,2011,542,-45,88,66,2.36,398,11.01,-1.7,17.06,4.95,237,1590,garfield,-117.328297,46.431954
No,2011,733,49,87,55,2,496,9.69,-2.62,15.46,3.92,198,1346,garfield,-117.509581,46.456526
No,2011,856,80,-58,126,1.37,416,9.65,-2.74,14.92,4.37,290,1289,asotin,-117.316911,46.263741
No,2011,571,0,0,2,2.38,476,9.45,-3.61,15.57,3.34,138,1382,spokane,-117.292373,47.775211
Yes,2011,1098,-52,85,106,1.02,913,6.97,-5.44,12.01,1.92,136,1036,spokane,-117.097783,47.584368
Yes,2011,1858,46,88,24,-1.73,1019,4.83,-5.79,9.62,0.04,197,790,garfield,-117.472112,46.142843
No,2011,781,2,-99,14,1.6,514,8.36,-4.08,14.51,2.21,105,1282,spokane,-117.2429,47.285644
No,2011,175,-70,70,4,3.4,274,11.76,-1.91,18.17,5.35,231,1732,walla_walla,-118.865749,46.226613
No,2011,133,0,100,11,2.71,200,11.86,-3.03,18.27,5.44,297,1853,benton,-119.786632,46.621209
No,2011,678,79,-60,37,1.46,247,9.47,-4.03,15.23,3.72,247,1394,yakima,-119.945313,46.494472
Yes,2011,1236,99,-5,37,-2.49,1179,4.26,-7.29,9.68,-1.14,97,885,okanogan,-120.629368,48.555854
No,2011,397,53,84,7,0.98,326,9.53,-5.85,15.96,3.1,216,1593,okanogan,-119.512341,48.467052
No,2011,719,-51,85,4,0.63,295,8.32,-6.56,14.2,2.46,183,1316,douglas,-119.410194,47.664006
No,2011,553,25,-96,17,1.08,251,9.43,-5.37,15.55,3.31,215,1490,grant,-119.391709,47.508318
Yes,2011,2011,-98,14,34,-4.25,821,1.93,-8.73,6.6,-2.74,110,597,okanogan,-120.125593,48.870357
Yes,2011,1142,-2,-99,161,-0.34,1625,6.16,-4.92,10.69,1.63,130,860,whatcom,-121.05411,48.845865
No,2011,348,99,12,15,2.1,236,10.3,-4.21,17.36,3.24,177,1629,yakima,-120.805822,46.390715
Yes,2011,866,-96,-26,12,1.4,554,8.11,-3.97,14.04,2.21,143,1169,klickitat,-120.898383,45.949727
No,2011,906,29,95,31,2.02,460,8.78,-2.41,13.85,3.74,197,1098,klickitat,-120.729033,45.743758
Yes,2011,47,33,94,78,6.7,1531,11.17,2,15.88,6.45,58,900,kitsap,-122.978391,47.556337
Yes,2011,604,-37,92,50,4.19,2068,8.36,-0.64,12.46,4.26,49,686,whatcom,-122.180561,48.943095
No,2011,31,70,70,1,6.47,1134,10.53,0.66,15.36,5.69,40,842,whatcom,-122.326856,48.899213
Yes,2011,637,0,100,61,3.64,2617,8.73,-0.02,12.78,4.68,70,684,skagit,-122.093611,48.457785
Yes,2011,258,57,81,46,6.66,2919,10.3,2.2,14.84,5.75,24,743,clallam,-124.551155,48.213998
Yes,2011,104,-44,89,74,6.66,2675,10.04,1.87,14.51,5.58,24,689,clallam,-124.406376,48.211805
Yes,2011,133,37,-92,7,6.8,2846,10.27,2.1,14.83,5.71,25,712,clallam,-124.317987,48.052155
Yes,2011,119,-57,-82,38,6.61,2867,10.26,2.2,14.83,5.7,24,749,clallam,-124.553264,48.056761
Yes,2011,129,-60,79,6,6.93,2995,10,1.76,14.41,5.58,20,638,grays_harbor,-124.172595,47.479389
Yes,2011,453,-28,-95,92,5.4,3405,8.74,0.21,13.3,4.18,50,651,clallam,-124.139302,47.965551
Yes,2011,679,93,34,125,4.51,4149,8.23,-0.48,12.36,4.1,80,641,clallam,-124.03779,47.919916
Yes,2011,903,-70,70,220,3.8,4169,7.82,-0.5,12.09,3.56,86,659,mason,-123.470405,47.481287
Yes,2011,1382,73,-68,106,0.47,2476,5.46,-3.06,9.45,1.48,133,606,skamania,-122.030952,46.34525
No,2011,314,64,-76,26,2.71,291,10.89,-2.79,17.53,4.26,181,1653,franklin,-118.40165,46.709393
Yes,2011,72,-17,-98,52,5.52,1708,10.67,0.87,15.99,5.36,64,1026,jefferson,-122.98122,47.720159
No,2011,251,-70,-70,3,2.69,195,11.06,-3.42,17.62,4.51,204,1707,adams,-119.295843,46.858068
No,2011,939,-85,51,64,-0.44,820,7.98,-5.5,13.15,2.82,256,1211,chelan,-120.463481,47.598746
No,2011,747,51,85,19,1.79,497,8.67,-3.59,14.84,2.5,123,1294,whitman,-117.400624,47.072298
No,2011,295,-96,26,4,2.55,205,10.57,-3.35,16.99,4.15,191,1565,franklin,-119.268643,46.699209
Yes,2011,1806,56,82,135,-1.34,1804,3.73,-5.76,8.38,-0.91,106,624,yakima,-121.23949,46.874246
Yes,2011,984,85,-51,114,2.53,2836,8.53,-0.28,12.81,4.26,119,759,snohomish,-121.453767,48.131302
No,2011,570,-70,70,7,2.31,498,10.81,-1.78,16.4,5.21,255,1485,garfield,-117.525865,46.626806
Yes,2011,687,93,-35,19,1.55,423,8.42,-4.81,14.83,2,100,1332,spokane,-117.787659,47.399093
No,2011,586,20,-97,8,1.44,282,9.03,-4.73,15.54,2.53,142,1450,lincoln,-118.669795,47.385652
No,2011,527,94,31,3,1.51,239,9.43,-4.58,15.97,2.9,163,1521,grant,-119.014246,47.36216
No,2011,582,26,-96,26,2.63,661,10.39,-2.19,16,4.79,241,1413,walla_walla,-118.162033,46.113605
No,2011,804,-31,94,4,1.52,603,8.32,-3.68,14.48,2.17,117,1260,whitman,-117.04633,47.084265
No,2011,765,56,82,20,1.67,524,8.57,-3.74,14.84,2.3,112,1305,whitman,-117.233063,47.120724
No,2011,1404,-67,-73,173,-1.43,686,6.36,-4.46,11.38,1.35,232,949,asotin,-117.300685,46.105762
No,2011,628,-99,-1,48,1.66,561,8.05,-5.61,14.21,1.89,93,1248,stevens,-117.790544,48.892186
Yes,2011,1393,-18,-98,90,-0.86,860,5.31,-7.35,10.29,0.32,163,919,stevens,-117.754688,48.719022
Yes,2011,1565,99,-4,113,-1.12,1334,4.03,-8.42,8.59,-0.53,127,745,pend_oreille,-117.239952,48.867789
No,2011,716,-30,-95,25,1.93,453,8.77,-4.04,14.85,2.68,121,1309,spokane,-117.599867,47.273575
No,2011,685,4,-99,31,1.97,498,9.23,-3.11,15.42,3.03,139,1351,whitman,-117.451399,46.911679
Yes,2011,818,-96,-26,5,0.71,780,7.13,-6.56,13.88,0.38,85,1232,pend_oreille,-117.377801,48.423865
No,2011,598,-59,80,12,1.61,393,8.92,-4.6,15.48,2.37,125,1421,whitman,-117.953651,47.255661
Yes,2012,1609,-49,86,73,-0.35,850,6.29,-5.17,11.08,1.51,204,883,columbia,-117.648936,46.07489
Yes,2011,1126,-67,73,95,0.06,1200,7.69,-4.92,13.47,1.9,170,1152,columbia,-117.974492,46.090604
Yes,2011,760,-85,-51,57,0.67,544,7.52,-6.35,13.56,1.48,129,1244,stevens,-118.1754,48.876919
Yes,2011,1084,52,85,65,0.35,751,6.62,-6.25,11.42,1.8,173,998,stevens,-118.099906,48.833209
No,2011,512,-84,54,168,1.74,508,8.93,-4.88,15.3,2.58,122,1416,stevens,-118.114263,48.725958
Yes,2012,580,-70,-70,3,1.42,553,8.22,-5.76,14.68,1.75,100,1329,stevens,-117.947585,48.685424
Yes,2011,683,98,16,20,1,557,7.78,-6.05,14.5,1.06,84,1324,stevens,-117.915561,48.360814
No,2011,869,-50,-86,29,0.79,586,8.4,-5.15,13.73,3.06,230,1233,stevens,-118.097702,48.390773
Yes,2011,1070,-38,92,98,0.31,555,7.36,-5.89,12.29,2.44,218,1082,stevens,-118.061937,48.230825
Yes,2011,735,-82,56,26,0.94,544,7.63,-6.13,14.33,0.94,84,1308,stevens,-117.864901,48.201488
Yes,2011,1015,49,-87,44,0.73,548,8.01,-5.35,13.33,2.69,207,1200,stevens,-118.016133,47.888768
Yes,2011,1266,16,-98,75,-1.08,554,5.68,-7.71,10.56,0.8,188,963,ferry,-118.624867,48.504728
Yes,2011,1117,60,-79,45,-0.44,537,6.53,-7.41,11.92,1.14,185,1098,ferry,-118.61418,48.33076
Yes,2011,830,11,99,25,0.85,438,8.17,-5.5,13.65,2.69,187,1234,ferry,-118.569742,48.152366
Yes,2011,963,70,-70,46,0.29,377,8.05,-5.65,13.56,2.53,204,1249,ferry,-118.570506,48.009986
Yes,2011,604,-54,83,69,1.19,290,9.26,-5.19,15.51,3,195,1492,ferry,-118.646857,48.060952
Yes,2011,1461,-48,-87,30,-1.56,503,5.2,-7.79,9.84,0.55,191,850,okanogan,-118.860248,48.83052
No,2011,613,-61,-78,4,1.47,297,8.86,-4.76,15.31,2.41,141,1414,lincoln,-118.486594,47.346403
No,2011,537,0,0,0,1.84,300,9.44,-4.13,16.05,2.83,137,1488,adams,-118.274206,47.076037
No,2011,550,20,-97,21,1.74,280,9.37,-4.26,16,2.74,142,1489,adams,-118.438945,47.026212
Yes,2011,1172,-82,56,29,-1.85,450,5.4,-8.9,11.3,-0.49,159,1081,okanogan,-119.002552,48.4563
No,2011,111,-70,70,1,3.71,207,12.28,-1.7,18.71,5.85,233,1797,benton,-119.038212,46.181811
No,2011,1140,-29,-95,78,-1.47,410,7.04,-7.18,12.38,1.71,241,1204,okanogan,-119.363948,48.462238
No,2011,389,16,98,20,2.76,273,10.64,-2.98,17.01,4.28,198,1597,franklin,-118.726251,46.521587
No,2011,580,-66,74,13,1.19,263,9.24,-5.31,15.58,2.9,186,1487,grant,-119.061613,47.688255
No,2011,502,35,93,23,1.37,246,9.76,-4.88,16.27,3.25,198,1578,grant,-119.207185,47.47262
No,2011,354,-98,19,15,2.05,219,10.1,-4.11,16.56,3.63,189,1551,grant,-119.136959,46.984205
No,2011,341,-98,14,2,2.52,229,10.39,-3.44,16.94,3.83,168,1567,franklin,-118.928198,46.71442
No,2011,272,-99,-11,6,2.6,218,10.81,-3.05,17.32,4.32,198,1626,franklin,-119.087822,46.668659
No,2011,334,-29,95,7,2.64,247,10.64,-3.09,17.18,4.1,190,1637,franklin,-118.90424,46.55191
No,2011,240,-100,0,2,2.75,231,11.01,-2.83,17.68,4.35,190,1691,franklin,-119.071946,46.503455
No,2011,284,-37,-92,5,2.73,199,10.82,-3,17.41,4.23,182,1583,yakima,-119.917386,46.331121
Yes,2011,902,99,6,58,-1.64,579,6.3,-7.41,12.45,0.16,136,1187,okanogan,-120.448683,48.385484
No,2011,630,85,52,36,2,291,9.91,-3.36,15.81,4.01,231,1417,yakima,-120.06807,46.11939
No,2011,123,-11,99,35,3.48,212,11.86,-1.77,18.5,5.23,188,1762,benton,-119.852238,45.846867
Yes,2011,1323,71,69,145,-1.45,787,6.02,-6.06,10.81,1.23,218,945,chelan,-120.488965,47.74907
Yes,2011,1468,99,-11,162,-0.21,2327,4.26,-4.17,8.41,0.12,96,541,skamania,-121.821391,46.340141
No,2011,185,97,24,34,6.23,532,10.18,1.41,14.73,5.63,38,780,clallam,-123.08006,48.064176
Yes,2011,129,-76,-64,5,6.57,1411,10.94,1.15,16.65,5.21,21,1057,lewis,-122.94064,46.541245
Yes,2011,166,-34,-93,34,6.49,1467,10.78,0.92,16.29,5.27,27,1006,lewis,-123.086417,46.58959
No,2011,204,44,-89,2,2.67,205,11.93,-2.89,18.47,5.4,298,1909,benton,-119.707843,46.548323
Yes,2011,693,-15,98,65,-0.28,359,8.07,-6.78,13.8,2.35,215,1335,okanogan,-119.569476,48.636661
No,2011,124,94,-31,2,3.02,204,12.22,-2.26,18.78,5.65,283,1908,benton,-119.439692,46.651878
No,2011,521,-37,92,3,2.63,259,10.34,-3.35,16.21,4.45,199,1443,benton,-119.372108,46.156442
No,2011,380,3,-99,9,3.02,242,10.81,-2.45,16.95,4.67,188,1526,benton,-119.205663,46.044709
Yes,2011,2115,0,-99,113,-5.43,1083,0.42,-9.69,4.98,-4.15,95,520,okanogan,-120.321699,48.756001
No,2011,935,-6,99,57,-0.82,512,7.99,-6.3,13.32,2.66,261,1294,okanogan,-120.032858,48.227061
Yes,2011,1067,89,45,112,-1.02,608,7.42,-6.6,12.75,2.1,238,1224,okanogan,-120.196039,48.231681
No,2011,704,-88,46,23,-0.16,380,8.62,-5.54,14.24,3,239,1360,chelan,-120.1606,47.971763
No,2011,549,63,-76,66,0.81,355,9.44,-5.07,14.95,3.94,271,1435,chelan,-120.284703,47.574279
Yes,2011,1255,-62,-78,41,-0.51,1005,5.34,-5.51,10.2,0.47,133,828,kittitas,-120.761003,47.262498
No,2011,533,-95,28,34,1.92,255,8.88,-5.12,15.06,2.7,155,1334,kittitas,-120.558998,47.064512
No,2011,318,-95,-30,17,1.65,270,10.58,-4.3,16.3,4.85,287,1566,douglas,-120.259718,47.412495
No,2011,903,41,-90,76,0.01,512,7.94,-5.4,12.97,2.91,238,1151,chelan,-120.218109,47.274382
No,2011,800,31,-94,8,0.55,293,8.43,-5.61,14.67,2.19,190,1363,kittitas,-120.158868,46.769404
Yes,2011,1652,-79,-60,19,-2.35,957,4.12,-6.53,9.03,-0.79,181,758,kittitas,-120.576538,47.206711
Yes,2012,1294,-45,89,84,-0.07,2464,5.1,-3.53,8.88,1.32,87,591,whatcom,-121.802509,48.975955
Yes,2011,1477,-29,-95,94,0.32,1914,5.3,-3.54,9.58,1.02,109,635,skamania,-121.676685,46.386419
No,2011,2473,96,25,74,-6.46,2101,0.37,-8.1,5.07,-4.33,142,577,yakima,-121.461677,46.182679
Yes,2011,1371,-20,-97,112,-2.43,3454,4.14,-4.5,8.02,0.27,116,629,whatcom,-121.592372,48.796811
Yes,2011,279,-90,43,99,4.15,2610,9.57,-1.02,14.47,4.67,59,906,skagit,-121.499529,48.306475
Yes,2011,1110,-9,-99,127,-0.65,2926,5.52,-4.25,9.75,1.3,110,707,whatcom,-121.410369,48.841433
Yes,2011,96,1,99,35,5.03,1536,10.1,0.04,15.18,5.02,57,915,snohomish,-121.869314,48.264657
No,2011,176,35,93,28,5.56,1984,10.16,0.78,14.97,5.35,58,913,king,-121.714849,47.477619
Yes,2011,788,84,52,173,3.27,2681,7.48,-1.5,11.69,3.28,75,736,king,-121.634559,47.331135
No,2011,3817,22,97,228,-14.45,2376,-7.89,-15.43,-2.98,-12.81,81,306,pierce,-121.758879,46.867575
No,2011,2104,-26,-96,95,-4.82,2976,2.15,-7.08,6.03,-1.72,146,572,whatcom,-121.172287,48.644914
No,2011,1733,63,-77,142,-4.21,2307,2.5,-7.4,6.7,-1.69,130,618,skagit,-121.155478,48.508926
Yes,2011,1626,16,98,78,-2.9,1996,3.35,-7.1,8.14,-1.44,136,694,chelan,-121.045878,48.002579
Yes,2011,1058,-30,-95,182,0.67,3013,5.93,-3.94,10.34,1.52,112,757,king,-121.360211,47.487614
Yes,2011,35,-97,-22,13,6.95,936,10.71,2.11,14.49,6.93,58,715,whatcom,-123.061218,48.991312
No,2011,46,-63,-77,24,7.36,577,10.3,2.58,14.31,6.29,29,613,island,-122.755727,48.233811
No,2011,126,-2,-99,13,5.94,1563,10.96,0.76,16.32,5.59,66,1073,clark,-122.431734,45.773903
Yes,2011,1289,-44,-89,124,0.08,1824,4.83,-4.19,9.03,0.62,112,599,pierce,-121.593277,47.002382
Yes,2011,204,-62,77,35,6.42,2825,10.09,1.49,14.77,5.4,38,767,wahkiakum,-123.568165,46.336068
No,2011,4,80,59,4,7.14,1007,11.03,1.9,15.7,6.36,33,802,snohomish,-122.1518,47.921637
Yes,2011,1379,74,-67,163,1.36,3177,5.31,-3.29,9.29,1.34,86,529,pierce,-121.80294,47.025561
Yes,2011,519,12,99,27,3.93,1716,7.86,-1.28,12.58,3.14,41,818,pierce,-121.958126,46.986854
Yes,2011,1434,-42,-90,225,0.69,2584,6.01,-3.13,10.45,1.57,112,739,pierce,-121.895177,46.811711
Yes,2011,442,-68,-73,30,4.28,1640,9.39,-0.78,14.93,3.85,56,1057,lewis,-121.896472,46.490988
Yes,2011,1107,23,97,106,1.93,1542,7,-3.06,11.91,2.1,83,806,skamania,-121.61598,46.038674
Yes,2011,1021,68,72,135,1.66,2944,7.23,-3.42,12.21,2.25,119,900,skamania,-121.762066,45.84448
No,2011,9,0,-100,2,6.74,1064,10.54,1.33,14.97,6.12,39,769,whatcom,-122.546928,48.895131
Yes,2011,122,60,-79,7,6.18,1426,10.64,1.46,15.47,5.82,57,914,pierce,-122.757171,47.399183
No,2011,82,-90,41,28,6.62,1157,11.06,1.88,15.74,6.38,70,889,pierce,-122.539259,47.251312
Yes,2011,772,99,12,118,5.71,2532,9.72,1.27,14.3,5.15,68,849,lewis,-122.414751,46.639535
Yes,2011,273,96,-25,17,5.79,1642,10.29,0.43,15.93,4.65,31,1027,lewis,-122.56875,46.587853
Yes,2011,43,-81,57,24,7.11,1109,11.58,2.12,16.37,6.79,51,943,pierce,-122.321697,47.248827
Yes,2011,530,-49,-86,59,4.49,2134,9.26,-0.48,14.6,3.92,74,955,cowlitz,-122.49594,46.243262
Yes,2011,681,91,40,105,4.91,1830,8.43,-0.03,12.99,3.89,48,759,pierce,-122.112916,46.8152
Yes,2011,960,96,-26,66,2.58,2563,6.84,-2.13,11.11,2.56,83,695,skamania,-122.208303,46.349009
Yes,2011,1558,40,-91,102,0.66,2908,4.58,-3.87,8.53,0.63,88,497,skamania,-122.182435,46.29355
Yes,2011,828,44,89,61,4.34,2721,8.46,-1.04,12.9,4.01,81,835,skamania,-122.11402,45.947604
Yes,2011,619,-95,-29,55,3.69,2572,8.85,-2.1,13.88,3.82,108,978,skamania,-121.904238,45.846823
Yes,2011,150,52,85,22,6.49,1386,10.83,1.22,16.3,5.36,30,1004,thurston,-122.792624,46.780953
No,2011,1629,83,-54,275,-0.1,4686,3.93,-4.59,8.27,-0.42,89,575,jefferson,-123.509631,47.637683
Yes,2011,96,77,-63,12,6.58,2314,10.6,1.63,15.9,5.31,23,900,mason,-123.387971,47.172984
Yes,2011,581,-24,96,102,5.19,1840,9.24,0.75,13.86,4.64,58,777,lewis,-123.297331,46.689192
No,2011,1,0,100,1,7.03,2122,10.84,2.04,15.79,5.9,34,831,wahkiakum,-123.424654,46.262991
Yes,2011,246,-82,56,112,5.98,1803,9.97,0.84,15.03,4.91,33,878,lewis,-123.26344,46.512752
Yes,2011,903,99,8,59,-0.74,797,7.06,-6.71,13.06,1.07,145,1210,chelan,-120.695498,47.849318
Yes,2011,170,24,-97,86,6.12,1490,10.65,1.04,15.86,5.44,52,974,cowlitz,-122.815327,46.051387
Yes,2011,951,-72,-68,166,3.82,2900,7.72,-0.71,11.82,3.62,85,607,clallam,-123.990804,48.089706
Yes,2011,1728,73,67,118,0.61,1963,4.45,-3.73,8.49,0.41,93,546,jefferson,-123.185759,47.821091
Yes,2011,250,-17,-98,14,5.83,3167,11.05,0.96,16.02,6.08,88,1034,mason,-123.152633,47.504887
Yes,2011,906,-76,64,119,2.83,4012,7.31,-1.06,11.26,3.36,102,659,mason,-123.306902,47.535244
Yes,2011,76,67,-73,10,6.49,1684,10.7,1.44,15.95,5.45,32,949,thurston,-123.019115,47.032297
Yes,2011,124,-46,88,42,6.37,2350,10.93,1.3,16.05,5.81,51,981,thurston,-123.194002,47.05349
Yes,2011,480,99,-1,140,6.03,4041,10.1,2.16,14.28,5.93,88,747,jefferson,-123.668552,47.518177
Yes,2011,417,-37,92,83,6.16,3434,9.89,1.46,14.67,5.11,40,782,pacific,-123.582518,46.49869
Yes,2011,434,88,-46,163,6.07,4962,9.61,1.53,13.84,5.38,70,666,grays_harbor,-123.608446,47.325943
Yes,2011,359,-11,99,35,4.96,2043,9.57,-0.39,15.15,4,28,1002,lewis,-122.21608,46.586312
Yes,2011,696,-6,-99,55,1.11,654,8.92,-5.54,14.77,3.07,187,1371,chelan,-120.639732,47.527686
No,2011,2,70,-70,1,8.06,2043,10.97,3.62,14.78,7.16,33,608,pacific,-123.949523,46.300812
No,2011,447,-28,-95,6,1.8,218,10.1,-4.65,15.98,4.22,246,1491,grant,-119.890431,47.27039
No,2011,212,14,-98,29,2.27,238,11.44,-3.57,17.57,5.3,290,1731,chelan,-120.092071,47.300166
Yes,2011,975,25,-96,65,-1.44,664,6.47,-7.35,12,0.94,181,1146,okanogan,-120.237934,48.232255
No,2011,252,48,87,102,2.72,194,11.59,-3.13,18.07,5.12,255,1759,grant,-119.466392,46.814218
Yes,2011,37,39,91,44,6.71,1948,10.56,1.59,15.68,5.44,29,850,wahkiakum,-123.377043,46.219301
No,2011,348,-100,0,2,2.29,218,10.23,-3.82,16.63,3.83,186,1532,adams,-119.114204,46.83166
No,2011,413,31,94,5,1.66,228,10.03,-4.51,16.67,3.38,193,1611,grant,-119.18568,47.31825
No,2011,557,-11,-99,3,1.15,253,9.44,-5.13,15.73,3.16,202,1515,grant,-119.22993,47.637229
No,2011,508,81,-57,11,1.4,253,9.56,-4.81,16.11,3.02,180,1549,grant,-119.034092,47.52529
Yes,2011,869,-98,14,56,1.63,2932,6.23,-3.23,10.61,1.86,76,719,king,-121.511306,47.369655
No,2011,735,19,98,4,0.35,303,8.35,-6.31,14.34,2.36,188,1359,douglas,-119.276306,47.959396
Yes,2011,889,-94,31,59,-1.04,376,7.59,-6.84,12.85,2.34,261,1250,okanogan,-119.336919,48.279585
Yes,2011,1098,-45,88,55,-1.68,444,5.71,-9,11.77,-0.36,160,1135,okanogan,-119.01204,48.631942
Yes,2011,651,83,-55,71,4.24,2181,8.42,-0.56,12.43,4.42,46,614,whatcom,-122.139658,48.772677
Yes,2011,326,-34,-93,99,3.56,2289,8.67,-1.72,13.6,3.74,56,849,skagit,-122.020942,48.60354
No,2011,291,31,-94,4,1.57,287,10.64,-4.54,16.87,4.41,250,1698,okanogan,-119.302546,48.117372
Yes,2011,995,23,97,26,-0.91,475,6.14,-8.59,12.32,-0.03,136,1165,ferry,-118.810258,48.534394
Yes,2011,863,11,99,3,-0.8,380,6.51,-8.17,13.08,-0.06,130,1240,okanogan,-119.044944,48.955154
No,2011,376,-95,-29,12,2.66,317,10.75,-2.85,17.42,4.08,177,1649,adams,-118.238512,46.751503
No,2011,9,-83,-55,2,7.38,1753,11.21,2.11,16.67,5.75,15,891,grays_harbor,-123.389042,46.988366
Yes,2011,1282,98,-17,52,-1.93,462,6.47,-6.62,11.14,1.8,258,1033,okanogan,-119.73179,48.421219
No,2011,801,-52,-85,12,1.72,585,8.26,-4.23,14.37,2.16,94,1261,spokane,-117.063811,47.404427
Yes,2011,1346,39,-92,124,-0.24,1402,4.75,-6.01,9.32,0.17,104,709,kittitas,-120.9278,47.357585
Yes,2011,547,6,99,65,1.32,2143,7.98,-3.12,13.21,2.76,133,1038,king,-121.198471,47.714223
Yes,2011,942,62,78,116,2.49,3008,7.06,-2.19,11.42,2.7,108,753,skamania,-122.089636,45.791316
Yes,2011,445,11,99,24,4.92,1995,9.33,-0.66,14.72,3.94,51,963,lewis,-122.384774,46.485092
Yes,2011,499,76,64,68,5.75,1511,9.43,0.78,14.18,4.69,44,814,lewis,-122.58274,46.736176
No,2011,472,31,94,11,2.88,262,10.84,-2.84,16.64,5.04,260,1485,yakima,-120.238573,46.147015
No,2011,257,0,0,0,2.06,201,10.76,-3.83,17.75,3.79,213,1718,yakima,-120.446245,46.421947
No,2011,347,85,51,32,2.31,209,10.76,-3.37,17.41,4.12,232,1650,yakima,-120.270356,46.294882
No,2011,700,37,92,11,1.38,328,8.18,-5.48,14.57,1.82,108,1325,lincoln,-118.521152,47.678683
No,2011,202,-70,-70,2,2.08,186,10.7,-3.43,18.04,3.37,201,1746,yakima,-120.093002,46.277933
Yes,2011,626,-16,-98,45,4.71,2712,8.99,-0.57,13.28,4.7,99,842,clark,-122.253054,45.833445
Yes,2011,597,-37,-92,121,4.49,3159,8.67,-0.82,12.9,4.44,84,766,cowlitz,-122.487618,46.100349
Yes,2011,99,48,87,53,6.71,2765,9.99,1.67,14.54,5.44,24,672,grays_harbor,-123.924705,47.152849
No,2013,150,-6,-99,14,6.18,987,10.3,1.27,14.94,5.66,50,822,jefferson,-122.872081,47.863644
Yes,2011,792,-43,89,16,0.97,763,7.51,-5.87,13.78,1.24,95,1240,pend_oreille,-117.156994,48.05681
Yes,2011,1732,0,-99,71,-0.79,1219,4.34,-7.39,8.42,0.25,149,712,pend_oreille,-117.442077,48.894516
Yes,2011,103,-97,23,20,6.2,1021,10.43,1.41,15.1,5.77,51,828,jefferson,-122.796852,47.721294
No,2011,507,-10,99,69,1.89,236,10.29,-3.65,16.4,4.18,262,1576,yakima,-119.97819,46.649942
Yes,2011,36,18,98,39,6.63,2490,10.16,1.87,15.07,5.26,24,743,pacific,-123.817815,46.493704
Yes,2011,84,-21,-97,28,6.25,2359,9.95,1.25,14.95,4.95,26,762,grays_harbor,-123.686687,46.805662
Yes,2011,1334,-6,99,133,0.8,3924,6.28,-1.85,10.15,2.4,100,621,snohomish,-121.573057,47.863655
Yes,2011,1430,-37,92,61,1.11,2718,5.96,-2.78,10.33,1.61,100,664,lewis,-121.896707,46.638509
Yes,2011,948,-74,66,43,3.28,2355,7.4,-1.54,11.87,2.93,70,735,lewis,-122.07177,46.658684
No,2011,809,-50,86,36,1.5,384,8.46,-4.65,14.16,2.75,148,1205,kittitas,-120.533942,46.906954
Yes,2011,858,97,20,65,0.31,610,7.97,-4.48,12.79,3.15,241,1136,chelan,-120.423227,47.445706
Yes,2011,1303,54,-84,48,-0.5,1031,5.03,-7.61,10.18,-0.11,139,889,pend_oreille,-117.206484,48.558081
Yes,2011,905,-96,-26,58,0.44,802,6.6,-6.96,13.26,-0.07,78,1169,pend_oreille,-117.405113,48.568871
Yes,2011,1412,99,-11,52,-0.99,1772,4.21,-5.78,9.2,-0.79,82,775,yakima,-121.484236,46.34264
No,2011,792,29,95,23,0.17,266,8.32,-6.27,14.24,2.43,211,1350,douglas,-119.55344,47.452308
No,2011,374,82,-56,35,1.42,224,10.31,-4.63,16.71,3.91,234,1635,grant,-119.421878,47.54474
Yes,2011,1381,-99,11,114,-0.97,1761,4.4,-5.56,9.08,-0.28,112,702,kittitas,-121.092698,47.063767
Yes,2011,1074,-22,-97,41,0.25,1786,5.57,-4.73,9.97,1.18,125,748,kittitas,-121.154883,47.373965
Yes,2011,210,34,93,16,5.52,2227,9.91,0.26,15.65,4.17,26,949,pacific,-123.48554,46.705415
Yes,2011,1531,99,-11,133,-1.68,1573,3.51,-5.82,7.95,-0.93,125,564,pierce,-121.449932,47.021562
Yes,2011,51,-14,98,2,7.31,2572,10.45,2.48,14.82,6.09,26,661,grays_harbor,-124.137789,47.248852
Yes,2011,502,-8,99,35,4.01,1670,8.35,-1.45,13.47,3.23,37,913,pierce,-121.705532,47.147245
Yes,2011,1393,65,75,146,0.1,3762,4.51,-4.13,8.52,0.51,89,532,king,-121.510448,47.512718
Yes,2011,640,-44,-89,119,3.12,3328,8.84,0.03,13.04,4.64,80,731,skagit,-121.667049,48.332679
No,2011,599,58,80,99,2.41,414,9.92,-2.89,15.78,4.05,216,1365,klickitat,-120.51489,45.788759
Yes,2011,339,-84,-52,73,6.16,2520,9.3,0.95,13.8,4.8,42,636,clallam,-124.187328,48.11603
No,2011,1244,13,-99,13,-0.68,602,6.97,-4.69,12.01,1.92,265,1052,klickitat,-120.450665,45.990852
No,2011,277,-31,-94,1,2.08,207,10.73,-3.9,17.82,3.65,200,1714,yakima,-120.632694,46.446751
No,2011,550,-85,51,11,2.24,411,9.74,-3.03,16.23,3.25,142,1457,whitman,-117.747009,47.060643
No,2011,853,73,67,14,0.43,328,8.01,-5.67,13.57,2.44,192,1225,lincoln,-118.767177,47.866277
No,2011,165,-90,-42,75,3.24,312,11.54,-1.85,17.91,5.17,219,1702,whitman,-118.210167,46.588095
No,2011,423,-93,35,35,2.83,289,11.03,-2.64,17.2,4.86,223,1604,franklin,-118.460034,46.617352
No,2011,329,46,-88,34,2.83,283,11.04,-2.5,17.19,4.89,225,1595,franklin,-118.555972,46.575077
No,2011,460,-92,-38,26,2.95,426,11.03,-1.93,16.52,5.54,258,1469,walla_walla,-118.371669,46.374307
Yes,2011,995,68,-72,48,-0.21,1034,5.39,-7.86,11.9,-1.12,59,1051,pend_oreille,-117.065832,48.759835
No,2011,682,14,98,6,1.21,304,8.23,-5.57,14.78,1.69,109,1370,lincoln,-118.706656,47.706812
No,2011,506,-80,59,120,0.6,417,8.97,-5.56,14.92,3.02,217,1433,okanogan,-119.417029,48.909818
No,2011,509,68,-72,20,1.3,232,9.83,-5.15,15.84,3.82,237,1521,douglas,-119.736895,47.480385
No,2011,347,-31,-94,3,1.98,175,10.28,-4.55,16.87,3.7,206,1610,grant,-119.667258,46.994795
Yes,2011,139,-91,40,56,6.34,2263,10.13,1.1,15.3,4.96,23,801,grays_harbor,-123.523559,46.888215
Yes,2011,21,94,31,2,7.31,2137,10.62,2.09,15.56,5.68,15,725,grays_harbor,-123.523464,47.028218
Yes,2011,1409,99,-10,106,-0.4,1385,7.35,-4.25,12.1,2.6,259,974,columbia,-117.79222,46.128515
No,2011,829,-97,-20,88,1.05,787,9.13,-3.51,14.63,3.62,232,1262,columbia,-117.8506,46.274347
Yes,2011,1255,38,-92,61,-0.91,952,5.92,-4.73,10.33,1.52,241,857,yakima,-121.020876,46.58666
No,2011,665,-63,77,14,1.8,447,8.78,-4.32,14.92,2.64,132,1329,whitman,-117.768622,47.222933
Yes,2011,770,-75,-65,17,1.37,562,7.98,-5.71,14.5,1.47,82,1315,stevens,-117.876425,48.045499
Yes,2011,1017,99,-6,72,0.42,657,7.45,-5.71,12.43,2.48,217,1093,stevens,-118.023728,48.056382
Yes,2011,2245,-78,-62,65,-5.47,861,-0.03,-10.34,4.51,-4.56,83,469,okanogan,-119.964674,48.912327
No,2011,423,98,-19,111,2.52,480,11.6,-1.5,18.01,5.2,243,1789,asotin,-116.959048,46.116181
Yes,2011,340,17,98,113,3.81,391,10.28,-1.65,15.75,4.81,166,1258,klickitat,-121.211966,45.736303
No,2011,929,2,99,96,0.48,535,7.36,-5.88,12.63,2.09,174,1121,kittitas,-120.205012,47.080506
Yes,2011,751,-99,-2,58,1.72,773,8.42,-4.48,13.64,3.2,177,1204,spokane,-117.139315,47.747975
No,2011,416,84,53,55,1.99,238,10.73,-4.06,16.37,5.08,297,1546,kittitas,-120.036066,47.144256
No,2011,790,66,74,42,0.13,337,8.35,-6.02,13.82,2.88,238,1287,douglas,-120.09065,47.463391
Yes,2012,1751,-7,99,68,-3.56,1076,3.66,-6.96,7.96,-0.64,168,714,okanogan,-120.443837,48.529724
Yes,2011,110,-6,99,71,6.07,1426,10.46,0.88,16.02,4.9,27,1006,lewis,-123.064088,46.420262
No,2011,421,-68,72,33,2.97,307,11.01,-2.26,17.12,4.9,221,1586,walla_walla,-118.548975,46.409949
No,2011,189,-96,26,44,6.51,1206,10.65,1.31,15.51,5.79,38,936,pierce,-122.177348,47.159317
No,2011,55,-99,-7,26,7.09,1028,11.51,2.35,15.95,7.08,70,911,king,-122.222472,47.623535
No,2011,830,-83,54,30,1.83,690,9.76,-2.82,14.94,4.58,251,1265,columbia,-117.975645,46.233906
No,2011,544,-46,88,30,2.56,439,10.8,-2.32,16.36,5.25,257,1447,columbia,-118.199565,46.43179
No,2011,655,-58,-81,5,1.37,315,8.5,-4.88,14.88,2.13,134,1363,lincoln,-118.307639,47.400219
No,2011,575,-81,-58,6,1.55,355,9.03,-4.48,15.64,2.42,132,1446,adams,-118.123086,47.209187
No,2011,546,-16,-98,26,1.88,348,10,-3.69,16.14,3.87,192,1548,ferry,-118.371352,47.885697
No,2011,117,-14,98,20,3.9,253,12.18,-1.31,18.46,5.9,217,1717,walla_walla,-118.846792,46.070672
No,2011,419,65,-75,23,3.31,278,10.84,-2.46,16.53,5.15,201,1431,benton,-119.017244,46.015001
Yes,2011,1121,70,-70,116,0.16,641,6.4,-6.71,11.22,1.59,177,995,ferry,-118.357258,48.980472
Yes,2011,691,-98,17,74,3.96,3249,8.32,-1.32,12.87,3.78,78,807,cowlitz,-122.332996,46.149699
No,2011,541,91,-39,34,1.19,339,9.81,-5.05,15.31,4.3,273,1485,okanogan,-119.926093,47.99657
Yes,2011,1087,-98,15,33,-1.64,433,6.8,-7.31,12.32,1.27,225,1202,okanogan,-119.87168,48.285557
Yes,2011,1498,-85,-51,59,-2.76,607,4.7,-7.92,9.61,-0.2,173,901,okanogan,-119.88911,48.443301
No,2011,577,-91,-39,7,1.55,298,8.97,-4.63,15.56,2.38,129,1436,adams,-118.464132,47.189516
No,2011,1002,-91,40,132,0.93,825,8.4,-3.83,14.41,2.38,177,1257,columbia,-117.671807,46.247843
No,2011,670,-3,99,37,2.14,442,9.22,-3.26,15.49,2.96,140,1349,whitman,-117.57302,47.107212
No,2011,5,70,-70,2,6.9,1067,11.94,1.87,17.28,6.6,68,1123,cowlitz,-122.77328,45.902093
No,2011,273,62,-77,29,3.13,249,11.23,-2.36,17.74,4.72,224,1725,franklin,-118.88553,46.389724
Yes,2011,671,-95,29,15,1.76,451,8.8,-3.99,15.26,2.34,110,1364,whitman,-117.428034,47.251319
No,2011,419,-55,-83,5,2.23,232,9.95,-3.94,16.44,3.47,164,1503,adams,-118.948116,46.877518
Yes,2011,500,-86,-50,166,5.84,4742,9.94,1.36,14.37,5.5,72,773,mason,-123.464491,47.328227
Yes,2011,576,-69,-71,76,3.49,1492,7.96,-2.2,13.32,2.61,50,980,king,-121.623587,47.152139
No,2011,884,-7,99,25,-0.93,363,7.2,-7.56,12.82,1.57,218,1239,okanogan,-119.348845,48.616994
Yes,2011,993,-95,30,121,2.45,2280,6.72,-2,10.91,2.54,100,660,jefferson,-123.35765,47.701574
Yes,2011,541,-98,14,2,0.84,656,8.43,-5.33,14.77,2.1,149,1343,chelan,-120.656054,47.722496
Yes,2011,1396,-88,47,100,-2.04,1927,4.51,-6.67,9.32,-0.27,126,802,chelan,-120.930725,48.222967
No,2011,1052,44,-89,97,-1.32,587,6.76,-7.08,12.27,1.25,198,1177,okanogan,-120.23307,48.282186
No,2011,2107,62,-78,115,-4.87,2592,0.98,-7.14,4.94,-2.97,109,494,whatcom,-121.031948,48.690511
No,2011,2002,3,-99,94,-1.87,1941,1.66,-6.58,5.78,-2.47,80,466,jefferson,-123.360671,47.862802
Yes,2011,152,-44,-89,1,6.36,2255,10.76,1.28,15.84,5.68,45,945,mason,-123.239668,47.286435
Yes,2011,340,-82,57,44,5.71,1878,10.12,0.52,15.34,4.9,50,955,grays_harbor,-123.166314,46.880119
No,2011,647,98,-16,11,1.38,666,7.33,-6.4,13.78,0.88,62,1210,pend_oreille,-117.43088,48.737909
Yes,2011,733,16,-98,17,1.6,681,8.28,-4.92,14.22,2.35,126,1261,spokane,-117.280737,47.944922
Yes,2011,1167,-48,87,41,-0.48,488,7.16,-6.62,12.19,2.13,230,1128,ferry,-118.780031,48.216973
Yes,2011,1514,-96,27,133,-3.19,1969,3.71,-6.91,8.42,-0.99,133,726,chelan,-120.964506,48.39561
Yes,2011,152,82,-57,16,6.47,2720,10.02,1.4,14.7,5.34,30,725,grays_harbor,-123.590044,47.174192
Yes,2011,447,-99,-6,59,4.56,1438,8.78,-0.88,13.3,4.28,49,737,whatcom,-122.318445,48.753549
No,2011,117,72,69,80,5.06,1741,9.95,0.17,14.77,5.14,49,862,skagit,-121.728201,48.50606
No,2011,772,0,100,5,-0.08,306,7.98,-7.12,13.79,2.16,199,1310,douglas,-119.785387,47.812333
Yes,2011,1090,63,-77,167,-2.11,654,5.77,-8.53,11.82,-0.28,157,1154,okanogan,-120.141456,48.719458
No,2011,787,-72,68,18,0.22,249,8.35,-6.13,14.05,2.65,214,1321,grant,-119.720086,47.319625
No,2011,170,44,89,13,2.82,195,11.9,-3.02,18.41,5.4,285,1801,grant,-119.638952,46.838663
No,2011,450,-86,-49,24,2.73,258,10.64,-3.02,16.55,4.72,227,1503,benton,-119.572698,46.345077
Yes,2012,265,26,96,76,5.97,1573,10.12,0.82,15.32,4.92,42,926,cowlitz,-122.855832,46.252399
No,2011,92,99,2,14,6.75,1166,11.69,1.72,16.96,6.44,72,1099,clark,-122.562078,45.635777
No,2011,20,-97,22,9,6.63,968,10.58,1.62,14.9,6.26,52,758,whatcom,-122.479783,48.748892
No,2011,512,26,96,5,1.91,344,9.61,-3.82,16.32,2.88,135,1509,adams,-118.095165,47.04743
Yes,2011,996,-55,82,28,-1.38,420,5.91,-8.8,11.8,0.02,172,1140,okanogan,-119.23197,48.829803
Yes,2011,1220,0,-100,19,-1.44,491,5.16,-9.43,11.25,-0.92,126,1068,okanogan,-118.862879,48.68757
Yes,2011,484,-54,-83,69,4.68,2063,8.53,-0.87,13.39,3.69,23,828,king,-121.790344,47.178622
No,2011,85,99,2,17,6.71,1038,10.99,2.02,15.47,6.52,61,841,king,-122.307068,47.773106
No,2011,1206,88,-47,119,-1.53,2778,4.84,-4.26,9.02,0.66,123,681,whatcom,-121.616716,48.94766
Yes,2011,316,-51,-85,57,6.73,4034,10.01,1.19,14.53,5.48,25,677,grays_harbor,-124.017939,47.483458
Yes,2011,1454,84,54,36,-2.4,582,5.04,-7.96,9.78,0.3,206,922,okanogan,-119.192305,48.495591
No,2011,735,-27,96,14,0.35,294,8.13,-6.83,14.07,2.19,182,1327,douglas,-119.585301,47.618231
No,2011,714,94,33,12,1.33,345,8.02,-5.38,14.27,1.78,114,1281,lincoln,-118.336221,47.568603
Yes,2011,263,-12,99,36,6.39,1395,10.54,1.61,14.8,6.29,63,824,snohomish,-121.937914,47.824043
Yes,2011,33,-94,31,7,7.31,576,10.52,2.83,14.56,6.49,32,654,jefferson,-122.710518,48.087832
Yes,2011,269,95,31,87,5.8,1898,10.36,0.5,15.96,4.77,31,1028,lewis,-122.434378,46.586574
Yes,2011,207,17,-98,40,5.33,2095,10.06,-0.26,15.38,4.75,58,999,clark,-122.449111,45.930344
Yes,2011,1345,4,-99,120,-2.2,2510,3.89,-6.25,8.48,-0.71,131,689,snohomish,-121.214236,47.905639
Yes,2011,1129,94,31,127,1.03,797,6.87,-4.44,12.55,1.2,83,1209,yakima,-121.059993,46.896067
Yes,2011,915,-67,73,45,0.16,620,6.15,-7.13,12.33,-0.03,99,1105,stevens,-117.591,48.861623
Yes,2011,1356,59,80,110,-2.61,831,4.44,-7.81,9.29,-0.4,143,832,okanogan,-120.476977,48.679324
No,2011,134,0,0,0,3.12,268,11.57,-2.02,18.09,5.06,238,1738,franklin,-118.709424,46.361259
No,2011,732,-22,-97,5,1.47,447,8.11,-5.07,14.24,2,110,1271,spokane,-117.810528,47.54543
No,2011,491,99,-11,36,2,389,9.68,-3.54,16.37,2.99,135,1504,whitman,-117.916981,47.091563
Yes,2011,1398,37,92,45,-1.9,647,5.12,-7,9.52,0.73,198,798,ferry,-118.687665,48.946513
No,2011,502,56,-82,8,1.73,243,8.77,-5.73,15.49,2.05,121,1347,kittitas,-120.369893,46.948964
No,2011,511,66,-74,27,1.94,212,10.01,-3.88,16.27,3.75,248,1478,yakima,-120.116685,46.439028
No,2011,473,-48,87,10,2.93,385,9.82,-2.85,16.49,3.16,118,1421,klickitat,-120.87168,45.80756
No,2011,583,-70,70,1,1.5,313,8.95,-4.54,15.57,2.34,131,1445,adams,-118.296622,47.232658
No,2011,781,-97,-21,71,0.68,578,7.81,-5.82,13.03,2.59,215,1178,stevens,-118.101943,48.529573
No,2011,598,-21,-97,20,2.09,453,9.57,-2.97,15.97,3.18,144,1421,whitman,-117.557928,46.941491
No,2011,2101,11,99,124,-4.94,1727,0.86,-8.38,5.28,-3.56,95,544,chelan,-120.804337,48.502371
Yes,2011,723,-19,-98,81,0.12,1401,7.45,-4.88,12.67,2.22,128,1036,whatcom,-120.96862,48.893926
Yes,2011,2221,98,16,86,-5.37,1615,0.48,-10.3,5.32,-4.36,78,556,okanogan,-120.33814,48.92661
Yes,2011,384,92,37,30,5.89,2273,9.79,0.87,14.74,4.85,41,845,wahkiakum,-123.239707,46.290192
Yes,2011,100,4,-99,40,6.41,1752,10.74,1.25,16.3,5.17,26,992,grays_harbor,-123.348487,46.844741
Yes,2011,1416,-59,80,140,-3.6,1685,3.38,-7.53,8.36,-1.6,124,737,skagit,-121.002628,48.554251
No,2011,771,98,-18,47,1.64,507,9.7,-2.68,14.91,4.5,254,1271,garfield,-117.688125,46.412392
No,2011,1052,-97,22,51,0.88,712,7.56,-5,12.83,2.29,170,1107,kittitas,-120.363332,47.122312
Yes,2011,297,-65,75,148,6.29,2800,10.14,1.39,14.88,5.41,42,830,pacific,-123.456341,46.397954
Yes,2011,375,79,60,36,4.15,868,8.62,-0.81,13.37,3.88,55,809,clallam,-123.237898,48.01569
Yes,2011,102,0,-100,1,6.36,1925,10.65,1.38,15.82,5.47,34,933,mason,-123.20892,47.252356
Yes,2011,720,-84,53,49,0.27,436,8.49,-5.59,14.16,2.82,219,1328,chelan,-120.342534,47.744333
Yes,2011,1072,-98,-15,29,0.01,762,6.39,-5.75,12.11,0.68,132,1058,kittitas,-120.44727,47.229541
No,2011,793,99,-6,21,0.55,264,8.1,-5.96,14.41,1.81,166,1317,kittitas,-120.193046,46.925512
Yes,2011,825,57,-82,62,3.37,3642,8.18,0,11.71,4.65,80,596,snohomish,-121.752377,47.793348
Yes,2011,1808,-99,-10,72,-2.49,1331,3.76,-6.33,8.71,-1.2,152,743,kittitas,-120.786296,47.40265
Yes,2011,93,14,-98,40,6.62,3234,10.11,1.79,14.7,5.53,23,696,jefferson,-124.049731,47.61654
No,2011,738,-95,29,29,0.88,360,8.52,-5.35,14.24,2.8,188,1316,lincoln,-118.540979,47.853011
Yes,2011,1530,65,75,189,-1.55,1377,4.96,-5.12,8.98,0.94,163,716,chelan,-120.807533,48.358142
No,2011,512,-100,0,1,1.48,264,9.4,-4.69,15.93,2.87,162,1510,lincoln,-118.846771,47.496975
Yes,2011,1604,-55,82,76,-1.75,1451,3.56,-8.46,8.25,-1.12,121,738,pend_oreille,-117.23497,48.715129
Yes,2011,1157,-99,10,102,0.31,828,6.84,-5.59,11.95,1.74,157,1028,chelan,-120.613445,47.383361
No,2011,661,-25,96,51,0.81,335,9.08,-5.83,14.6,3.57,239,1393,okanogan,-119.656652,48.276307
Yes,2011,848,-52,-85,197,0.11,2923,6.47,-3.75,11.21,1.73,116,855,snohomish,-121.272253,48.055943
Yes,2011,1420,-35,-93,129,1.37,4304,5.12,-3.13,9.13,1.11,72,504,king,-121.541078,47.690712
Yes,2011,120,-44,89,11,6.45,1352,10.8,1.82,15.42,6.18,61,883,kitsap,-122.591655,47.435668
Yes,2011,137,-63,-77,18,6.87,1174,10.96,2.12,15.25,6.67,54,832,king,-122.080684,47.770966
Yes,2011,168,91,-40,17,6,2019,11.11,0.53,16.28,5.94,82,1085,skamania,-121.919634,45.694066
Yes,2011,81,-89,44,38,6.93,692,10.77,2.03,14.9,6.64,45,760,san_juan,-122.806153,48.558202
No,2011,300,-30,95,15,3.21,227,11.28,-1.97,17.57,4.99,197,1618,benton,-119.35318,45.997331
Yes,2011,601,-51,85,30,5.29,1636,8.96,0.14,13.75,4.18,47,827,pierce,-122.12875,46.979686
Yes,2011,381,99,9,42,0.51,379,9.56,-5.42,15.32,3.81,270,1529,okanogan,-120.019975,48.070144
Yes,2011,773,-99,-11,25,0.1,470,6.64,-7.87,13.47,-0.18,67,1265,ferry,-118.684542,48.643048
No,2011,710,31,-94,3,1.31,695,7.62,-6,14.24,1,66,1278,spokane,-117.500187,48.045826
Yes,2011,705,41,-90,46,1.67,691,8.39,-5.12,14.21,2.58,131,1260,stevens,-117.650441,47.92124
No,2011,474,-77,63,5,2,385,9.95,-3.19,16.89,3.01,128,1570,whitman,-117.899256,46.935364
Yes,2011,984,96,-25,101,1.21,1034,8.5,-3.85,14.38,2.62,161,1222,columbia,-117.979058,46.142907
No,2011,394,-96,-26,7,2.54,247,10.45,-3.36,16.98,3.92,175,1607,franklin,-118.749951,46.682661
No,2011,410,70,70,13,2.66,227,10.86,-2.87,16.92,4.8,243,1617,benton,-119.769036,46.464188
Yes,2011,830,-22,-97,45,1.51,868,7.08,-4.79,12.51,1.65,89,1033,kittitas,-120.946754,47.219148
Yes,2011,879,68,-72,30,0.95,972,7.33,-3.75,13.07,1.6,119,1063,yakima,-121.298082,46.177047
Yes,2011,1145,-42,-90,97,0.18,855,5.85,-4.88,10.61,1.08,143,816,yakima,-121.305989,46.239688
Yes,2011,1307,-7,-99,102,0.09,3753,5.81,-2.54,9.7,1.92,74,598,skagit,-121.886285,48.434175
Yes,2011,208,49,87,84,6.49,3478,9.64,0.84,13.79,5.5,35,609,grays_harbor,-123.815788,47.28311
No,2011,541,97,-23,20,1.98,416,9.61,-3.1,16.28,2.94,128,1480,whitman,-117.732036,46.897168
Yes,2011,395,-92,-38,106,3.58,2295,8.92,-0.25,13.02,4.81,69,740,skagit,-122.085763,48.621904
No,2011,828,-88,47,102,-0.19,349,8.34,-5.83,13.55,3.14,276,1297,douglas,-119.787178,47.957976
No,2011,705,-70,70,2,-0.51,349,7.28,-7.33,13.85,0.71,150,1326,okanogan,-119.203087,48.658493
No,2011,3,-44,-89,2,6.99,849,10.49,2.04,14.92,6.06,32,728,skagit,-122.426835,48.435151
No,2011,331,-3,-99,26,3.1,331,11.13,-1.96,17.16,5.1,234,1542,klickitat,-120.38078,45.774636
No,2011,1088,100,0,10,-0.24,487,7.84,-4.5,13.41,2.27,205,1160,asotin,-117.133662,46.135957
No,2011,24,-31,-94,8,6.86,1206,11.34,1.74,16.85,5.84,36,1058,lewis,-122.920105,46.393893
No,2011,10,100,0,1,7.16,2110,10.7,2.3,15.5,5.91,26,756,pacific,-123.653798,46.64369
Yes,2011,1536,48,-87,46,-1.33,1241,4.74,-5.34,9.56,-0.09,148,743,yakima,-121.03536,46.718439
No,2011,516,-38,92,8,1.76,281,9.47,-4.19,16.26,2.69,135,1532,adams,-118.422833,46.864559
No,2011,339,0,0,0,2.14,189,10.4,-4.19,16.82,3.96,204,1592,grant,-119.488488,46.970413
Yes,2011,679,-2,99,155,-0.52,853,8,-5.62,13.75,2.25,200,1312,chelan,-120.584595,48.241693
Yes,2011,271,11,-99,59,6.96,3133,9.96,1.57,14.59,5.33,22,658,clallam,-124.280269,47.912078
No,2011,399,97,-22,27,2.79,347,11.11,-2.47,17.32,4.9,233,1625,walla_walla,-118.386195,46.53772
Yes,2011,66,2,99,29,6.97,2444,10.26,1.88,14.87,5.65,24,686,grays_harbor,-123.741253,47.134684
Yes,2011,2,-54,83,23,7.68,2078,10.62,3.25,14.69,6.56,27,612,pacific,-123.948509,46.439489
Yes,2011,233,19,-98,13,6.24,2657,11.01,1.08,16.05,5.96,65,1000,mason,-123.275859,47.379666
No,2011,704,-92,-37,5,1.07,461,8,-5,14.6,1.4,86,1324,spokane,-117.603926,47.439043
Yes,2011,229,-92,37,53,5.6,1324,9.34,0.87,13.98,4.71,28,760,clallam,-123.818882,48.11583
Yes,2011,1557,51,85,132,-0.68,3560,5.09,-4.08,9.37,0.81,109,666,snohomish,-121.421747,47.981281
Yes,2011,456,-14,-98,14,1.82,453,9.16,-4.42,16.03,2.29,97,1498,stevens,-117.850905,47.872406
No,2011,540,-83,-55,3,1.44,406,9.35,-4.65,15.78,2.93,173,1519,stevens,-118.232369,48.013963
Yes,2011,2400,-90,-42,127,-5.35,1612,0.45,-9.71,5.07,-4.17,95,548,chelan,-120.38956,48.239597
Yes,2011,721,-99,-11,84,1.12,736,7.32,-6.5,14.2,0.44,57,1281,pend_oreille,-117.356214,48.236795
Yes,2011,580,-98,-19,4,1.14,398,8.88,-5.19,15.41,2.36,153,1479,ferry,-118.421112,48.056859
Yes,2011,1060,87,-49,46,1.03,862,6.52,-5.13,12.94,0.1,27,1068,yakima,-120.943424,46.08146
Yes,2011,761,96,24,60,1.78,556,8.77,-3.38,14.94,2.61,124,1304,whitman,-117.20855,46.957065
Yes,2011,656,-82,57,20,1.2,545,7.89,-5.96,14.8,0.98,62,1351,stevens,-117.72676,48.090126
No,2011,198,-99,12,7,2.71,212,12.05,-2.42,18.53,5.59,307,1929,benton,-119.596667,46.513771
Yes,2011,107,57,-81,10,6.17,1335,10.51,0.75,15.48,5.55,42,870,skagit,-122.269702,48.56734
Yes,2011,1384,-73,-68,156,-0.95,2295,4.77,-4.75,8.96,0.58,131,678,snohomish,-121.202213,47.85249
Yes,2011,759,80,58,107,0.61,349,8.8,-5.52,14.64,2.96,219,1392,ferry,-118.741201,48.038187
Yes,2011,627,78,-61,4,2.3,465,9.29,-2.96,15.02,3.56,175,1248,klickitat,-121.074885,45.890824
Yes,2011,677,57,81,79,3.89,2316,8.18,-0.63,11.9,4.47,57,556,whatcom,-122.24964,48.795657
No,2011,482,0,0,0,2.07,304,9.84,-3.7,16.5,3.18,146,1539,adams,-118.257366,46.913923
Yes,2011,605,-13,99,111,0.83,333,9.4,-5.4,15.33,3.48,227,1455,okanogan,-119.629065,48.966224
Yes,2011,1110,9,-99,128,-1.42,2297,6.22,-5.07,11.27,1.16,172,976,skagit,-121.113636,48.345713
No,2011,1131,72,68,138,-0.11,3439,5.32,-2.98,9.28,1.37,128,626,snohomish,-121.434449,47.810948
No,2011,567,70,-70,6,1.47,289,8.99,-4.84,15.5,2.49,141,1446,lincoln,-118.690548,47.545615
No,2011,299,87,-48,19,1.72,320,10.12,-4.56,16.52,3.72,200,1599,okanogan,-119.422251,48.766361
Yes,2011,11,-94,-31,3,6.9,738,10.47,2.75,13.88,7.07,49,640,san_juan,-122.882574,48.704838
No,2011,87,0,0,0,6.65,1149,10.84,1.44,15.85,5.84,41,929,pierce,-122.535924,47.10976
No,2011,525,-1,-99,21,2.93,261,10.45,-3.08,16.11,4.78,197,1383,benton,-119.235952,46.085506
No,2011,424,-50,86,12,2.33,235,10.65,-3.36,17.04,4.25,250,1587,yakima,-120.457027,46.241408
Yes,2011,88,-92,38,17,6.91,852,10.52,2.35,14.82,6.22,40,723,jefferson,-122.664486,47.921706
No,2011,1814,-81,-58,59,-2.6,902,3.37,-7.29,8,-1.27,181,661,kittitas,-120.431556,47.267625
Yes,2011,951,33,94,31,-2.6,1067,5.1,-8.21,11.11,-0.92,122,1057,chelan,-120.752466,48.196255
Yes,2011,690,87,-48,12,1.98,888,8.21,-3.24,14.34,2.09,109,1157,yakima,-121.281906,46.083696
Yes,2011,1116,82,-55,56,1.36,2996,7.12,-2.55,11.37,2.88,99,654,snohomish,-121.494022,48.157929
No,2011,2161,51,-85,118,-4.51,2483,0.55,-7.65,4.75,-3.64,118,453,kittitas,-121.165971,47.556612
Yes,2011,1004,95,-30,22,-0.17,942,5.58,-5.8,11.25,-0.09,83,965,yakima,-121.3545,46.580832
No,2011,399,-92,-38,5,1.77,216,9.99,-4.3,16.47,3.52,197,1567,grant,-119.162293,47.149779
Yes,2011,1362,99,-13,56,-0.69,951,4.64,-8.09,9.93,-0.66,109,871,pend_oreille,-117.566218,48.705844
Yes,2011,95,-7,99,12,6.29,1104,9.76,2.53,13.36,6.15,39,606,clallam,-123.806877,48.137688
Yes,2011,1298,90,-41,133,1.66,2141,6.63,-3.42,11.24,2,108,784,skamania,-121.694994,45.892976
Yes,2011,820,-22,97,123,4.23,4166,8.3,0,12.55,4.05,87,667,clallam,-123.964409,47.916796
No,2011,715,66,-74,30,1.92,510,9.02,-3.2,15.09,2.94,134,1318,whitman,-117.360004,46.907613
Yes,2011,915,-56,82,59,0.52,2231,6.58,-3.58,12.55,0.62,68,1031,skamania,-121.647848,46.220069
Yes,2011,72,55,-83,3,6.49,1211,11.39,1.23,16.78,6,60,1078,clark,-122.630193,45.795772
Yes,2011,148,-37,-92,10,6.77,3041,9.92,1.75,14.33,5.52,22,650,jefferson,-124.238754,47.575567
No,2011,2,70,-70,1,7.62,2083,10.89,2.98,15.36,6.43,28,714,pacific,-123.810987,46.676602
Yes,2011,1027,-80,-59,76,0.1,960,5.86,-7.53,12.66,-0.94,63,1132,pend_oreille,-117.207914,48.379934
Yes,2011,208,-23,-97,33,5.6,1679,10.15,0.88,14.85,5.45,65,876,kitsap,-122.763922,47.549787
No,2011,135,96,-26,9,6.44,1193,10.69,1.13,16.01,5.37,31,977,thurston,-122.645309,46.88154
Yes,2011,740,84,53,31,1.99,728,8.59,-3.47,14.48,2.71,138,1195,klickitat,-121.104443,46.034059
No,2011,594,53,84,5,1.1,285,8.9,-5.09,15.35,2.45,161,1457,lincoln,-118.878933,47.652201
Yes,2011,323,-27,-96,77,6.06,3288,9.72,1.15,14.57,4.87,35,769,pacific,-123.655784,46.49868
No,2011,710,46,-88,33,1.51,537,8.15,-5.62,14.35,1.96,104,1286,stevens,-117.952271,48.82966
No,2011,769,51,-85,6,1.69,464,8.25,-4.9,13.78,2.71,150,1213,spokane,-117.818413,47.709512
Yes,2011,887,-97,-24,72,3.57,3298,7.69,-1.35,11.9,3.49,90,738,clark,-122.276438,46.007844
No,2011,448,-90,-42,23,3.33,461,11.49,-1.71,17.35,5.62,247,1546,walla_walla,-118.178052,46.264761
Yes,2011,462,98,17,128,5.9,4552,9.74,2.05,13.59,5.89,93,660,grays_harbor,-123.836323,47.427069
Yes,2011,550,43,90,101,5.05,2356,9.43,-0.81,14.36,4.5,67,895,cowlitz,-122.660113,46.115676
Yes,2011,1286,-18,98,75,-0.5,1007,5.49,-6.98,10.25,0.73,149,884,stevens,-117.525094,48.212003
Yes,2011,1009,97,21,60,-0.04,434,7.16,-6.9,12.47,1.85,194,1145,ferry,-118.784167,48.350913
Yes,2011,917,-97,23,87,3.77,2568,7.36,-1.64,11.58,3.14,58,675,cowlitz,-122.35876,46.297195
No,2011,637,-74,-66,8,1.44,332,8.74,-4.8,15.03,2.46,182,1337,yakima,-120.82299,46.546445
No,2011,629,18,98,10,1.42,310,8.68,-4.98,15.11,2.24,129,1391,lincoln,-118.504262,47.51315
No,2011,700,-59,-80,56,1.27,452,8.76,-5.27,15.03,2.5,154,1407,ferry,-118.230035,48.17919
No,2011,510,73,-67,176,1.27,280,9.96,-5.02,15.84,4.09,255,1538,douglas,-119.918812,47.432982
Yes,2011,545,-59,-80,127,4.64,2055,9.19,-0.75,14.53,3.86,57,973,lewis,-122.222433,46.450381
Yes,2011,764,-90,-43,59,1.2,542,7.86,-6,13.93,1.79,125,1267,ferry,-118.410422,48.203254
Yes,2011,915,97,-22,67,1.59,554,8.34,-3.87,14.41,2.28,108,1269,whitman,-117.067886,47.245838
No,2011,650,95,30,58,4.23,3751,9.12,-1.2,14.43,3.8,76,977,cowlitz,-122.359589,46.096543
No,2018,27,-94,-31,4,6.61,645,10.11,1.89,14.36,5.86,51,681,island,-122.609204,48.313757
Yes,2018,50,-28,-95,18,6.99,829,10.54,1.85,15.03,6.05,27,746,island,-122.449375,47.978476
Yes,2018,313,-77,-63,43,5.58,1614,9.58,0.34,14.37,4.79,32,878,king,-121.92856,47.224055
No,2018,908,85,-52,114,2.1,3043,6.39,-2.77,10.25,2.53,88,624,king,-121.615989,47.397906
Yes,2018,1544,85,52,176,-0.92,3514,4.34,-4.63,8.42,0.26,135,579,king,-121.287761,47.565864
Yes,2018,279,-63,76,31,5.75,1948,10.11,0.87,14.88,5.35,51,891,king,-121.790584,47.573498
Yes,2018,1045,91,-39,110,2.88,3806,7.48,-1.02,11.19,3.76,82,589,king,-121.645797,47.722245
Yes,2018,200,-97,23,103,5.73,1788,10.11,1.05,14.51,5.72,64,857,king,-121.844008,47.744955
No,2018,129,80,59,4,6.57,1357,11.13,1.79,15.91,6.34,64,943,king,-122.291031,47.326504
No,2018,53,-51,-85,11,7.07,968,11.42,2.33,15.88,6.96,66,836,king,-122.368856,47.675749
Yes,2018,348,0,0,0,5.25,2019,9.1,-0.22,13.88,4.32,26,830,king,-121.76764,47.267673
No,2018,133,99,-11,3,6.55,1116,11.05,2.1,15.51,6.59,83,880,king,-122.341328,47.495969
Yes,2018,477,-92,37,51,3.41,2201,8.36,-2,13.83,2.88,47,991,king,-121.591007,47.246734
Yes,2018,520,-60,-79,15,4.82,1938,8.43,-0.61,13.11,3.76,26,799,king,-121.857631,47.179628
Yes,2018,1188,-65,-75,115,1.5,3858,6.02,-2.28,9.89,2.15,79,569,king,-121.640433,47.573555
No,2018,362,-70,-70,10,2.6,2409,9.14,-1.33,14.28,4,115,1039,king,-121.308052,47.768097
Yes,2018,1071,46,88,197,1.68,3332,5.97,-3.47,9.72,2.21,95,578,king,-121.446597,47.471163
No,2018,122,-94,-31,6,6.83,1073,11.06,2.14,15.43,6.68,56,864,king,-122.222819,47.721181
Yes,2018,299,56,-82,16,5.15,2223,9.65,0.41,14.36,4.95,58,884,king,-121.787428,47.42612
Yes,2018,304,52,85,161,4.11,2659,9.66,-0.28,14.62,4.7,72,983,king,-121.493767,47.767077
Yes,2020,94,81,-57,61,6.88,1190,11.29,2.14,15.87,6.72,68,878,king,-122.492346,47.360467
Yes,2019,122,-100,0,2,6.08,1425,10.6,1.5,15.34,5.86,62,903,kitsap,-122.689225,47.44867
Yes,2018,1450,-98,17,181,-0.49,2058,4.12,-4.98,8.24,0,99,549,pierce,-121.693254,46.951516
Yes,2018,1621,-99,13,135,-1.7,1936,3.19,-6.37,7.78,-1.38,108,563,pierce,-121.528098,46.905561
Yes,2018,950,-87,-48,109,2.68,2258,6.37,-2.73,10.52,2.22,59,629,pierce,-121.759133,47.102583
Yes,2018,1188,68,73,66,0.75,1699,5.02,-4.29,9.14,0.91,93,582,pierce,-121.521546,47.07527
No,2018,16,-31,94,1,6.98,1062,11.49,1.84,16.48,6.5,43,961,pierce,-122.280006,47.181381
No,2018,104,-25,96,22,6.51,1122,10.85,1.5,15.73,5.98,49,919,pierce,-122.466377,47.20783
Yes,2019,50,-71,69,63,6.88,1068,11.26,1.9,16.1,6.42,54,920,pierce,-122.613978,47.155412
Yes,2018,350,52,84,16,5.74,1402,9.73,0.46,14.64,4.83,30,918,pierce,-122.082496,47.07553
Yes,2018,1212,-97,-21,128,1.98,2349,5.18,-2.97,8.96,1.4,73,430,pierce,-121.888447,47.030976
Yes,2018,97,-90,-42,22,6.5,1241,10.74,1.28,15.94,5.54,34,957,pierce,-122.586794,46.988104
Yes,2018,545,-99,-10,95,4.45,1658,8.3,-0.96,13.33,3.28,22,857,pierce,-122.039275,46.909922
No,2018,14,-77,63,40,7.05,1242,11.45,2.32,16.14,6.75,61,906,pierce,-122.681521,47.313642
Yes,2018,38,26,-96,68,6.76,748,10.51,1.9,14.47,6.56,49,715,san_juan,-122.757726,48.655712
Yes,2019,20,-39,91,2,6.06,1119,10.69,1.52,15.44,5.94,52,852,skagit,-122.159145,48.499506
Yes,2018,1014,-98,16,68,1.12,3855,7.03,-1.9,11.13,2.94,82,668,skagit,-121.771536,48.359214
No,2018,1896,-34,-93,137,-4.88,2855,1.43,-8.18,5.76,-2.89,108,570,skagit,-121.069706,48.408551
No,2018,2339,-23,97,281,-6.65,3085,0.56,-7.41,4.72,-3.6,129,538,skagit,-121.114149,48.578686
Yes,2018,125,64,76,134,5.19,1948,10.08,0.17,14.92,5.23,51,878,skagit,-121.813892,48.507092
No,2018,1814,99,-11,110,-4.13,3569,2.38,-6.83,6.65,-1.9,115,608,skagit,-121.267626,48.402485
Yes,2018,53,-83,55,6,6.99,737,10.62,1.9,14.86,6.38,42,720,skagit,-122.54096,48.449905
Yes,2018,865,53,84,58,3.11,3193,8.27,-0.55,12.38,4.17,68,673,skagit,-121.975182,48.388181
Yes,2018,764,-99,8,86,2.57,2789,7.59,-1.71,11.9,3.29,54,663,skagit,-121.624592,48.406171
Yes,2018,162,79,-61,22,5.12,1571,9.8,-0.17,14.75,4.84,51,862,skagit,-122.017033,48.551227
Yes,2018,657,27,-96,77,2.93,2803,8.95,0,13.09,4.81,90,773,skagit,-121.647426,48.553885
No,2018,6,44,-89,1,7.11,899,10.43,1.92,14.89,5.97,24,712,skagit,-122.381227,48.49791
No,2020,1933,-96,-25,144,-4.67,2060,1.24,-8.34,5.66,-3.19,99,548,snohomish,-121.044085,48.249044
Yes,2018,770,-89,-44,149,1.35,3488,7.2,-2.2,11.41,3,127,777,snohomish,-121.502175,47.936543
No,2018,1126,-40,-91,146,-1.68,2933,4.95,-4.3,9.02,0.87,154,690,snohomish,-121.268491,48.271351
Yes,2018,1,0,0,0,7.02,1005,10.96,1.78,15.76,6.17,33,826,snohomish,-122.144685,47.965932
No,2018,65,-70,-70,1,6.72,1238,10.65,1.41,15.22,6.08,49,789,snohomish,-122.090752,48.014562
Yes,2018,68,-96,26,18,6.74,764,10.27,1.62,14.88,5.67,30,749,island,-122.467166,48.143176
Yes,2018,1322,-88,46,59,-1.37,2831,4.35,-6.23,8.72,-0.03,129,699,snohomish,-121.196244,47.958517
Yes,2019,163,-92,-38,25,5.99,1778,10.43,0.44,15.1,5.76,61,872,snohomish,-121.941815,48.218661
Yes,2018,1447,-98,-14,244,-0.5,3203,5.74,-4.57,10.17,1.32,129,773,snohomish,-121.348418,47.913091
Yes,2018,1320,-92,37,116,-1.63,4047,4.24,-5.17,8.47,0.01,114,612,snohomish,-121.34992,48.05551
Yes,2018,942,97,21,100,1.26,3592,6.87,-1.91,10.82,2.92,80,616,snohomish,-121.792504,48.21154
No,2018,1081,-90,-41,226,1.8,3177,7.41,-2.17,11.58,3.24,107,660,snohomish,-121.413202,48.194136
Yes,2018,1103,-96,-27,185,1.58,3683,7.34,-1.93,11.56,3.12,98,690,snohomish,-121.562667,48.109907
No,2018,117,-4,99,7,6.68,1128,10.8,2.1,14.95,6.66,68,781,snohomish,-122.213748,47.864971
Yes,2018,685,19,97,77,3.88,2295,8.11,-0.53,11.84,4.4,56,569,whatcom,-122.247165,48.653579
No,2018,15,89,44,1,6.68,1243,10.52,0.51,15.4,5.64,32,828,whatcom,-122.292309,48.975122
No,2018,1820,60,79,99,-3.63,3417,2.53,-6.14,6.38,-1.32,126,568,whatcom,-121.529551,48.867719
Yes,2019,337,34,-93,92,6.67,1440,10.06,-0.65,13.84,6.27,49,642,whatcom,-122.391786,48.702168
Yes,2018,750,41,90,100,0.99,2012,6.28,-4.88,11.25,1.32,48,759,whatcom,-121.695117,48.899328
Yes,2018,8,-49,87,8,6.77,949,10.63,1.75,14.77,6.5,51,736,whatcom,-122.624264,48.797
Yes,2018,1409,-30,-95,143,-2.62,2613,3.55,-5.87,7.63,-0.53,131,611,whatcom,-121.114115,48.73902
Yes,2018,28,-16,-98,87,6.66,1983,10.04,3.27,13.45,6.64,41,566,clallam,-124.113939,48.212234
Yes,2018,82,18,-98,12,6.84,2901,10.37,2.52,14.82,5.93,27,726,clallam,-124.395678,47.962018
Yes,2018,791,-96,-27,82,3.9,3896,8.13,-0.12,12.4,3.87,86,656,clallam,-123.891364,48.016762
Yes,2018,658,-99,13,73,4.53,3016,8.32,0.07,12.61,4.03,78,644,clallam,-124.06251,48.036611
Yes,2018,200,8,99,32,6.64,2834,10.23,2.06,14.78,5.68,26,731,clallam,-124.478321,48.164845
No,2018,9,0,0,0,6.98,2611,10.32,3.59,13.84,6.81,40,593,clallam,-124.637122,48.103289
Yes,2018,379,19,98,105,6.09,1060,10.36,1.7,14.5,6.23,86,793,clallam,-123.000091,47.9745
Yes,2018,356,78,61,118,6.95,3323,9.69,1.28,14.37,5.01,22,635,clallam,-124.2527,47.985154
Yes,2018,737,-97,-22,114,4.19,1059,8.67,0.37,13,4.34,92,740,clallam,-123.156983,47.93128
Yes,2018,389,-91,41,22,6.13,2703,9.44,1.04,14.03,4.85,44,666,clallam,-124.282945,48.135668
Yes,2018,57,-2,99,16,6.59,2085,9.78,2.76,13.41,6.16,34,574,clallam,-124.328796,48.261601
Yes,2018,7,-44,89,4,7.03,2734,10.11,3.29,13.71,6.51,31,580,clallam,-124.600537,47.94214
No,2018,101,85,51,21,6.49,549,10.4,1.72,14.88,5.93,37,779,clallam,-123.182048,48.077341
Yes,2018,1708,5,99,121,-0.93,1809,2.71,-5.77,7,-1.57,78,501,clallam,-123.338376,47.945844
Yes,2018,55,-66,74,16,7.09,2715,9.97,4.03,12.81,7.13,44,470,clallam,-124.675781,48.275457
Yes,2018,75,24,97,2,7.25,2796,10.31,2.3,14.66,5.96,23,644,grays_harbor,-124.110895,47.333395
Yes,2018,93,99,3,40,6.59,3061,10.03,1.35,14.69,5.37,25,709,grays_harbor,-123.897146,47.226334
Yes,2018,47,37,92,34,6.44,2091,10.68,1.36,16.17,5.21,26,961,grays_harbor,-123.287497,46.935276
Yes,2018,160,-88,47,52,6.5,2866,9.84,1.43,14.33,5.34,29,663,grays_harbor,-123.701087,47.219944
Yes,2018,169,-99,7,23,6.34,3091,10.14,1.37,15.06,5.23,28,802,grays_harbor,-123.516678,47.276803
Yes,2018,123,-84,54,12,6.86,3626,10.48,1.82,15.33,5.64,22,775,grays_harbor,-123.907538,47.407712
Yes,2018,40,14,-98,2,7.18,2591,10.35,2.36,14.83,5.88,24,672,grays_harbor,-124.034543,47.183125
Yes,2018,58,-77,-63,17,7.14,2669,10.18,2.5,14.37,5.99,25,622,grays_harbor,-124.271773,47.364495
Yes,2018,58,80,58,12,7.7,2458,10.31,3.35,13.95,6.67,28,547,grays_harbor,-124.319817,47.382857
Yes,2018,78,-65,-75,41,6.69,2601,10.04,1.66,14.57,5.52,29,676,grays_harbor,-123.841516,47.083077
Yes,2018,122,-96,-27,49,6.86,2084,10.64,1.48,16.05,5.23,16,836,grays_harbor,-123.457592,46.95373
Yes,2018,83,-55,83,11,6.55,2199,10.62,1.62,15.96,5.29,25,917,grays_harbor,-123.294316,47.074531
Yes,2018,481,94,-32,189,5.74,4846,9.68,1.83,13.77,5.59,81,705,grays_harbor,-123.508347,47.324972
Yes,2018,859,86,50,94,4.22,5452,7.96,-0.18,12.08,3.84,84,643,grays_harbor,-123.544282,47.434846
Yes,2018,558,97,-21,75,5.72,4625,9.13,1.43,13.04,5.22,90,617,grays_harbor,-123.755887,47.377723
Yes,2018,124,16,98,12,6.81,2260,10.31,1.65,15.14,5.48,24,729,grays_harbor,-123.654339,47.031154
Yes,2018,183,-10,99,13,6.85,3207,9.88,1.62,14.26,5.51,20,629,grays_harbor,-124.110398,47.515866
No,2018,20,-53,84,19,7.16,2664,10.48,2.98,14.61,6.34,32,653,grays_harbor,-124.318504,47.51862
Yes,2018,827,-82,-56,73,3.73,1760,7.8,-0.62,11.83,3.78,86,660,jefferson,-122.961836,47.827369
Yes,2018,151,96,25,36,6.38,1047,10.54,1.82,14.79,6.28,69,785,jefferson,-122.766525,47.79435
Yes,2018,58,70,-70,15,6.39,762,10.14,1.27,14.95,5.34,25,785,jefferson,-122.788127,47.968822
Yes,2020,866,99,-3,118,3.44,2269,7.84,-0.17,12.03,3.64,108,696,jefferson,-123.443885,47.718432
Yes,2019,82,-60,-79,3,6.56,3189,10.33,2.09,14.93,5.73,30,736,jefferson,-124.167241,47.817765
Yes,2018,611,91,39,121,5.73,3850,9.61,1.68,13.7,5.52,85,692,jefferson,-124.033101,47.714516
Yes,2020,721,51,85,148,4.91,3985,9.23,1.12,13.44,5.03,94,731,jefferson,-124.027603,47.867193
Yes,2018,376,-41,-90,96,6.01,3690,9.57,1.27,14.07,5.08,53,670,jefferson,-123.980178,47.574775
Yes,2018,64,39,91,7,6.44,533,10.03,1.55,14.63,5.44,26,719,jefferson,-122.831614,48.105349
Yes,2018,100,-19,98,19,6.33,1865,10.58,1.37,15.49,5.67,46,897,mason,-123.017499,47.32445
Yes,2018,144,70,70,13,5.95,2187,10.8,1.38,15.78,5.83,68,966,mason,-123.074458,47.522592
Yes,2018,137,-81,-58,6,6.01,1663,10.48,1.38,15.26,5.71,58,902,mason,-122.865721,47.479193
Yes,2018,169,0,99,52,6.37,2022,10.72,1.3,15.89,5.54,39,952,mason,-123.169703,47.130394
Yes,2018,142,77,-63,5,6.37,2554,10.46,1.61,15.62,5.31,30,897,mason,-123.35255,47.244428
Yes,2018,787,98,-18,140,4.13,2610,8.69,0.14,12.87,4.51,94,739,mason,-123.076262,47.602248
Yes,2019,159,99,4,8,6.34,2048,10.79,1.41,15.68,5.9,55,922,mason,-123.02815,47.446823
Yes,2018,242,-85,-51,42,6,2761,10.99,1.13,16.07,5.91,75,1038,mason,-123.227843,47.470346
Yes,2018,9,0,0,0,6.64,1913,10.68,1.75,15.61,5.75,35,886,mason,-123.188829,47.307289
Yes,2018,503,-52,85,145,5.31,3877,9.55,0.68,14.08,5.03,81,789,mason,-123.392007,47.425092
Yes,2018,193,68,72,46,6.49,1302,10.79,1.3,15.83,5.75,44,954,thurston,-122.73399,46.860579
Yes,2018,221,-82,57,120,6.43,2325,10.9,0.96,15.95,5.84,54,998,thurston,-123.086609,46.984663
No,2018,43,44,89,1,6.69,1466,10.82,1.56,16.15,5.47,28,952,thurston,-123.092431,46.83869
No,2018,61,-58,81,2,6.6,1541,10.75,1.5,16,5.51,30,946,thurston,-122.936049,46.97998
Yes,2019,85,70,-70,1,6.43,1261,11.4,1.23,16.75,6.05,63,1091,clark,-122.50798,45.7184
Yes,2018,214,13,99,30,5.59,1945,10.82,0.69,16.29,5.36,74,1118,clark,-122.410998,45.748443
Yes,2018,78,-70,70,1,6.54,1208,11.44,1.29,16.87,6.01,59,1084,clark,-122.709467,45.845208
No,2018,250,-93,35,15,5.99,1932,10.41,0.25,15.5,5.32,53,958,clark,-122.550241,45.89269
Yes,2018,518,-69,71,39,4.81,2709,9.52,-0.47,14.13,4.92,110,923,clark,-122.344118,45.851575
No,2018,4,82,56,25,6.94,1063,11.81,1.74,17.02,6.6,69,1089,clark,-122.68354,45.670697
Yes,2019,407,-94,32,57,6.15,1804,10.2,0.83,14.93,5.48,55,864,cowlitz,-122.769292,46.089581
Yes,2018,496,99,5,48,4.33,3296,8.96,-1.11,13.65,4.26,91,883,cowlitz,-122.256599,46.096441
Yes,2018,847,-93,34,65,4.01,2694,7.6,-1.24,11.65,3.54,63,651,cowlitz,-122.42532,46.188847
Yes,2018,901,-96,24,20,2.58,2300,7.12,-1.79,11.54,2.7,79,738,cowlitz,-122.249749,46.250253
Yes,2018,715,-33,-94,70,4.67,2088,8.49,-0.81,13.08,3.91,63,783,cowlitz,-122.458785,46.347743
Yes,2018,303,-54,-83,68,5.72,1796,9.97,0.4,15.15,4.78,45,926,cowlitz,-122.715409,46.146429
Yes,2018,245,-86,50,48,5.88,1604,10.57,0.69,16.11,5.03,45,1034,cowlitz,-122.765684,46.147346
Yes,2018,692,63,-77,54,4.42,4375,8.87,-0.25,13.35,4.39,86,853,cowlitz,-122.405903,46.0195
Yes,2018,437,49,-86,39,6.01,2253,10.01,0.88,14.42,5.6,70,806,cowlitz,-122.765599,45.999219
Yes,2018,510,0,-100,37,5.37,2362,9.14,1,13.4,4.88,61,704,cowlitz,-123.166247,46.297369
Yes,2018,229,84,52,37,6.15,1631,10.23,1.23,15.18,5.27,46,896,cowlitz,-122.963697,46.346676
Yes,2018,99,-44,-89,1,6.65,1346,11.04,1.27,16.68,5.39,25,1055,lewis,-122.85956,46.488716
Yes,2018,284,24,96,108,5.96,1869,9.89,0.93,14.82,4.95,38,859,lewis,-123.300155,46.495078
Yes,2018,265,-90,42,117,6.14,1833,10.18,0.84,15.34,5.01,35,933,lewis,-122.720034,46.687559
Yes,2018,425,8,-99,97,5.2,1946,9.74,-0.25,15.3,4.17,24,1011,lewis,-122.137868,46.536702
Yes,2018,825,-42,-90,110,4.18,2297,7.75,-0.95,12.12,3.38,57,687,lewis,-122.161705,46.683425
Yes,2018,705,-36,-92,41,4.69,2164,8.62,-0.58,13.22,4.03,67,789,lewis,-122.286232,46.386773
Yes,2018,350,75,-65,39,5.92,1826,9.97,0.94,14.99,4.96,40,884,lewis,-123.134412,46.403552
Yes,2018,652,93,34,28,5.74,2461,9.67,1.14,14.15,5.19,71,818,lewis,-122.535828,46.656865
Yes,2018,151,-70,70,31,6.31,1515,10.72,1.06,16.37,5.08,26,1032,lewis,-123.023256,46.493372
Yes,2018,922,-11,-99,64,2.42,2347,6.9,-1.92,11.18,2.62,87,697,lewis,-121.98848,46.591553
Yes,2018,213,-44,89,93,5.56,1461,10.54,0.1,16.81,4.26,26,1137,lewis,-123.232974,46.59789
Yes,2018,143,61,-78,93,6.32,1450,10.77,1.12,16.42,5.12,29,1021,lewis,-123.228318,46.77935
Yes,2018,486,32,94,62,3.98,1718,9.07,-0.96,14.48,3.65,74,1031,lewis,-121.967734,46.44148
Yes,2018,506,45,-89,105,5.37,2221,9.05,0.65,13.5,4.6,51,718,lewis,-123.166813,46.431084
Yes,2018,164,-37,92,4,6.38,1429,10.9,0.91,16.67,5.13,24,1072,lewis,-122.851776,46.640111
Yes,2018,936,-57,81,64,1.42,1920,7.33,-2.45,12.45,2.22,95,958,lewis,-121.813298,46.730916
Yes,2018,534,78,61,53,3.8,1792,8.22,-1.5,13.42,3.02,39,918,lewis,-122.003623,46.741921
Yes,2018,353,-99,2,22,4.65,1601,9.72,-0.52,15.34,4.11,49,1073,lewis,-121.908371,46.502594
Yes,2018,1299,-99,9,50,-0.34,1895,4.72,-5.34,9.57,-0.12,89,786,lewis,-121.426627,46.434055
Yes,2018,1426,61,78,58,1.29,2454,5.81,-2.33,9.8,1.83,116,581,skamania,-122.110701,46.386496
Yes,2018,434,-24,-97,75,6.06,3324,9.57,1.28,13.92,5.22,44,698,pacific,-123.522098,46.391194
Yes,2018,135,-7,-99,30,5.39,2706,9.28,0.5,14.51,4.05,27,767,pacific,-123.744771,46.582956
Yes,2018,157,-23,-97,53,6.18,2473,9.74,1.12,14.55,4.93,28,723,pacific,-123.780685,46.763196
Yes,2018,115,-80,58,89,6.17,2154,10.09,1.13,15.41,4.78,23,822,pacific,-123.593572,46.729564
Yes,2018,76,-99,-13,55,7.17,2264,10.51,2.5,15.19,5.83,23,723,pacific,-123.882264,46.39782
Yes,2018,55,-2,99,30,6.42,2355,10.2,1.39,15.39,5,21,806,pacific,-123.592672,46.583925
Yes,2018,522,43,90,132,5.09,2587,9.12,0.44,13.81,4.43,58,776,pacific,-123.369464,46.475104
Yes,2018,85,34,-93,19,6.23,2108,10.39,0.93,15.99,4.8,23,924,pacific,-123.457721,46.78815
Yes,2018,4,-100,0,1,7.99,2022,10.69,3.64,14.4,6.99,29,546,pacific,-124.02197,46.400544
Yes,2018,166,-51,-85,60,5.93,2931,9.78,0.94,14.93,4.63,28,776,pacific,-123.741344,46.442559
Yes,2018,983,-99,-12,49,1.52,2306,6.58,-3.28,11.84,1.32,71,843,skamania,-121.689698,46.092051
No,2018,2061,-99,6,51,-4.17,3465,1.87,-7.11,6.39,-2.64,124,594,skamania,-121.547716,46.193389
Yes,2018,1306,-80,58,41,0.04,1887,5.19,-4.5,9.84,0.54,104,754,skamania,-121.613758,46.287602
Yes,2018,1612,-94,31,13,-1.09,2262,4.57,-5.04,8.98,0.15,138,685,skamania,-121.55484,46.141647
Yes,2018,616,22,97,103,4.37,2699,9.09,-0.96,14.08,4.09,83,947,skamania,-122.191995,45.897473
Yes,2018,828,28,-95,137,3.55,2941,8.56,-1.58,13.33,3.8,117,928,skamania,-122.042021,45.896116
Yes,2018,359,76,63,93,3.96,2727,9.35,-1.57,15.25,3.46,61,1116,skamania,-121.998665,45.74718
Yes,2018,592,36,-93,129,4.09,2861,9.37,-1.4,14.15,4.59,125,978,skamania,-121.835836,45.799937
Yes,2018,341,0,-100,33,5.73,2319,9.88,0.75,15.03,4.72,42,899,wahkiakum,-123.306461,46.289629
Yes,2019,2,0,0,0,6.91,2528,10.86,2.33,15.86,5.87,34,828,wahkiakum,-123.661102,46.293765
Yes,2019,1208,-93,-36,72,-1.77,1551,5.52,-6.69,9.99,1.05,188,863,chelan,-120.896008,48.294345
Yes,2018,845,-92,37,72,0.43,699,8.09,-5.25,13.25,2.93,214,1175,chelan,-120.593267,47.625561
Yes,2018,1464,-92,-38,81,-1.7,920,5.4,-6.3,10.04,0.76,215,845,chelan,-120.521035,47.72135
No,2018,1309,88,45,94,-1.82,1902,5.2,-6.41,9.82,0.57,163,860,chelan,-120.910505,48.045117
Yes,2018,1137,99,-5,84,-0.86,1578,6.72,-5.85,12.1,1.34,156,1071,chelan,-120.835796,48.004396
Yes,2018,1486,-4,99,102,-2.17,1288,4.22,-7.14,8.38,0.06,152,743,chelan,-120.72669,48.458208
Yes,2018,524,68,-73,56,0.03,393,9.17,-6.14,15.53,2.8,228,1573,chelan,-120.274914,47.98733
Yes,2018,1298,32,-94,34,-1.22,718,6.33,-5.6,11.03,1.63,221,955,chelan,-120.415824,47.698368
Yes,2018,2027,-85,-52,140,-3.55,1785,2.21,-7.62,6.9,-2.49,143,596,kittitas,-120.931901,47.456904
Yes,2018,1719,-83,54,233,-3.32,880,3.44,-6.44,8.18,-1.31,187,735,chelan,-120.717657,47.502493
No,2018,549,-97,-20,102,1.02,507,9.66,-4.84,15.1,4.23,266,1423,chelan,-120.374595,47.516845000000004
No,2018,1290,99,2,204,-2.98,2022,4.07,-7.15,8.98,-0.83,134,789,chelan,-120.875193,48.454224
No,2018,227,13,99,56,1.98,228,11.51,-3.41,17.59,5.42,312,1752,chelan,-120.144672,47.364663
No,2018,636,95,-30,13,1.45,373,9.66,-4.84,14.96,4.36,262,1367,chelan,-120.152391,47.322415
Yes,2018,875,-74,66,80,-0.54,792,7.29,-6.44,13.1,1.49,175,1202,chelan,-120.608334,47.799168
No,2018,870,38,92,6,0.2,819,8.22,-4.8,13.31,3.13,234,1207,chelan,-120.574925,47.470596
No,2018,1268,-39,-91,172,-2.25,2049,4.97,-6.59,9.81,0.13,161,875,chelan,-120.990574,47.949456
No,2018,712,-33,94,60,0.21,373,8.78,-5.57,14.01,3.56,300,1312,douglas,-119.786108,48.053469
No,2018,672,-90,42,7,0.68,283,8.67,-6.33,14.48,2.87,208,1386,douglas,-119.856577,47.520456
No,2018,712,94,31,3,0.38,287,8.36,-6.5,14.46,2.25,185,1383,douglas,-119.252707,47.79869
No,2018,682,-81,57,22,0.84,268,9.06,-5.87,14.97,3.14,214,1422,douglas,-119.676696,47.572555
No,2018,774,-80,-59,6,0.23,316,8.38,-6.02,14.03,2.72,217,1332,douglas,-119.222643,48.044728
No,2018,700,70,-70,2,0.49,289,8.52,-6.41,14.44,2.6,199,1350,douglas,-119.524686,47.699024
No,2018,701,-98,-19,9,0.23,289,8.34,-6.53,14.47,2.22,187,1371,douglas,-119.349139,47.74884
No,2018,741,90,-42,15,-0.07,298,8.09,-6.98,14.04,2.15,195,1342,douglas,-119.714214,47.727111
No,2018,694,-96,26,36,0.88,246,9.14,-5.3,14.52,3.76,249,1346,douglas,-120.00929,47.385263
No,2018,1000,99,2,12,-0.5,358,7.62,-5.5,12.49,2.75,260,1147,douglas,-120.201779,47.497062
No,2018,998,-37,-92,31,0.65,719,7.35,-5.31,12.53,2.16,174,1085,kittitas,-120.490952,47.139264
Yes,2018,605,70,70,2,2.17,680,7.96,-4.73,13.69,2.22,90,1088,kittitas,-121.027754,47.174767
Yes,2018,760,-34,-93,14,1.48,912,7.34,-4.65,12.9,1.79,102,1072,kittitas,-120.873127,47.28723
No,2018,484,-44,-89,3,1.99,232,9.02,-5.48,15.61,2.43,130,1353,kittitas,-120.478913,46.98792
No,2018,906,-97,-22,20,1.47,755,8.06,-4.34,13.18,2.95,170,1113,kittitas,-120.671005,47.172405
Yes,2018,1219,16,-98,98,-0.43,928,5.65,-5.77,10.66,0.64,139,909,kittitas,-120.712603,47.35611
Yes,2018,794,-96,-24,94,1.17,2163,6.22,-4.69,11.29,1.16,85,888,kittitas,-121.234582,47.416982
Yes,2018,877,30,-95,29,1.06,1217,6.69,-4.84,11.99,1.39,99,991,kittitas,-121.027453,47.286104
Yes,2018,1254,55,-83,86,0.64,1424,6.08,-4.36,10.73,1.44,117,848,kittitas,-121.043679,47.31408
Yes,2018,1667,-68,-73,43,-2.39,875,4.05,-6.73,8.77,-0.65,198,737,kittitas,-120.496723,47.303452
Yes,2018,1626,-43,-89,35,-2.22,772,4.17,-7.01,9.06,-0.71,184,760,kittitas,-120.324515,47.195601
No,2018,701,72,-68,54,1.19,237,8.93,-5.28,14.41,3.45,234,1320,kittitas,-120.130447,47.00959
No,2018,761,63,-77,32,0.89,363,8.4,-4.71,14.39,2.41,163,1289,kittitas,-120.308254,47.038803
No,2018,775,63,76,103,0.62,432,8.51,-5.5,13.7,3.32,241,1237,kittitas,-120.154013,47.169676
Yes,2019,1816,-65,-75,73,-2.29,1858,3.1,-6.67,7.53,-1.33,133,598,kittitas,-121.076146,47.460882
No,2018,467,76,64,34,3.15,401,10.14,-2.37,16.55,3.73,143,1442,klickitat,-120.982986,45.806007
No,2018,243,-98,14,77,4.18,262,11.65,-1.54,17.69,5.61,209,1569,klickitat,-120.450816,45.718795
Yes,2018,647,99,-11,7,2.17,471,9.33,-3.36,15.51,3.15,179,1302,klickitat,-120.670507,45.833741
No,2018,578,-30,-95,61,2.85,538,9.29,-2.75,14.63,3.95,172,1159,klickitat,-121.148303,45.680697
No,2018,233,-54,-83,8,3.31,239,11.51,-2.02,17.89,5.13,200,1673,klickitat,-119.926816,45.921718
No,2018,597,58,-81,13,2,396,8.96,-3.56,15.61,2.3,128,1340,klickitat,-120.814242,45.866024
No,2018,1051,11,-99,19,0.29,431,7.85,-4.69,13.4,2.31,228,1177,klickitat,-120.334203,46.034385
Yes,2018,1041,-60,-79,26,1.23,733,7.39,-4.09,12.44,2.33,159,958,klickitat,-121.006304,45.988915
Yes,2018,725,75,65,29,2.09,818,8.65,-3.37,14.47,2.84,146,1172,klickitat,-121.176728,45.998829
No,2018,211,-70,70,6,4.53,287,11.55,-0.76,17.46,5.64,180,1498,klickitat,-120.791658,45.701881
Yes,2018,745,-60,-79,4,1.1,450,8.84,-3.94,15.14,2.55,200,1355,klickitat,-120.448904,45.894829
No,2018,222,39,-91,6,3.32,242,11.53,-1.93,17.88,5.17,205,1661,klickitat,-119.956255,45.882461
Yes,2018,529,-47,-88,21,2.94,513,9.76,-2.2,15.52,4,166,1280,klickitat,-121.128557,45.837819
Yes,2018,1989,-60,79,60,-4.03,1912,1.46,-8.61,5.93,-3,88,558,okanogan,-120.731202,48.590179
No,2018,374,93,-34,23,0.7,306,9.66,-5.75,16.15,3.16,223,1639,okanogan,-119.619691,48.349274
No,2018,515,-42,90,53,0.76,348,9.3,-5.78,15.23,3.36,239,1494,okanogan,-119.436502,48.418914
No,2018,914,-99,-8,11,-0.66,382,6.92,-7.89,12.8,1.05,177,1197,okanogan,-119.288096,48.513383
Yes,2018,1533,-53,-84,36,-3.41,749,4.25,-8.59,8.98,-0.48,202,849,okanogan,-119.166024,48.749762
Yes,2018,738,94,34,97,0.52,364,9.15,-5.5,14.59,3.71,274,1390,okanogan,-119.820002,48.228673
Yes,2018,989,0,-100,9,-1.44,423,6.96,-7.55,12.64,1.29,208,1240,okanogan,-119.809948,48.376012
Yes,2018,1010,99,5,6,-1.14,428,6.34,-8.1,12.23,0.45,178,1165,okanogan,-118.918311,48.413589
Yes,2018,1238,-99,-3,7,-2.18,483,4.89,-9.63,10.75,-0.97,158,1045,okanogan,-118.98478,48.70825
Yes,2018,418,0,0,0,1.07,319,9.36,-5.35,15.25,3.47,211,1422,okanogan,-119.73173,48.999109
No,2018,1183,-16,98,33,-1.92,473,5.05,-9.34,10.96,-0.86,156,1071,okanogan,-119.120127,48.900567
Yes,2019,1349,-22,97,126,-2.6,670,4.85,-7.6,9.71,-0.01,167,909,okanogan,-120.339447,48.303764
No,2018,872,-96,-27,24,-0.51,385,8.05,-6.5,13.35,2.74,250,1284,okanogan,-119.51003,48.320223
Yes,2018,843,73,-67,14,-0.3,361,8.2,-6.34,13.52,2.89,251,1307,okanogan,-119.444639,48.225818
Yes,2018,1301,-85,-51,88,-1.53,456,5.3,-7.76,10.09,0.51,189,876,okanogan,-118.970072,48.897111
Yes,2018,1230,-97,24,34,-1.78,444,6.55,-5.36,10.98,2.12,255,968,okanogan,-119.345982,48.871721
No,2018,777,-37,92,8,0.05,411,7.84,-6.6,14.36,1.32,152,1370,okanogan,-118.861212,48.213387
Yes,2018,1138,78,-61,106,-1.14,583,7.73,-6.32,12.68,2.78,289,1210,okanogan,-120.099175,48.037438
Yes,2018,1886,-7,99,53,-3.54,1197,2.74,-8.21,7.43,-1.96,126,675,okanogan,-120.310318,48.136044
Yes,2018,1173,53,-84,32,-1.74,468,5.63,-8.55,11.35,-0.09,166,1080,okanogan,-119.85192,48.543751
No,2018,446,83,-54,15,0.34,339,9.03,-6.6,15.55,2.52,205,1539,okanogan,-119.656813,48.520996
Yes,2018,1876,79,61,49,-4.61,823,1.78,-10.26,6.79,-3.23,95,681,okanogan,-120.112097,48.969379000000004
Yes,2018,1511,95,29,153,-3.11,1146,3.29,-7.84,7.84,-1.27,128,683,okanogan,-120.585313,48.628527
Yes,2018,2085,18,-98,111,-4.26,1420,1.73,-8.13,5.98,-2.53,111,580,okanogan,-120.509814,48.486804
No,2018,569,-4,-99,25,0.15,330,8.46,-6.63,14.47,2.46,211,1388,okanogan,-119.497697,48.714195
Yes,2020,977,-66,74,103,-0.64,347,7.15,-7.23,12.47,1.84,212,1174,okanogan,-119.323191,48.685151
Yes,2020,1959,39,92,152,-4.1,947,1.87,-9.36,6.68,-2.94,98,624,okanogan,-120.428111,48.827605
Yes,2018,1968,-10,99,121,-4.3,897,1.75,-9.56,6.67,-3.17,92,636,okanogan,-120.280579,48.822932
No,2018,951,43,-90,76,-0.57,469,7.86,-6.61,13.61,2.11,216,1322,okanogan,-120.012254,48.319424
Yes,2018,1660,-99,5,86,-3.78,1397,2.78,-8.96,7.88,-2.33,100,731,okanogan,-120.466986,48.952364
Yes,2018,738,99,-3,40,-0.06,419,8.76,-5.73,14.35,3.17,258,1387,okanogan,-119.965913,48.179699
Yes,2018,681,-16,98,55,-0.51,501,8.02,-7.14,14.42,1.65,187,1438,okanogan,-120.1645,48.183639
No,2018,486,81,57,20,2.13,247,10.41,-3.3,16.29,4.54,261,1506,yakima,-119.875793,46.577951
No,2018,323,15,98,49,2.19,214,10.68,-3.5,17.5,3.86,224,1659,yakima,-120.304476,46.279069
No,2018,227,95,28,6,2.04,195,10.71,-3.42,17.96,3.47,201,1736,yakima,-120.17813,46.231646
No,2018,658,82,56,25,1.2,253,9.26,-4.5,15.3,3.22,225,1420,yakima,-120.081512,46.687645
Yes,2018,1288,78,-61,20,0.09,1281,5.93,-4.54,10.46,1.4,161,785,yakima,-121.3609,46.124072
No,2018,512,68,73,73,1.86,329,9.7,-4.19,16.21,3.19,190,1478,yakima,-120.873783,46.340438
Yes,2018,1031,-99,-2,114,0.85,684,6.71,-4.51,12.31,1.1,90,1049,yakima,-121.099688,46.631573
No,2018,230,70,-70,1,1.98,187,10.75,-3.73,17.82,3.69,213,1732,yakima,-120.369238,46.343212
No,2018,244,0,-100,1,2.04,188,10.82,-3.78,17.91,3.74,209,1739,yakima,-120.546089,46.372114
No,2018,470,-98,-19,26,1.6,248,9.67,-4.51,16.29,3.05,197,1516,yakima,-120.654543,46.610496
Yes,2018,901,-99,12,7,1.52,766,7.25,-4.63,13.92,0.58,34,1200,yakima,-121.009735,46.13535
No,2018,222,44,89,2,2.2,210,10.89,-3.08,18.04,3.73,183,1751,yakima,-119.997317,46.205344
No,2018,275,-48,-87,7,2.39,196,10.74,-3.25,17.5,3.98,206,1626,yakima,-120.023154,46.364546
Yes,2019,1458,87,-48,63,-0.89,1111,3.82,-5.46,8.27,-0.62,91,577,yakima,-121.323886,46.631018
No,2018,316,94,-31,2,2.11,218,10.58,-4.01,17.75,3.41,186,1693,yakima,-120.719545,46.337402
No,2018,532,95,-30,17,1.53,241,9.58,-4.53,15.95,3.22,214,1471,yakima,-120.604189,46.695301
No,2018,423,1,-99,17,1.79,288,10.01,-4.36,16.85,3.17,199,1572,yakima,-120.73905,46.478028
Yes,2018,1713,85,51,77,-1.33,1832,4.08,-5.75,8.88,-0.73,111,704,yakima,-121.163953,46.915383
Yes,2018,1684,-73,68,84,-1.87,1786,3.37,-6,7.78,-1.05,127,569,yakima,-121.379551,46.978734
No,2018,460,-3,-99,18,3.01,277,10.77,-2.72,16.68,4.86,213,1501,yakima,-119.973096,46.043962
Yes,2018,1103,-70,-70,32,0.87,839,6.72,-4.71,12.23,1.22,102,958,yakima,-121.199817,46.178015
No,2018,598,-24,96,58,1.61,263,9.79,-4.32,16.39,3.19,199,1543,yakima,-120.575443,46.529422
No,2018,574,4,-99,14,1.45,217,9.59,-4.35,16.15,3.02,211,1522,yakima,-120.055097,46.520493
No,2018,705,74,66,18,1.46,337,9.03,-4.15,14.98,3.07,213,1353,yakima,-120.785761,46.645142
No,2018,464,-33,94,38,2.19,280,10.22,-3.33,16.25,4.19,251,1474,yakima,-120.33325,46.179353
Yes,2018,1003,-19,-98,52,-0.22,1358,5.49,-6.9,11.8,-0.81,57,1063,yakima,-121.167155,46.778636
No,2018,766,73,-67,49,1.06,435,8.03,-4.77,14.32,1.76,152,1257,yakima,-120.91923,46.51122
Yes,2018,867,-3,99,126,0.74,487,7.31,-5.55,13.66,0.96,116,1236,yakima,-120.962861,46.673784
No,2018,368,-57,-81,15,2.71,331,10.83,-2.74,17.51,4.14,178,1653,adams,-118.163559,46.758544
No,2018,365,70,70,8,2.13,231,10.16,-3.94,16.65,3.68,186,1545,adams,-118.889309,46.962416
No,2018,498,-34,93,44,2.01,377,9.79,-3.5,16.51,3.07,135,1523,adams,-118.014913,46.966591
No,2018,586,70,-70,10,1.51,322,8.96,-4.51,15.58,2.34,129,1440,adams,-118.207932,47.154565
No,2018,546,99,6,7,1.77,361,9.32,-4.03,16.02,2.63,130,1477,adams,-118.027268,47.128189
No,2018,473,-55,-82,25,2.27,308,10.15,-3.44,16.65,3.64,167,1560,adams,-118.339793,46.786096
No,2018,519,70,-70,1,1.83,285,9.48,-4.19,16.14,2.81,140,1508,adams,-118.357601,46.945214
No,2018,394,-70,70,1,2.53,232,10.1,-3.74,16.63,3.58,150,1516,adams,-118.868703,46.797961
No,2018,287,89,-44,1,2.41,194,10.65,-3.48,17.14,4.17,200,1615,adams,-119.210261,46.785348
No,2018,362,-55,-83,2,2.28,221,10.12,-3.79,16.55,3.69,175,1520,adams,-119.04273,46.755636
No,2018,492,95,-30,29,2.51,352,10.29,-3.2,16.56,4.03,181,1524,adams,-118.173261,46.835177
No,2018,550,35,93,5,1.7,283,9.24,-4.4,15.86,2.62,135,1469,adams,-118.56237,47.143147
No,2018,571,-16,98,8,1.71,287,9.18,-4.4,15.77,2.59,135,1456,adams,-118.517655,47.108451
No,2018,567,-91,39,7,1.66,304,9.16,-4.36,15.75,2.57,134,1453,adams,-118.382683,47.111316
Yes,2018,1379,99,-2,136,-0.17,759,7.65,-4.21,12.49,2.81,268,1046,asotin,-117.440527,46.064545
Yes,2018,1084,24,-97,21,0.17,500,8.61,-3.89,14.04,3.18,256,1268,asotin,-117.409175,46.04146
No,2018,1122,-98,16,19,0.07,392,8.25,-3.87,13.42,3.08,264,1123,asotin,-117.268608,46.185047
No,2018,881,-29,95,24,1.19,431,9.48,-2.85,14.73,4.23,278,1275,asotin,-117.402105,46.375531
No,2018,661,-13,99,102,1.33,400,9.85,-2.92,15.71,4,246,1484,asotin,-117.222149,46.026862
No,2018,286,-58,81,51,3.33,231,11.63,-1.93,17.77,5.5,227,1664,benton,-119.117282,46.137903
No,2018,214,99,-3,78,3.5,259,11.72,-1.66,17.88,5.57,221,1634,benton,-119.108156,45.969947
No,2018,132,-28,-95,6,3.33,223,11.88,-1.84,18.55,5.23,182,1764,benton,-119.448275,45.952941
No,2018,128,-91,41,4,2.83,208,12.45,-2.34,19.02,5.89,322,2020,benton,-119.541902,46.598008
No,2018,784,-26,-96,8,1.12,280,9.17,-3.95,14.81,3.53,245,1361,benton,-119.68302,46.386164
No,2018,189,68,72,18,2.98,217,11.82,-2.44,18.36,5.28,254,1810,benton,-119.519833,46.436751
No,2018,176,97,-22,10,3.26,218,11.95,-2.17,18.49,5.42,234,1798,benton,-119.49434,46.273996
No,2018,134,63,77,5,2.97,211,12.01,-2.31,18.66,5.36,258,1867,benton,-119.365182,46.563703
No,2018,404,5,99,18,2.99,247,10.67,-2.6,16.68,4.67,185,1498,benton,-119.467527,46.113369
No,2018,527,-99,2,20,2.87,263,10.35,-3.19,16.04,4.67,196,1384,benton,-119.296459,46.082886
No,2018,659,-56,-82,28,1.76,235,9.67,-3.6,15.29,4.05,239,1386,benton,-119.862092,46.416065
No,2018,675,-42,90,55,2.37,513,10.37,-2.29,16.05,4.68,225,1406,columbia,-117.937698,46.313955
No,2018,842,83,55,11,1.36,610,9.55,-2.72,14.66,4.45,267,1243,columbia,-117.769029,46.378809
No,2018,551,60,-79,54,2.77,481,10.76,-2.05,16.4,5.12,239,1438,columbia,-118.120818,46.348994
Yes,2018,1315,-89,43,103,-0.41,1263,7.49,-4.21,12.36,2.62,255,1017,columbia,-117.908274,46.136987
No,2018,227,79,-60,29,3.63,319,12.16,-1.2,18.35,5.97,241,1719,columbia,-118.134367,46.514462
No,2018,770,94,-32,22,1.77,569,10.16,-2.27,15.28,5.05,273,1313,columbia,-117.808758,46.39914
Yes,2018,1150,96,24,74,0.73,711,8.85,-3.02,13.71,3.98,286,1131,columbia,-117.622721,46.33238
Yes,2018,1494,11,99,65,-0.44,1188,6.67,-4.86,11.34,2,235,908,columbia,-117.744578,46.19602
No,2018,510,-98,-14,8,1.48,345,9.62,-4.27,15.81,3.42,192,1517,ferry,-118.507435,47.912714
No,2018,609,50,-86,84,0.95,305,9.02,-5.48,15.13,2.92,204,1453,ferry,-118.644282,48.009275
Yes,2018,1339,-34,-93,93,-0.51,609,6.49,-6.6,11.05,1.93,225,980,ferry,-118.492974,48.254786
Yes,2018,1181,-33,-94,25,-0.69,548,6.14,-7.81,11.77,0.51,161,1092,ferry,-118.629929,48.403431
Yes,2018,937,88,45,28,0.64,402,8.07,-5.98,13.43,2.72,207,1227,ferry,-118.709565,48.259225
Yes,2018,1015,0,-100,35,-0.1,490,6.87,-7.5,12.66,1.08,153,1176,ferry,-118.706291,48.453954
Yes,2018,831,23,97,71,0.69,475,8.51,-5.17,14.09,2.94,206,1303,ferry,-118.499547,48.058038
Yes,2018,1091,-99,-10,60,-0.82,495,5.66,-9.02,11.81,-0.49,110,1099,ferry,-118.792934,48.607575
Yes,2018,1140,-77,-63,48,-0.41,557,6.74,-7.04,11.87,1.61,206,1092,ferry,-118.578014,48.255709
Yes,2018,1146,-36,93,33,-1.03,552,5.36,-9.21,11.46,-0.74,119,1073,ferry,-118.576494,48.57267
Yes,2018,1059,95,29,92,-0.04,557,6.7,-6.64,11.8,1.6,196,1075,ferry,-118.266206,48.75908
Yes,2018,833,34,-93,90,0.64,530,8.38,-5.1,13.53,3.23,240,1230,ferry,-118.338426,48.157383
Yes,2018,852,-98,19,60,-0.27,455,6.58,-8.14,13.05,0.1,99,1221,ferry,-118.778114,48.927736
Yes,2018,707,60,79,52,0.89,528,8.24,-5.63,14.18,2.29,170,1302,ferry,-118.336947,48.204909
Yes,2018,548,-79,60,3,1.14,464,8.56,-5.61,15.42,1.7,108,1466,ferry,-118.208052,48.249964
Yes,2018,911,44,89,41,0.16,476,6.77,-7.77,13.06,0.49,106,1215,ferry,-118.721008,48.570398
Yes,2018,1515,-69,-71,79,-2,652,4.86,-7.73,9.49,0.23,194,877,ferry,-118.548365,48.389274
Yes,2018,1332,61,78,54,-1.59,525,5.31,-7.78,10.11,0.5,189,912,ferry,-118.789493,48.778356
Yes,2018,885,77,63,132,0.36,561,7.15,-6.42,12.59,1.7,175,1172,ferry,-118.257089,48.909375
No,2018,192,24,97,9,2.94,236,11.37,-2.49,18.07,4.67,210,1764,franklin,-118.989438,46.432063
No,2018,287,0,0,0,2.65,227,10.78,-3,17.32,4.26,191,1637,franklin,-119.02209,46.593078
No,2018,304,98,15,12,2.67,221,10.75,-3.09,17.09,4.41,200,1591,franklin,-119.195252,46.618123
No,2018,313,-14,98,4,2.6,228,10.7,-3.07,17.31,4.09,181,1651,franklin,-118.84684,46.634561
No,2018,347,90,-42,42,2.93,284,11.06,-2.67,17.5,4.61,200,1632,franklin,-118.502866,46.656096
No,2018,363,98,16,29,2.8,290,11.04,-2.66,17.47,4.62,210,1668,franklin,-118.325783,46.629442
No,2018,330,52,-84,37,2.77,259,10.87,-2.83,17.43,4.31,207,1685,franklin,-118.82367,46.475201
No,2018,167,-95,-29,9,3.32,237,11.74,-2.09,18.25,5.24,225,1764,franklin,-118.973553,46.264617
No,2018,149,80,-58,68,3.01,273,11.57,-2.25,18.12,5.03,234,1732,franklin,-118.641062,46.448167
No,2018,220,0,0,0,3.2,263,11.46,-2.19,17.96,4.96,240,1732,franklin,-118.806895,46.317654
No,2018,1065,-99,-9,102,-0.1,604,7.73,-4.98,13.45,2,218,1143,garfield,-117.438393,46.211076
No,2018,529,-99,-13,26,2.71,447,10.99,-1.75,16.57,5.42,238,1494,garfield,-117.634426,46.656305
No,2018,715,70,70,3,2,449,10.25,-2.36,15.63,4.88,255,1361,garfield,-117.613177,46.489407
Yes,2018,1284,85,-52,40,-0.02,606,7.98,-4.25,13.07,2.89,246,1140,garfield,-117.590138,46.021001
Yes,2018,1419,-66,74,158,-0.67,969,7.11,-4.33,11.69,2.53,279,944,garfield,-117.576185,46.168718
No,2018,609,78,62,26,0.98,250,9.19,-5.85,15.09,3.29,220,1444,grant,-119.663775,47.411684
No,2018,393,-42,-90,7,2.2,227,10.02,-3.97,16.42,3.63,180,1508,adams,-119.052061,46.911614
No,2018,408,70,-70,3,1.56,238,10,-4.65,16.77,3.23,183,1634,grant,-119.118385,47.400209
No,2018,567,-74,-66,18,1.22,259,9.32,-5.23,15.66,2.98,191,1501,grant,-119.149861,47.562289
No,2018,796,-42,-90,14,0.2,324,7.8,-6.56,13.9,1.71,161,1308,grant,-119.002181,47.774557
No,2018,619,0,-99,44,1.36,245,9.93,-4.98,15.92,3.94,239,1534,grant,-119.501826,47.537373
No,2018,351,0,-100,1,2.37,190,10.69,-3.78,16.82,4.56,240,1583,grant,-119.585351,46.920866
No,2018,705,-93,-35,23,0.48,262,8.63,-5.83,14.23,3.04,227,1328,grant,-119.824396,47.356295
No,2018,730,77,-63,7,0.44,295,8.38,-6.41,14.57,2.19,179,1396,grant,-119.168541,47.727969
No,2018,339,0,-100,1,2.56,196,10.68,-3.63,16.82,4.53,216,1578,grant,-119.413255,46.896499
No,2018,415,-7,99,6,1.72,227,9.91,-4.4,16.45,3.38,187,1568,grant,-119.111691,47.238674
No,2018,217,85,51,3,2.52,193,11.57,-3.37,18.16,4.99,271,1846,grant,-119.716106,46.719727
No,2018,400,12,-99,13,1.38,232,10.01,-4.69,16.62,3.4,207,1621,grant,-119.298043,47.431098
No,2018,303,-53,84,7,2.33,208,10.62,-3.8,17.19,4.05,198,1645,grant,-119.233219,46.936305
No,2018,215,-98,-14,5,2.75,206,11.32,-2.9,17.79,4.85,237,1732,grant,-119.411996,46.694664
No,2018,479,0,0,0,1.25,275,9.75,-4.98,16.03,3.46,208,1555,grant,-119.192912,47.884384
No,2018,262,-67,-73,12,2.38,196,11.17,-3.53,17.65,4.69,262,1780,grant,-119.560621,46.76066
No,2018,376,3,-99,37,1.33,235,10.06,-4.71,16.42,3.69,222,1598,grant,-119.325539,47.588407
No,2018,374,70,-70,1,1.82,189,10.27,-4.71,16.61,3.93,225,1585,grant,-119.800183,47.19138
No,2018,373,-80,-59,8,1.97,218,10.09,-4.23,16.55,3.63,196,1558,grant,-119.078759,47.068743
No,2018,411,32,-94,29,2.07,237,10.65,-4.15,16.25,5.06,293,1544,grant,-119.982701,47.224001
No,2018,216,-31,-94,1,2.71,202,11.28,-2.94,17.82,4.75,228,1724,grant,-119.386366,46.735258
No,2018,646,96,-27,9,1.12,293,8.58,-5.35,15.07,2.1,135,1413,lincoln,-118.808347,47.743743
No,2018,531,-98,19,3,1.5,255,9.36,-4.59,15.84,2.88,161,1495,lincoln,-118.886442,47.451454
No,2018,537,-35,-93,5,1.44,263,9.27,-4.73,15.84,2.7,153,1494,lincoln,-118.775474,47.416387
No,2018,495,-94,33,50,1.38,263,9.64,-4.76,16.11,3.17,191,1548,lincoln,-118.975655,47.613674
No,2018,750,-91,41,4,1.2,435,7.88,-5.4,13.97,1.78,119,1257,lincoln,-117.920825,47.66527
No,2018,603,70,70,4,1.47,305,8.84,-4.67,15.35,2.34,135,1417,lincoln,-118.402002,47.276781
No,2018,595,-89,44,10,1.42,289,8.95,-4.79,15.44,2.46,142,1438,lincoln,-118.605651,47.469152
No,2018,693,-98,15,13,1.19,314,8.2,-5.5,14.69,1.71,109,1354,lincoln,-118.625231,47.626679
No,2018,698,94,-31,2,1.44,338,8.26,-5.26,14.51,2,116,1312,lincoln,-118.444343,47.599374
No,2018,737,70,70,6,0.92,358,8.14,-5.6,14.32,1.97,141,1321,lincoln,-118.482906,47.747187
No,2018,517,-98,14,11,1.49,249,9.38,-4.65,15.88,2.89,163,1508,lincoln,-118.951813,47.454262
No,2018,719,70,-70,15,0.65,318,7.83,-5.92,14.36,1.3,121,1342,lincoln,-118.648709,47.793233
No,2018,643,-95,-29,10,1.44,315,8.64,-4.9,14.94,2.33,139,1366,lincoln,-118.417085,47.434997
No,2018,569,-5,99,15,1.55,276,9.13,-4.69,15.72,2.54,139,1466,lincoln,-118.583977,47.305417
No,2018,635,-89,44,12,1.47,329,8.69,-4.65,15.08,2.3,134,1381,lincoln,-118.241887,47.326109
Yes,2018,879,-75,65,63,0.22,830,5.95,-7.26,12.23,-0.34,73,1082,pend_oreille,-117.369002,48.818477
Yes,2018,926,93,34,23,1.03,820,6.88,-6.9,13.64,0.11,52,1224,pend_oreille,-117.420208,48.294948
Yes,2018,733,-90,42,59,1.11,714,7.34,-6.27,14.17,0.52,57,1280,pend_oreille,-117.285749,48.189166
Yes,2018,1306,54,83,11,-0.71,966,5.01,-7.77,10.26,-0.25,132,910,pend_oreille,-117.46894,48.622949
Yes,2018,1312,-29,-95,62,-0.29,1014,5.47,-7.44,10.92,0.03,133,948,pend_oreille,-117.465149,48.454118
Yes,2018,1406,41,91,81,-0.77,964,4.98,-7.52,9.82,0.14,160,853,pend_oreille,-117.429425,48.618546
Yes,2018,1544,-96,25,108,-0.56,1145,4.81,-7.54,9.36,0.26,146,791,pend_oreille,-117.31593,48.671363
Yes,2018,625,70,-70,1,1.65,642,7.9,-5.62,14.64,1.16,70,1312,pend_oreille,-117.272021,48.338502
Yes,2018,1503,51,85,99,-1.84,1337,3.22,-9.15,8.44,-1.99,93,777,pend_oreille,-117.153879,48.802711
Yes,2018,1237,-97,21,79,-0.13,998,5.2,-7.68,11.22,-0.83,96,963,pend_oreille,-117.139479,48.490968
Yes,2018,1362,-90,43,75,-0.6,1006,3.89,-8.59,9.16,-1.37,80,778,pend_oreille,-117.145286,48.620684
Yes,2018,1101,77,63,65,-0.36,796,5.33,-7.85,11.57,-0.92,91,1018,pend_oreille,-117.533056,48.773322
Yes,2018,747,-70,-70,30,0.89,740,7.36,-6.26,14.06,0.66,72,1273,pend_oreille,-117.425636,48.133484
No,2018,627,-96,-25,19,1.57,436,8.73,-4.42,15.3,2.17,109,1389,spokane,-117.721393,47.301108
No,2018,650,-78,-61,20,1.62,678,8.36,-4.75,14.42,2.31,127,1283,spokane,-117.216326,47.847937
No,2018,748,100,0,7,1.33,469,8.03,-5.11,14.2,1.88,106,1272,spokane,-117.64139,47.497036
Yes,2018,861,-50,86,52,1.64,994,8.05,-4.63,13.13,2.98,159,1169,spokane,-117.073203,47.843361
No,2018,702,-44,89,7,1.41,453,8.26,-4.79,14.64,1.87,99,1316,spokane,-117.714397,47.446533
No,2018,809,-39,92,24,1.59,551,8.17,-4.31,14.23,2.12,97,1252,spokane,-117.176555,47.350715
Yes,2018,1031,-99,5,33,1.03,946,6.71,-5.73,11.97,1.45,100,1075,spokane,-117.141475,47.948539
No,2018,621,-55,-83,2,2.14,530,9.01,-3.87,15.06,2.97,128,1337,spokane,-117.20906600000001,47.705409
No,2018,915,-50,86,77,1.07,481,8.78,-4.76,13.92,3.65,249,1252,stevens,-118.156863,48.106881
No,2018,851,-2,-99,59,0.36,626,7.06,-6.25,12.69,1.43,146,1165,stevens,-118.062312,48.804618
Yes,2018,987,47,88,47,0.36,651,6.42,-6.4,11.43,1.42,165,997,stevens,-117.871863,48.787164
No,2018,717,32,-94,31,1.2,477,8.85,-4.69,14.66,3.05,189,1370,stevens,-117.945331,47.852227
Yes,2018,743,99,-11,10,1.17,556,7.97,-5.69,14.3,1.64,108,1302,stevens,-117.92891,48.000749
Yes,2018,680,-83,-54,73,1.19,525,7.92,-5.8,14.53,1.32,85,1323,stevens,-117.79699,48.143995
No,2018,845,99,-5,26,0.81,593,7.25,-6.52,13.83,0.67,90,1249,stevens,-117.984126,48.309538
No,2018,696,89,-44,6,1.41,679,7.83,-5.76,14.39,1.26,70,1290,stevens,-117.581332,47.996214
Yes,2018,1085,-99,1,66,0.6,604,7.7,-5.51,13.05,2.36,188,1167,stevens,-117.9458,48.145567
Yes,2018,572,55,-83,13,1.58,506,8.38,-5.3,15.29,1.47,63,1404,stevens,-117.790921,47.952307
Yes,2018,967,-80,-58,37,0.03,748,6.18,-6.9,11.61,0.74,147,1052,stevens,-118.10452,48.94907
Yes,2018,810,50,86,22,0.45,673,7.07,-6.83,13.83,0.31,81,1268,stevens,-117.649291,48.335166
Yes,2018,963,-10,99,60,0.26,787,6.4,-6.3,11.55,1.24,156,1023,stevens,-117.880235,48.922343
Yes,2018,849,-90,41,84,0.79,466,9.17,-4.46,14.26,4.08,302,1332,stevens,-118.156404,47.954182
Yes,2019,893,49,-87,27,0.49,589,7.24,-6.12,13.4,1.09,129,1223,stevens,-118.020396,48.485248
Yes,2018,1111,-99,-5,27,-0.05,771,5.87,-6.96,11.04,0.69,154,974,stevens,-117.534771,48.921994
Yes,2018,724,-98,-17,5,1.23,521,8.95,-4.65,14.61,3.3,207,1366,stevens,-117.976143,47.865752
Yes,2018,523,50,86,25,1.67,545,8.48,-5.35,15.39,1.58,76,1407,stevens,-117.798167,48.292714
No,2018,726,-97,24,10,1.12,415,9.22,-4.56,14.58,3.86,258,1358,stevens,-118.309295,47.955853
Yes,2018,774,-60,79,63,0.46,595,7.17,-6.73,13.57,0.78,99,1265,stevens,-118.024252,48.637924
Yes,2018,791,-99,4,7,0.78,642,7.38,-6.41,14.01,0.74,84,1273,stevens,-117.620202,48.165485
Yes,2018,959,87,48,21,0.34,651,6.3,-6.82,12.03,0.56,127,1068,stevens,-117.725776,48.82601
Yes,2018,741,-87,48,115,1.15,736,7.61,-5.5,13.29,1.93,130,1177,stevens,-117.725213,48.98822
No,2018,356,-28,-95,45,3.26,395,11.59,-1.7,17.57,5.61,247,1597,walla_walla,-118.289651,46.300551
No,2018,570,30,-95,35,2.7,394,10.93,-2.33,16.56,5.3,256,1490,walla_walla,-118.309794,46.464828
No,2018,276,82,56,5,3.1,306,11.2,-2.15,17.66,4.75,205,1665,walla_walla,-118.78368,46.151825
No,2018,633,-91,-40,28,2.6,623,10.45,-2.08,15.8,5.11,250,1366,walla_walla,-118.120617,46.178469
No,2018,324,-97,24,4,2.94,318,11.01,-2.16,17.41,4.61,212,1636,walla_walla,-118.629627,46.282054
No,2018,104,0,0,0,4.05,209,12.4,-1.23,18.63,6.18,230,1745,walla_walla,-118.94491,46.097478
No,2018,405,59,-80,28,2.91,312,11.09,-2.33,17.29,4.88,223,1603,walla_walla,-118.488024,46.496298
No,2018,338,-70,70,25,3.32,332,11.47,-1.84,17.6,5.35,228,1597,walla_walla,-118.462509,46.332301
No,2018,387,70,70,11,3.38,494,11.41,-1.7,17.35,5.48,263,1581,walla_walla,-118.259668,46.119604
No,2018,396,-39,91,9,2.73,336,10.89,-2.67,17.32,4.47,206,1629,whitman,-118.165191,46.674549
No,2018,527,70,-70,7,2.02,402,9.67,-3.39,16.32,3.01,135,1488,whitman,-117.843705,47.013415
No,2018,619,-22,-97,29,1.72,418,8.96,-4.21,15.42,2.5,127,1397,whitman,-117.865075,47.176295
No,2018,767,28,-95,21,1.96,602,8.78,-3.15,14.79,2.77,120,1265,whitman,-117.134337,46.862341
No,2018,789,-64,-76,21,1.67,514,8.52,-3.75,14.72,2.32,107,1299,whitman,-117.164373,47.20497
No,2018,640,-61,78,24,2.11,416,9.33,-3.43,15.64,3.01,137,1386,whitman,-117.687733,47.14492
No,2018,546,-38,92,101,2.27,418,10.05,-2.79,16.64,3.45,149,1508,whitman,-117.658122,46.981393
No,2018,672,-44,89,44,2,496,9.37,-3,15.59,3.15,142,1374,whitman,-117.479469,46.866797
No,2018,764,-93,35,25,1.79,541,8.7,-3.42,14.7,2.7,131,1277,whitman,-117.313793,47.001139
No,2018,777,95,29,13,1.7,514,8.55,-3.75,14.72,2.38,114,1292,whitman,-117.266542,47.168483
No,2018,687,-36,-93,14,1.93,454,8.9,-3.77,15.11,2.69,126,1330,whitman,-117.502871,47.19988
No,2018,455,31,94,7,2.08,392,10.05,-2.97,16.89,3.22,130,1562,whitman,-117.82862,46.853082
No,2018,563,-75,66,23,2.27,446,10.09,-2.54,16.45,3.74,152,1488,whitman,-117.650449,46.819253
No,2018,707,11,-99,28,2.12,475,9.24,-3.2,15.48,3,141,1348,whitman,-117.504313,47.029662
No,2018,800,26,96,21,1.82,508,8.59,-3.79,14.59,2.59,122,1273,whitman,-117.336866,47.164089
No,2018,708,55,83,18,1.98,523,9.03,-3.1,15.1,2.97,133,1307,whitman,-117.297278,46.844532
Yes,2019,177,99,0,27,6.63,1223,10.86,2,15.14,6.57,68,863,king,-121.980863,47.647952
No,2019,84,94,-31,21,6.88,991,11.18,2.08,15.72,6.63,60,853,king,-122.336219,47.7028
No,2019,100,94,-32,30,6.96,1003,11.22,2.13,15.65,6.78,65,877,king,-122.300971,47.624454
Yes,2019,290,67,73,16,4.25,2495,9.6,-0.34,14.8,4.41,73,1010,king,-121.583529,47.518484
Yes,2019,419,-15,98,104,2.67,2207,8.92,-1.62,14.11,3.72,111,1037,king,-121.291876,47.707769
No,2019,32,-97,21,19,7,1125,11.22,1.95,15.82,6.63,41,886,king,-122.154095,47.771513
Yes,2019,46,-96,-26,48,6.93,1144,11.43,2.37,15.91,6.96,79,861,king,-122.440741,47.426394
No,2019,829,-27,96,114,3.84,2344,7.25,-1.61,11.38,3.14,57,637,king,-121.739297,47.296601
No,2019,81,-45,-88,10,6.88,949,11.27,2.26,15.8,6.74,64,810,king,-122.374061,47.770738
No,2019,99,-99,12,23,6.8,974,11.09,2.11,15.54,6.65,64,801,king,-122.36773,47.721505
Yes,2019,550,-58,-81,82,2.63,2872,7.41,-2.24,11.81,3.02,89,830,king,-121.40683,47.489001
Yes,2019,697,41,90,138,3.23,1370,7.81,-2.32,13.1,2.52,29,931,king,-121.536841,47.19389
Yes,2019,147,99,-10,17,6.2,1894,10.68,1.39,15.39,5.98,61,912,king,-121.786663,47.47436
Yes,2019,1245,87,-49,107,2.13,2768,5.95,-3.1,9.81,2.08,71,557,king,-121.564039,47.380783
Yes,2019,226,31,94,17,6.03,1885,10.2,1.11,14.74,5.66,53,856,king,-121.792344,47.622421
Yes,2019,553,-28,-95,98,4.41,3004,8.61,-0.38,12.76,4.46,63,729,king,-121.645398,47.666085
No,2019,134,24,-97,6,6.23,1344,10.61,1.66,15.27,5.95,60,886,kitsap,-122.608218,47.448305
Yes,2019,226,-40,91,37,5.21,1667,9.72,0.61,14.54,4.9,59,874,kitsap,-122.836061,47.550633
Yes,2019,662,41,90,26,5.01,1677,8.48,0.03,13.02,3.94,55,749,pierce,-122.038725,47.005925
No,2019,2119,-99,5,60,-4.94,4375,0.79,-7.46,5.16,-3.59,108,479,pierce,-121.830147,46.860703
Yes,2019,1085,-59,-80,186,2.95,1843,7.15,-1.39,11.44,2.86,73,736,pierce,-121.847599,47.003828
Yes,2019,1315,-87,-49,60,1.44,2370,5.61,-3.33,10.01,1.2,73,623,pierce,-121.958222,46.784091
No,2019,4,-31,-94,29,6.88,1192,11.3,2.14,15.89,6.71,73,878,pierce,-122.613922,47.270215
Yes,2019,66,85,-51,3,6.69,1157,10.92,1.51,15.95,5.89,41,931,pierce,-122.618432,47.106493
No,2019,4,-31,94,1,7.11,1043,11.49,2.15,16.1,6.87,57,887,pierce,-122.40326,47.261761
Yes,2019,1496,79,60,49,-0.4,2179,3.74,-5.09,8.02,-0.54,87,513,pierce,-121.667003,47.003083
No,2019,146,55,83,4,6.61,1123,10.74,1.31,15.71,5.76,30,953,pierce,-122.256611,47.156404
Yes,2019,1066,75,-65,135,0.64,1527,5.41,-4.06,9.78,1.03,102,688,pierce,-121.526967,47.031506
Yes,2019,1468,-97,-20,239,0.61,1713,4.92,-4.19,9.12,0.73,92,581,pierce,-121.596618,47.021987
No,2019,8,26,96,10,6.94,727,10.52,2.77,13.89,7.16,49,638,san_juan,-122.919085,48.71087
Yes,2019,393,68,-72,78,4.24,2821,9.09,-0.97,13.77,4.4,51,809,skagit,-121.576986,48.305813
Yes,2019,553,100,0,48,2,3434,8.83,-0.04,13,4.67,92,769,skagit,-121.848326,48.462115
Yes,2019,381,-82,57,66,4.48,1648,8.85,-1.2,13.63,4.07,57,766,skagit,-122.173475,48.458252
No,2019,1964,71,69,128,-4.05,1843,2.07,-8.76,6.67,-2.53,99,661,skagit,-120.699256,48.563165
Yes,2019,816,99,2,81,2.49,3190,7.45,-1.25,11.51,3.4,63,649,skagit,-121.770449,48.478386
Yes,2019,1267,-85,51,36,1.81,3159,6.14,-2.17,9.68,2.6,60,527,skagit,-122.164504,48.605742
No,2019,1712,21,-97,73,-4.91,2905,2.66,-6.94,7.02,-1.71,149,656,skagit,-121.082085,48.562133
Yes,2019,916,-94,-32,60,2.27,3371,7.7,-1.06,11.61,3.8,73,648,skagit,-121.957891,48.409438
Yes,2019,87,78,-62,19,7.04,1180,10.76,1.3,15.1,6.42,40,746,skagit,-122.351944,48.556497
Yes,2019,1313,37,-92,144,-0.98,3302,5.71,-3.53,9.89,1.54,148,693,snohomish,-121.342557,48.208596
Yes,2019,158,-47,88,13,4.68,2246,9.96,-0.47,15.01,4.91,47,942,snohomish,-121.590693,48.257127
Yes,2019,199,-13,99,12,5.73,1692,10.44,1.3,14.91,5.97,73,884,snohomish,-121.831821,47.786968
No,2019,168,-92,37,12,6.68,1192,10.64,2.31,14.34,6.94,78,730,snohomish,-122.230819,47.924056
Yes,2019,10,-70,70,1,7.02,1268,11.22,1.81,15.93,6.5,45,884,snohomish,-122.005898,47.815322
Yes,2019,630,-91,-41,66,3.66,3006,8.53,-0.74,12.94,4.12,78,820,snohomish,-121.498547,47.81149
Yes,2019,1533,-98,-19,118,-3.05,2541,2.92,-7.66,7.73,-1.89,122,662,snohomish,-121.12816,48.004704
Yes,2019,1525,90,43,148,-3.45,2028,3.35,-7.3,7.97,-1.28,132,703,snohomish,-120.998104,48.218427
Yes,2019,1105,74,66,156,0.79,2505,6.13,-3.65,10.09,2.17,121,685,snohomish,-121.280929,47.857592
No,2019,74,100,0,1,5.7,1327,10.26,0.42,15.01,5.52,49,847,whatcom,-122.2044,48.7763
No,2019,1925,73,-67,139,-3.74,1293,2.47,-7.03,6.53,-1.59,119,572,whatcom,-120.936686,48.97987
Yes,2021,1893,-97,-20,73,-4.2,1705,1.73,-7.53,5.78,-2.31,110,541,whatcom,-120.94877,48.838164
Yes,2019,154,-86,50,61,5.75,1495,9.63,-0.4,14.04,5.22,45,757,whatcom,-122.254274,48.941589
No,2019,2377,79,-60,142,-6.59,3621,-0.28,-8.03,3.91,-4.49,100,493,whatcom,-121.307769,48.811399
No,2019,18,-22,97,5,6.55,1249,10.46,0.55,15.33,5.6,33,836,whatcom,-122.393086,48.952054
Yes,2019,514,98,18,84,2.38,2720,7.36,-3.88,11.91,2.81,59,766,whatcom,-121.672002,48.768076
No,2019,2036,-44,-89,274,-3.76,3057,1.58,-7.01,5.49,-2.34,90,495,whatcom,-121.553468,48.988158
No,2019,1659,65,-75,59,-1.19,2782,3.74,-4.8,7.5,-0.03,80,544,whatcom,-121.690558,48.945284
Yes,2019,441,-97,21,66,1.11,1812,8.55,-3.11,13.53,3.56,159,1084,whatcom,-121.10686,48.695698
Yes,2019,293,54,83,117,5.53,1338,9.48,-0.4,13.9,5.06,47,742,whatcom,-122.380072,48.725253
Yes,2019,90,93,35,5,6.53,534,10.37,1.79,14.84,5.89,35,767,clallam,-123.155871,48.064729
Yes,2019,126,99,-5,58,6.64,2135,9.91,2.56,13.83,6,30,623,clallam,-124.412328,48.267604
Yes,2019,966,-93,36,127,3.4,1307,7.63,-0.85,11.8,3.46,95,666,clallam,-123.29466,47.970779
Yes,2019,471,-29,95,117,4.98,2511,8.4,-0.07,12.92,3.89,54,632,clallam,-124.13521,48.036104
Yes,2019,474,-8,-99,103,6.69,3267,9.6,1.23,14.24,4.96,30,621,clallam,-124.20906600000001,47.962912
Yes,2019,189,-99,-1,28,6.62,3007,9.87,1.8,14.22,5.52,24,674,clallam,-124.481644,48.207764
Yes,2019,168,58,81,3,6.54,2674,9.97,1.63,14.55,5.39,24,698,clallam,-124.251069,48.108822
Yes,2019,210,30,95,40,5.81,1364,9.28,1.5,13.29,5.28,30,644,clallam,-123.884088,48.134691
Yes,2019,160,-62,78,37,6.7,2961,10.13,1.88,14.72,5.53,23,716,clallam,-124.403926,48.06698
Yes,2019,131,-44,-89,32,6.82,2813,10.04,2.8,13.93,6.16,29,618,clallam,-124.603792,48.073916
Yes,2019,1511,93,-34,135,1.12,1225,4.79,-3.68,9.03,0.55,83,567,clallam,-123.107887,47.872628
Yes,2019,229,99,6,29,6.67,2872,9.63,2.2,13.43,5.83,23,578,clallam,-124.635429,48.212664
Yes,2019,12,-19,-98,2,6.97,2701,10.21,3.18,14.03,6.39,30,621,clallam,-124.540693,47.92105
Yes,2019,274,-19,98,4,5.67,2516,9.78,1.28,14.42,5.15,42,736,clallam,-124.068973,48.063039
No,2019,6,70,70,2,7.54,1827,11.06,2.23,16.3,5.81,13,811,grays_harbor,-123.433208,46.982521
Yes,2019,127,-77,63,48,6.49,1602,10.83,1.18,16.18,5.48,34,986,grays_harbor,-123.2341,46.886111
No,2019,16,-58,-81,21,7.69,2379,10.34,3.13,14.1,6.58,27,565,grays_harbor,-124.209494,47.241882
Yes,2019,13,-7,-99,4,7.84,2252,10.46,3.53,14.08,6.85,32,566,grays_harbor,-124.159014,47.079052
Yes,2019,105,47,87,21,6.96,2823,10.01,2.05,14.32,5.71,23,625,grays_harbor,-124.246297,47.426539
Yes,2019,156,31,-94,5,6.26,3530,9.89,1.22,14.61,5.18,30,751,grays_harbor,-123.655151,47.333514
Yes,2019,37,21,-97,22,6.92,2302,10.41,1.9,15.3,5.53,23,739,grays_harbor,-123.656184,46.885031
Yes,2019,75,-58,-81,7,7.03,2453,10.22,1.96,14.75,5.7,24,665,grays_harbor,-123.798933,47.130363
Yes,2019,148,89,-44,31,6.52,2700,9.94,1.52,14.53,5.36,29,687,grays_harbor,-123.668457,47.178378
Yes,2019,121,94,-32,29,6.47,2140,10.5,1.26,15.71,5.3,29,898,grays_harbor,-123.297891,47.035135
Yes,2019,777,93,-35,148,4.95,4674,9,1.11,13.13,4.88,87,691,grays_harbor,-123.536632,47.474113
Yes,2019,13,-70,70,11,7.26,2253,10.65,2.33,15.45,5.85,21,721,grays_harbor,-123.622906,47.02512
Yes,2019,134,-94,-33,59,6.23,2247,9.98,0.98,14.94,5.02,29,764,grays_harbor,-123.584239,46.861465
Yes,2019,268,13,99,59,6,1708,10.26,0.68,15.68,4.85,31,948,grays_harbor,-123.372646,46.831383
Yes,2019,112,2,99,10,6.7,3051,10.08,1.5,14.75,5.41,23,704,grays_harbor,-123.895756,47.282603
Yes,2019,99,-40,-91,6,6.87,3073,9.99,1.56,14.47,5.51,22,650,grays_harbor,-124.034919,47.302919
Yes,2019,122,-94,-31,5,7.05,3098,10.03,1.84,14.44,5.62,19,630,grays_harbor,-124.113738,47.425762
No,2019,1616,-64,-76,128,0.46,2072,4.37,-4.17,8.49,0.25,91,558,jefferson,-123.294013,47.819021
Yes,2019,592,-14,-98,103,5.71,3892,10.24,1.07,14.86,5.63,76,852,jefferson,-123.595818,47.577982
Yes,2019,436,-89,-45,65,5.04,1000,9.07,0.47,13.61,4.54,62,760,jefferson,-122.938888,48.016113
Yes,2019,637,3,-99,80,3.95,2813,8.61,0.32,12.96,4.25,98,765,jefferson,-123.241996,47.667514
Yes,2019,346,73,68,125,5.53,1510,10.65,1.11,15.34,5.97,97,953,jefferson,-123.031601,47.730531
Yes,2019,41,-97,20,33,6.36,861,10.25,1.32,15.13,5.38,30,813,jefferson,-122.721908,47.910019
Yes,2019,157,-51,-85,6,6.72,3331,9.94,1.61,14.44,5.43,20,661,jefferson,-124.09888,47.619265
Yes,2019,248,97,23,30,6.37,1522,10.65,2.31,14.6,6.7,90,810,jefferson,-122.939839,47.866714
Yes,2019,87,-14,-98,52,6.48,1632,10.76,1.58,15.74,5.78,43,903,mason,-123.00582,47.387061
Yes,2019,48,84,-54,67,6.19,1522,10.92,1.79,15.8,6.05,63,918,mason,-123.009087,47.577745
Yes,2019,872,72,-69,155,3.22,4086,7.66,-0.87,11.79,3.54,92,688,mason,-123.182144,47.529013
Yes,2019,118,66,-74,9,6.58,2346,10.5,1.62,15.73,5.26,23,863,mason,-123.477217,47.164063
Yes,2021,42,-99,2,21,6.52,1351,10.94,1.74,15.85,6.04,51,930,mason,-122.803608,47.378037
Yes,2019,353,100,0,112,5.88,3234,10.5,0.97,15.26,5.75,76,918,mason,-123.327529,47.380376
Yes,2019,117,-73,67,11,6.44,2170,10.56,1.52,15.74,5.39,29,909,mason,-123.292782,47.222604
Yes,2019,6,-85,-51,2,6.67,1893,10.68,1.78,15.56,5.8,36,872,mason,-123.157048,47.328456
No,2019,67,-97,23,6,6.63,1389,10.73,1.4,16.05,5.41,26,962,thurston,-122.855314,46.936235
Yes,2019,104,22,-97,30,6.56,1622,10.83,1.37,16.21,5.45,30,984,thurston,-123.082688,46.881433
No,2019,134,-100,0,3,6.51,1307,10.73,1.26,15.99,5.48,34,966,thurston,-122.73172,46.884313
Yes,2019,168,-98,14,5,6.4,2116,10.93,1.29,16.07,5.78,50,993,thurston,-123.092305,47.031785
No,2019,87,96,-27,19,6.59,1412,10.68,1.39,15.96,5.41,28,947,thurston,-122.891764,46.927195
No,2019,84,100,0,4,6.32,1300,11.36,1.18,16.71,6.02,66,1091,clark,-122.497877,45.747464
No,2019,43,46,88,22,6.85,1108,11.78,1.69,17.01,6.56,75,1094,clark,-122.636131,45.644453
Yes,2019,166,-38,-92,19,5.97,1910,10.76,0.5,16.12,5.4,55,1033,clark,-122.514512,45.933998
No,2019,80,-48,87,5,6.52,1199,11.39,1.22,16.82,5.97,57,1078,clark,-122.698288,45.80717
No,2019,77,86,-49,5,6.8,1207,11.93,1.95,17.18,6.69,78,1136,clark,-122.482098,45.59627
Yes,2019,290,-46,-88,45,5.03,2137,10.28,-0.12,15.95,4.62,65,1113,clark,-122.325908,45.818338
Yes,2019,40,26,-96,9,6.83,1215,11.31,1.8,16.47,6.14,52,992,cowlitz,-122.910347,46.244013
Yes,2019,773,87,49,69,4.14,3189,8.16,-1.1,12.41,3.9,75,747,cowlitz,-122.351601,46.1522
Yes,2019,58,79,60,99,6.21,1360,10.72,1.06,16.29,5.14,34,1031,cowlitz,-122.954983,46.387009
Yes,2019,683,18,98,116,4.32,2315,9.09,-0.5,14.52,3.66,65,962,cowlitz,-122.416112,46.288539
No,2019,144,0,-100,6,5.94,2233,10.72,0.65,15.93,5.51,63,1032,cowlitz,-122.362992,45.997605
No,2019,760,0,0,0,3.54,2290,7.82,-1.2,12.39,3.26,69,773,cowlitz,-122.253741,46.297304
Yes,2019,379,-17,98,82,5.26,2045,9.59,-0.68,14.51,4.66,66,890,cowlitz,-122.709732,46.102944
Yes,2019,598,-18,-98,39,4.74,2563,9.18,-1,13.89,4.48,83,865,cowlitz,-122.562819,46.096181
No,2019,224,-64,-76,29,6.3,1654,10.89,1.17,16.07,5.71,58,993,cowlitz,-122.718676,45.954525
Yes,2019,663,24,-96,77,4.66,2459,8.48,-0.35,12.91,4.03,63,760,lewis,-122.318601,46.614336
Yes,2019,241,-88,46,30,6,1735,10.49,0.68,16.03,4.96,33,1030,lewis,-122.687232,46.73363
Yes,2019,683,-91,40,84,5.41,2528,9.18,0.55,13.69,4.67,59,784,lewis,-122.590228,46.689381
Yes,2019,185,-98,-19,36,6.42,1373,10.82,1.12,16.51,5.13,24,1032,lewis,-123.163626,46.539532
Yes,2019,343,-53,84,109,5.9,2053,9.62,1.13,14.11,5.14,49,759,lewis,-123.332426,46.504465
Yes,2019,96,99,0,42,6.29,1436,10.78,1,16.55,5.01,26,1047,lewis,-123.239052,46.748092
Yes,2019,308,-93,35,48,6.44,1597,10.35,1.19,15.47,5.23,28,916,lewis,-123.030415,46.545621
Yes,2019,284,-72,-68,42,5.36,1653,9.8,-0.05,15.51,4.09,27,973,lewis,-123.236191,46.544886
Yes,2019,407,-61,78,117,5.15,1809,9.52,-0.53,14.99,4.05,46,982,lewis,-122.428664,46.481801
Yes,2019,841,99,10,63,4.84,2071,8.55,-0.53,12.95,4.14,65,766,lewis,-122.290901,46.448945
Yes,2019,1260,27,-96,71,2.65,2497,6.66,-2.17,11.07,2.25,71,671,lewis,-122.15171,46.646958
No,2019,64,70,70,4,6.75,1276,11.05,1.56,16.53,5.56,28,1008,lewis,-122.853109,46.756336
Yes,2019,151,90,-42,25,6.64,1272,11.02,1.23,16.68,5.36,26,1025,lewis,-123.019549,46.68243
No,2019,100,0,100,1,6.68,1368,11.05,1.3,16.77,5.33,21,1064,lewis,-122.855892,46.585572
Yes,2019,1029,-65,-75,106,2.6,2278,7.1,-1.95,11.53,2.67,80,748,lewis,-121.959763,46.636436
Yes,2019,398,-19,-98,33,4.26,1688,9.32,-0.83,14.84,3.8,56,1046,lewis,-121.920648,46.466433
Yes,2019,38,62,78,15,7.02,2497,10.67,2.28,15.61,5.73,25,795,pacific,-123.804691,46.334738
Yes,2019,101,-6,-99,24,6.59,2201,10.13,1.59,15.05,5.23,24,745,pacific,-123.742355,46.787082
Yes,2019,276,72,68,38,5.69,2045,9.81,0.11,15.2,4.43,27,894,pacific,-123.37242,46.690341
Yes,2019,126,26,-96,64,5.72,2220,10.09,0.57,15.84,4.34,23,938,pacific,-123.520357,46.689658
Yes,2019,276,87,48,48,5.62,2023,9.76,-0.34,15.11,4.4,32,912,pacific,-123.378612,46.539339
Yes,2021,222,-84,54,59,5.52,2492,9.28,0.68,14.37,4.2,27,741,pacific,-123.811287,46.588263
Yes,2019,37,-78,61,21,7.51,2072,10.52,3.05,14.64,6.4,29,630,pacific,-123.882302,46.496743
Yes,2019,440,98,16,12,4.23,2654,8.92,-1.51,14.19,3.66,64,968,skamania,-122.189178,45.950133
Yes,2019,802,-91,-41,129,1.93,1896,7,-3.29,12.15,1.86,66,940,skamania,-121.709402,46.363438
Yes,2019,713,-80,-59,31,3.36,3417,8.45,-1.42,12.98,3.93,114,858,skamania,-122.218165,46.119162
Yes,2019,558,84,52,39,3.81,2377,8.85,-1.84,13.95,3.76,105,976,skamania,-121.982245,45.851109
Yes,2019,879,-55,82,119,2.36,2986,6.83,-2.35,11.13,2.53,106,728,skamania,-122.118993,45.801366
Yes,2019,801,-60,-79,88,2.75,2879,7.72,-2.09,12.1,3.33,124,796,skamania,-121.992304,45.69915
Yes,2019,900,49,-86,31,1.78,3259,7.37,-2.81,12.16,2.59,125,872,skamania,-121.802893,45.823367
Yes,2019,1310,-98,17,13,-0.44,1760,4.67,-5.25,9.74,-0.41,75,815,skamania,-121.543538,46.334105
No,2019,2,-70,70,1,7.01,2395,10.87,2.28,15.92,5.81,29,837,wahkiakum,-123.640003,46.328066
Yes,2019,428,-53,-84,54,5.57,2711,9.47,0.72,14.26,4.69,44,784,wahkiakum,-123.377344,46.341967
Yes,2019,386,12,99,78,5.93,3068,9.61,1.08,14.19,5.03,42,738,wahkiakum,-123.490088,46.378061
Yes,2019,346,-99,13,46,6.01,2602,9.88,1.07,14.68,5.09,44,825,wahkiakum,-123.303087,46.345849
Yes,2019,1055,99,7,120,-0.29,614,7.58,-3.76,12.13,3.04,252,1032,chelan,-120.348964,47.542298
Yes,2019,1010,94,33,103,0.33,1018,7.4,-5.03,12.69,2.11,170,1138,chelan,-120.814384,47.580766
Yes,2019,869,98,17,70,0.91,811,7.61,-5.35,13.21,2,143,1170,chelan,-120.661539,47.383389
Yes,2019,1218,-11,99,34,-0.59,2267,5.27,-5.31,9.82,0.72,123,780,chelan,-121.126505,47.854844
Yes,2019,1290,94,31,148,-1.42,737,6.43,-5.75,11.19,1.67,216,997,chelan,-120.24163,47.935576
Yes,2019,1162,78,-61,185,-1.45,840,6.74,-6.11,11.46,2.01,236,1045,chelan,-120.459237,48.183913
Yes,2019,1306,-99,-2,95,-1.8,1031,5.3,-6.35,9.95,0.65,209,841,chelan,-120.544216,47.748763
Yes,2019,729,1,-99,157,0.86,790,8.74,-5.48,14.57,2.91,187,1358,chelan,-120.704483,47.550903
Yes,2019,1731,-91,-40,126,-3.53,2100,2.86,-7.05,7.27,-1.56,127,646,chelan,-120.800683,48.049098
No,2019,805,98,-14,67,0.61,486,9.03,-5.65,14.85,3.23,230,1385,chelan,-120.411725,47.746949
Yes,2019,666,-5,99,93,0.93,651,9.06,-5.54,14.86,3.25,214,1383,chelan,-120.56358,47.599603
No,2019,595,76,64,57,1.53,322,10.24,-4.63,15.96,4.51,266,1543,chelan,-120.34564,47.404808
Yes,2019,739,70,-70,109,0.92,626,8.97,-5.65,14.69,3.25,216,1378,chelan,-120.49214,47.422848
Yes,2019,1635,73,-67,102,-2.2,1307,4.42,-6.35,8.97,-0.12,153,750,chelan,-120.79138,47.857897
No,2019,513,59,80,58,1.81,339,10.18,-4.65,15.76,4.6,266,1482,chelan,-120.129786,47.290669
No,2019,2189,-83,-55,116,-6.08,2542,-0.23,-9.6,3.95,-4.42,100,482,chelan,-120.978342,48.050694
No,2019,766,27,-96,20,-0.21,309,8.25,-6.17,13.76,2.74,246,1323,douglas,-119.802069,47.888867
No,2019,667,99,0,89,0.79,318,9.1,-5.52,14.62,3.58,243,1370,douglas,-119.986622,47.425588
No,2019,556,-91,-39,9,1.12,243,9.52,-5.4,15.56,3.48,225,1492,douglas,-119.628116,47.45039
No,2019,556,61,-78,17,1.07,256,9.36,-5.65,15.16,3.56,230,1446,douglas,-119.80905,47.480068
No,2019,657,-99,11,10,0.6,289,8.67,-6.21,14.6,2.74,200,1373,douglas,-119.555238,47.661447
No,2019,662,42,90,49,0.57,282,8.82,-6.13,14.74,2.9,210,1403,douglas,-119.652738,47.612679
No,2019,694,11,99,3,0.59,291,8.47,-6.46,14.33,2.61,193,1334,douglas,-119.476662,47.659184
No,2019,685,31,94,8,0.61,296,8.63,-6.15,14.49,2.78,199,1368,douglas,-119.341054,47.959473
No,2019,676,-94,-31,5,0.36,286,8.58,-6.23,14.76,2.4,191,1403,douglas,-119.328982,47.79781
No,2019,907,-11,99,13,-0.48,336,7.88,-5.67,12.94,2.82,265,1205,douglas,-120.154746,47.456515
No,2019,713,-83,55,6,0.03,292,8.22,-6.88,14.23,2.2,197,1352,douglas,-119.679528,47.778559
No,2019,808,3,99,30,1.15,428,8.51,-4.52,14.3,2.73,173,1250,kittitas,-120.609058,46.884133
No,2019,468,-85,-51,2,2.04,228,9.18,-5.38,15.9,2.46,123,1360,kittitas,-120.431042,46.947599
No,2019,822,-18,-98,23,0.76,409,8.09,-4.92,14.07,2.1,160,1279,kittitas,-120.457718,47.118499
No,2019,1178,-19,-97,59,-0.13,766,6.06,-5.71,11.05,1.07,164,930,kittitas,-120.302416,47.119498
No,2019,798,58,80,26,0.69,294,7.97,-5.57,14.41,1.54,137,1292,kittitas,-120.255484,46.914958
No,2019,716,76,-64,47,0.68,353,8.86,-5.26,14.13,3.6,255,1294,kittitas,-120.109328,47.145167
Yes,2019,1163,79,-60,45,-0.08,1569,5.36,-5.32,9.86,0.87,134,764,kittitas,-121.030129,47.363556
Yes,2019,647,-89,-44,5,2.05,650,7.74,-4.71,13.44,2.04,88,1073,kittitas,-120.99381,47.191249
Yes,2019,1589,86,49,48,-1.98,692,4.66,-6.23,9.1,0.22,218,720,kittitas,-120.30232,47.247393
Yes,2019,1599,-88,45,75,-2.45,858,3.93,-7.18,8.88,-1,190,758,kittitas,-120.498308,47.29537
Yes,2019,776,-83,-54,43,1.28,865,7.43,-5.01,12.92,1.95,119,1101,kittitas,-120.828807,47.256586
No,2019,564,98,15,18,2.28,260,8.88,-4.98,15.01,2.73,140,1284,kittitas,-120.627318,47.061098
Yes,2019,1019,96,27,24,-0.01,1651,5.5,-5.62,10.41,0.59,112,851,kittitas,-121.066021,47.511904
Yes,2019,1599,-93,36,114,-2.72,1496,3.34,-6.57,8.17,-1.49,146,686,kittitas,-120.854018,47.40509
No,2019,984,-73,67,95,0.86,694,7.56,-5.02,12.82,2.29,171,1111,kittitas,-120.283088,47.084834
No,2019,144,-72,68,37,3.45,225,11.72,-1.76,18.18,5.26,195,1705,klickitat,-119.917206,45.844014
Yes,2019,655,-50,86,41,2.34,426,9.59,-2.81,15.32,3.86,201,1293,klickitat,-120.586529,45.788441
Yes,2019,496,-52,-85,43,2.56,735,9.31,-2.93,15.91,2.7,114,1351,klickitat,-121.163206,46.043687
Yes,2019,662,94,-31,5,1.84,429,8.74,-3.71,15.32,2.16,132,1308,klickitat,-120.798456,45.884047
Yes,2019,693,-94,-33,13,1.85,495,8.72,-3.73,15.24,2.21,139,1277,klickitat,-120.724881,45.886844
Yes,2019,928,31,94,44,1.62,489,8.01,-4.23,14.06,1.95,115,1149,klickitat,-120.946115,45.935663
No,2019,649,-7,-99,98,2.48,435,9.41,-2.93,15.18,3.64,175,1271,klickitat,-120.76272,45.73364
Yes,2019,702,-9,-99,6,1.94,697,8.48,-3.49,14.08,2.88,159,1127,klickitat,-121.150839,45.88117
No,2019,527,-60,-79,8,2.79,397,9.83,-2.67,16.05,3.6,159,1380,klickitat,-120.942954,45.767399
No,2019,627,-93,36,23,2.6,520,9.68,-2.39,15.39,3.98,190,1291,klickitat,-121.081239,45.733119
Yes,2019,1569,37,-92,62,-3.32,593,4.51,-6.87,9.2,-0.19,195,836,okanogan,-119.81759,48.429277
No,2019,398,-88,-47,6,0.84,332,9.47,-6.02,15.89,3.06,218,1576,okanogan,-119.584461,48.468308
Yes,2019,1651,-99,-14,57,-3.88,1519,2.61,-8.55,7.42,-2.2,106,684,okanogan,-120.427299,48.922668
Yes,2019,916,-95,28,31,-1.14,462,7.23,-7.23,12.92,1.54,211,1252,okanogan,-119.937406,48.276134
No,2019,731,-22,-97,45,0.11,386,8.86,-5.85,14.46,3.26,270,1393,okanogan,-119.892715,48.128591
Yes,2019,1882,99,-10,178,-3.3,1190,2.97,-7.5,7.38,-1.43,125,659,okanogan,-120.592045,48.58603
No,2019,371,70,-70,6,0.86,292,9.69,-5.92,16.15,3.22,231,1652,okanogan,-119.743861,48.126905
No,2019,439,-20,97,49,0.55,323,9.58,-5.75,16.05,3.12,229,1630,okanogan,-119.582663,48.322209
Yes,2019,2083,-64,-76,40,-4.28,775,1.98,-8.88,6.7,-2.72,111,604,okanogan,-119.989268,48.768351
No,2019,365,-74,-66,98,0.47,327,9.88,-5.37,16.26,3.51,253,1668,okanogan,-119.366112,48.273646
Yes,2019,780,43,90,73,-0.95,414,7.59,-7.73,13.59,1.59,217,1330,okanogan,-119.506813,48.931169
Yes,2019,721,47,88,52,-0.14,351,8.39,-6.69,14.3,2.47,225,1395,okanogan,-119.427086,48.614879
Yes,2019,984,-2,99,38,-1.5,562,6.67,-7.04,12.79,0.55,153,1239,okanogan,-120.308386,48.330935
Yes,2019,1334,97,-21,85,-1.53,446,5.29,-8.27,10.3,0.28,178,898,okanogan,-118.959848,48.98329
Yes,2019,1235,-42,-90,35,-1.32,498,6.16,-7.53,11.25,1.07,209,1040,okanogan,-118.881219,48.543259
Yes,2019,1056,17,98,21,-1.53,414,5.91,-8.77,11.89,-0.06,171,1138,okanogan,-119.25161,48.494652
No,2019,666,-70,-71,66,-0.1,366,8.35,-6.44,13.93,2.78,242,1339,okanogan,-119.426097,48.446766
Yes,2019,1180,-45,-88,45,-2.13,483,5.16,-9.31,11.07,-0.76,163,1077,okanogan,-119.089818,48.475798
Yes,2019,1279,69,-72,49,-1.74,492,5.3,-9.32,11.31,-0.72,149,1082,okanogan,-118.910456,48.686661
No,2019,1015,-45,89,20,-1.37,414,6.06,-8.55,11.72,0.39,188,1131,okanogan,-119.257685,48.809943
Yes,2019,1640,-55,83,203,-2.55,1138,4.47,-7.53,9.08,-0.13,154,827,okanogan,-120.528458,48.387522
Yes,2019,1218,-43,90,33,-1.32,463,5.19,-9.18,11.02,-0.64,129,1028,okanogan,-118.930681,48.827949
Yes,2019,1683,68,-73,62,-2.87,564,4.01,-8.5,8.72,-0.69,185,791,okanogan,-119.085045,48.791493
Yes,2019,1532,85,52,42,-3.45,705,4.39,-7.65,9.51,-0.72,167,917,okanogan,-120.304837,48.28309
Yes,2019,784,69,72,43,-0.68,520,8.31,-6.11,13.9,2.72,268,1371,okanogan,-120.095986,48.080973
Yes,2019,1005,-45,-89,30,-1.42,390,5.98,-8.8,12.14,-0.17,153,1177,okanogan,-119.086808,48.617538
Yes,2019,1797,-99,12,100,-3.92,677,2.77,-9.92,8.15,-2.62,100,800,okanogan,-120.046733,48.917554
Yes,2019,2087,80,-59,66,-4.38,844,1.61,-9.55,6.35,-3.13,97,599,okanogan,-120.200143,48.872075
No,2019,1351,73,-67,74,-1.1,494,5.89,-7.15,10.46,1.33,216,932,okanogan,-118.855599,48.358787
Yes,2019,1341,-61,79,76,-2.27,557,5.48,-7.58,10.74,0.22,186,1031,okanogan,-119.966022,48.444231
No,2019,446,68,-72,46,0.55,318,9.39,-6.17,15.78,3.01,224,1597,okanogan,-119.738263,48.278869
No,2019,659,80,59,17,0.3,349,8.89,-6,14.63,3.14,235,1420,okanogan,-119.588168,48.270054
No,2019,471,98,16,34,0.77,340,9.26,-6.17,15.43,3.09,218,1484,okanogan,-119.492728,48.760007
No,2019,419,93,-35,62,1.1,325,9.91,-5.42,15.83,4,263,1578,okanogan,-119.899969,47.987282
No,2019,684,13,99,23,-0.14,344,7.95,-7.09,14.16,1.73,192,1350,okanogan,-119.279075,48.654209
No,2019,1510,-54,-83,114,-2.89,535,4.62,-7.02,9.25,-0.02,190,816,okanogan,-119.803356,48.572492
No,2019,743,-88,-46,11,0.36,327,8.65,-5.98,14.12,3.18,237,1347,okanogan,-119.371695,48.120938
Yes,2019,880,48,87,20,1.85,757,7.5,-4.5,13.99,1.02,41,1163,yakima,-121.00831,46.081169
Yes,2019,1606,95,30,37,-1.05,1401,4.14,-6,8.57,-0.28,123,665,yakima,-121.383529,46.394395
No,2019,204,-70,-70,1,2.04,189,10.76,-3.38,18.01,3.5,209,1744,yakima,-120.15308,46.274595
No,2019,1045,0,0,0,-0.09,1224,5.35,-8.02,11.8,-1.1,38,1041,yakima,-121.312153,46.847839
No,2019,229,0,-100,1,2.29,185,10.73,-3.32,17.85,3.63,184,1686,yakima,-119.987808,46.324989
No,2019,753,4,-99,16,1.27,381,8.25,-4.9,14.36,2.13,166,1261,yakima,-120.878641,46.551307
No,2019,287,14,-98,7,2.11,217,10.7,-4,17.84,3.56,199,1704,yakima,-120.700971,46.443078
No,2019,874,-35,-93,49,0.65,464,8.6,-4.21,14.24,2.95,264,1294,yakima,-120.464706,46.088435
No,2019,659,90,42,28,2.09,291,10,-3.3,15.75,4.25,244,1405,yakima,-120.125165,46.112372
Yes,2019,1429,52,-85,34,-0.49,978,5.42,-4.92,9.78,1.06,174,755,yakima,-121.358168,46.221118
Yes,2019,681,74,-66,138,0.9,436,7.83,-5.71,14.3,1.36,138,1295,yakima,-120.92452,46.694424
No,2019,456,70,-70,6,1.91,290,9.81,-4.32,16.57,3.04,182,1524,yakima,-120.877712,46.381596
Yes,2019,934,56,-82,20,1.16,1075,7.26,-3.84,12.58,1.95,125,949,yakima,-121.349585,46.079555
No,2019,516,-25,-96,12,1.52,257,9.47,-4.71,16.12,2.83,195,1491,yakima,-120.72045,46.603441
No,2019,421,89,-43,23,2.39,204,10.52,-3.45,16.89,4.16,246,1548,yakima,-120.175627,46.434641
Yes,2019,1863,69,-71,24,-2.67,1484,3.36,-6.46,7.86,-1.14,169,621,yakima,-121.095096,46.720628
Yes,2019,1237,95,31,38,0.54,1438,5.4,-5.34,10.47,0.33,75,834,yakima,-121.315375,46.826189
Yes,2019,1678,52,85,32,-2.02,1574,3.31,-6.41,7.85,-1.23,131,589,yakima,-121.247167,46.674515
Yes,2019,1350,19,-98,9,-0.62,1613,4.88,-5.3,9.42,0.35,133,771,yakima,-121.130764,46.896947
No,2019,256,-70,70,1,2.06,194,10.83,-3.79,17.86,3.8,210,1734,yakima,-120.531232,46.410071
No,2019,380,91,-41,4,2.08,247,10.25,-4.15,17.32,3.17,174,1627,yakima,-120.806422,46.338725
Yes,2019,938,38,92,26,0.96,594,8.48,-4.21,13.98,2.98,210,1208,yakima,-120.868495,46.239421
No,2019,492,-66,74,46,2.73,230,10.9,-2.91,16.72,5.08,276,1525,yakima,-120.334726,46.289391
No,2019,629,14,-98,17,2.07,276,10,-3.42,15.96,4.05,252,1439,yakima,-120.307543,46.1385
No,2019,745,-22,97,81,1.16,225,9.22,-4.54,15.51,2.93,217,1452,yakima,-120.0121,46.490226
No,2019,472,70,-70,7,2.17,348,10.02,-3.44,16.73,3.32,148,1562,adams,-118.147305,46.878877
No,2019,608,40,91,16,1.52,340,8.88,-4.56,15.37,2.39,133,1413,adams,-118.181099,47.203834
No,2019,503,49,-86,12,1.92,323,9.63,-3.89,16.35,2.91,136,1514,adams,-118.163652,47.04386
No,2019,392,-98,-15,5,2.21,229,9.98,-3.97,16.4,3.56,173,1500,adams,-119.018317,46.875872
No,2019,380,-25,96,15,2.76,306,10.9,-2.71,17.54,4.26,179,1656,adams,-118.30366,46.74781
No,2019,565,80,59,11,1.69,301,9.24,-4.33,15.84,2.65,138,1466,adams,-118.343693,47.069563
No,2019,586,99,9,5,1.54,308,8.96,-4.6,15.5,2.42,133,1432,adams,-118.355273,47.238647
No,2019,520,70,-70,13,1.9,366,9.58,-3.77,16.29,2.86,134,1503,adams,-117.997569,47.091383
No,2019,294,-44,89,1,2.36,203,10.55,-3.59,17.07,4.03,196,1609,adams,-119.195076,46.820782
No,2019,584,13,-99,15,1.58,291,8.99,-4.56,15.59,2.39,127,1441,adams,-118.529223,47.186876
No,2019,223,31,-94,3,2.75,189,11.28,-3.26,17.85,4.72,219,1726,adams,-119.363832,46.852673
No,2019,538,-40,-91,17,2.1,383,9.85,-3.35,16.4,3.3,141,1500,adams,-117.975158,46.926585
No,2019,494,0,-100,12,1.98,297,9.67,-3.91,16.32,3.02,142,1520,adams,-118.321768,46.910493
Yes,2019,1154,-61,79,31,-0.45,510,7.6,-4.69,13.13,2.07,211,1140,asotin,-117.203085,46.133723
Yes,2019,1235,-62,-78,91,-0.44,636,7.44,-4.46,12.4,2.49,257,1049,asotin,-117.366325,46.108072
No,2019,1065,70,70,5,0.38,441,8.37,-4.04,13.97,2.78,208,1228,asotin,-117.02657,46.102547
Yes,2019,1020,50,86,74,0.32,468,8.94,-3.26,14.17,3.71,317,1222,asotin,-117.389061,46.256171
No,2019,231,-82,-56,6,3.21,229,11.46,-1.92,17.95,4.97,187,1667,benton,-119.420392,45.995688
No,2019,466,-99,-12,5,2.85,251,10.42,-3.1,16.32,4.5,184,1455,benton,-119.447775,46.160649
No,2019,344,-38,92,37,3.25,269,11.1,-2.14,17.07,5.13,204,1528,benton,-119.076656,46.00958
No,2019,610,-17,98,43,2.3,259,10.24,-3.25,16.04,4.44,238,1459,benton,-119.830257,46.463455
No,2019,575,-2,-99,9,2.1,267,9.97,-3.41,15.81,4.12,221,1425,benton,-119.642657,46.348082
No,2019,114,70,70,2,3.55,210,12.29,-1.67,18.73,5.86,242,1803,benton,-119.099937,46.178465
No,2019,150,81,58,4,2.82,207,12.19,-2.66,18.69,5.69,304,1956,benton,-119.51257,46.64123
No,2019,392,-33,-94,11,2.99,246,10.76,-2.54,16.84,4.68,191,1509,benton,-119.252018,46.046583
No,2019,171,100,0,7,2.85,213,11.8,-2.49,18.44,5.15,252,1870,benton,-119.494782,46.474498
No,2019,196,70,70,2,2.75,207,12.09,-2.71,18.55,5.63,310,1923,benton,-119.669268,46.51402
No,2019,315,51,85,17,2.93,234,11.23,-2.56,17.3,5.17,257,1697,benton,-119.589349,46.436382
No,2019,331,20,97,144,2.24,223,10.69,-3.09,16.74,4.64,267,1645,benton,-119.858762,46.620802
Yes,2019,1278,-78,61,157,-0.01,1288,7.84,-3.9,12.61,3.06,266,1018,columbia,-117.870526,46.12921
No,2019,603,97,-23,76,2.22,502,10.34,-2.13,15.54,5.15,263,1349,columbia,-117.746093,46.404004
Yes,2019,1181,70,-70,89,-0.08,781,7.75,-4.38,12.95,2.55,235,1069,columbia,-117.733244,46.079357
No,2019,563,2,99,17,2.88,484,10.8,-1.96,16.32,5.28,243,1422,columbia,-118.100899,46.244586
No,2019,597,-96,-27,24,2.44,493,10.76,-2.07,16.11,5.41,261,1397,columbia,-118.089646,46.388361
No,2019,1285,97,23,122,0.22,994,7.98,-3.8,12.81,3.16,263,1050,columbia,-117.710362,46.250745
No,2019,235,-65,75,86,3.58,333,12.16,-1.06,18.32,6,244,1728,columbia,-118.103641,46.557813
No,2019,567,-98,-14,5,2.14,592,10.36,-2.65,16.25,4.47,223,1431,columbia,-117.90892,46.28295
No,2019,580,64,76,43,2.67,535,10.59,-2,15.95,5.23,249,1376,columbia,-118.05082,46.230442
Yes,2019,1380,-99,9,79,-1.47,568,5.48,-7.69,10.23,0.73,193,895,ferry,-118.69742,48.93462
Yes,2019,527,100,0,30,1.32,292,9.62,-4.71,15.76,3.48,215,1521,ferry,-118.715203,47.965003
Yes,2019,1081,-96,-27,47,0.54,532,8.07,-5.1,12.55,3.59,279,1121,ferry,-118.311377,48.174588
Yes,2019,967,-9,-99,26,0.39,542,7.26,-6.23,12.81,1.71,169,1188,ferry,-118.194717,48.711303
Yes,2019,783,79,60,67,0.66,481,8.46,-5.15,13.94,2.97,212,1284,ferry,-118.48237,48.053205
Yes,2019,726,15,98,101,0.39,445,7.72,-6.71,14.53,0.91,112,1392,ferry,-118.733517,48.478717
Yes,2019,423,-93,-36,7,1.49,522,8.64,-5.5,14.96,2.32,134,1391,stevens,-118.213153,48.877811
No,2019,755,0,-100,2,0.36,388,7.83,-6.71,14.52,1.14,126,1389,okanogan,-118.848417,48.184152
Yes,2019,848,-13,-99,44,0.56,456,8.23,-5.11,13.25,3.21,231,1202,ferry,-118.509589,47.96383
Yes,2019,604,-90,41,59,0.99,300,9,-5.33,14.94,3.05,206,1428,ferry,-118.651708,47.965825
Yes,2019,792,-98,18,93,1.31,376,8.99,-4.88,14.66,3.33,198,1355,ferry,-118.429083,47.864073
No,2021,839,53,84,63,-0.08,474,6.54,-8.06,13.32,-0.24,83,1258,ferry,-118.765542,48.647012
Yes,2019,1577,13,99,45,-1.75,638,5.09,-7.92,9.84,0.34,188,903,ferry,-118.548734,48.446114
Yes,2019,1174,-35,93,72,-0.21,612,6.24,-7.25,11.08,1.41,180,971,ferry,-118.40162,48.992269
Yes,2019,834,-22,97,63,0.4,550,7.89,-5.42,13.08,2.69,222,1188,ferry,-118.49455,48.204861
Yes,2019,1011,25,-96,30,0.46,405,7.72,-6.48,13.18,2.25,191,1208,ferry,-118.721179,48.318255
Yes,2019,566,93,-35,6,0.55,480,7.65,-7.25,14.34,0.96,99,1346,ferry,-118.773533,48.964942
Yes,2019,1364,-87,-47,72,-1.36,630,5.28,-7.38,9.87,0.7,195,889,ferry,-118.517364,48.362743
No,2019,366,-93,34,15,2.53,264,10.56,-3.16,17.22,3.9,190,1656,franklin,-118.801663,46.519858
No,2019,260,-51,85,6,3.16,263,11.31,-2.25,17.79,4.83,234,1717,franklin,-118.780643,46.358253
No,2019,178,-90,-42,6,3.13,235,11.57,-2.32,18.22,4.92,221,1775,franklin,-118.960312,46.384987
No,2019,263,99,-1,46,2.64,214,10.91,-2.99,17.38,4.44,204,1627,franklin,-119.160435,46.658954
No,2019,240,-70,70,22,2.69,232,10.94,-2.87,17.56,4.33,197,1675,franklin,-118.976516,46.550708
No,2019,349,-68,72,20,2.54,231,10.52,-3.27,17.14,3.89,171,1621,franklin,-118.818908,46.68544
No,2019,403,-49,87,9,2.79,279,10.9,-2.59,16.94,4.87,228,1549,franklin,-118.623288,46.566625
No,2019,275,-89,44,2,2.64,208,10.87,-3.17,17.28,4.46,211,1630,franklin,-119.342079,46.692924
No,2019,425,97,21,33,2.61,287,10.51,-3.19,16.94,4.07,177,1581,franklin,-118.474035,46.703356
No,2019,531,-31,-94,20,2.83,458,11.36,-1.41,16.96,5.76,256,1549,garfield,-117.589445,46.613366
Yes,2019,1365,67,73,109,-0.58,989,6.92,-4.6,11.51,2.34,263,922,garfield,-117.572527,46.286703
Yes,2019,1735,-45,-89,133,-1.36,978,5.07,-6.03,9.85,0.3,196,797,garfield,-117.549103,46.13618
No,2019,744,-96,-26,45,2,477,10.05,-2.32,15.45,4.65,245,1344,garfield,-117.575395,46.45801
No,2019,345,24,97,15,2.21,186,10.38,-4.21,16.65,4.11,217,1562,grant,-119.559433,46.962255
No,2019,346,97,-24,9,2.11,214,10.27,-4.08,16.74,3.79,195,1592,grant,-119.208308,46.985496
No,2019,692,-14,-98,72,0.73,219,9.06,-4.79,15.11,3.01,235,1427,grant,-119.533896,46.802172
No,2019,206,99,-2,32,2.57,193,11.84,-3.23,18.41,5.26,277,1904,grant,-119.684105,46.674549
No,2019,371,94,31,2,1.8,190,10.21,-4.73,16.63,3.79,216,1595,grant,-119.760515,47.157272
No,2019,476,-28,95,6,1.57,240,9.68,-4.61,16.29,3.07,173,1566,grant,-119.08407,47.360853
No,2019,371,-70,70,1,2.06,220,10.11,-4.05,16.57,3.66,190,1550,grant,-119.040501,47.035581
No,2019,445,-96,-27,19,2,229,10.35,-4.44,15.88,4.82,277,1480,grant,-119.950781,47.265929
No,2019,724,20,-97,29,0.54,256,8.55,-6.01,14.19,2.93,218,1318,grant,-119.784441,47.319686
No,2019,468,-85,-51,3,1.73,230,9.74,-4.25,16.21,3.26,179,1528,grant,-119.065145,47.204484
No,2019,542,70,-70,5,1.32,258,9.38,-5.04,15.83,2.94,183,1515,grant,-119.104718,47.526122
No,2019,479,-55,83,4,1.34,269,9.83,-4.81,16.12,3.53,209,1563,grant,-119.148804,47.848478
No,2019,533,98,-14,11,1.36,241,9.67,-5.03,15.92,3.41,205,1535,grant,-119.26928,47.468117
No,2019,479,0,0,0,1.29,243,9.83,-4.79,16.15,3.51,213,1561,grant,-119.295137,47.631562
No,2019,588,-4,99,13,0.97,243,9.22,-5.71,15.26,3.18,218,1468,grant,-119.457047,47.502393
No,2019,622,14,-98,2,1.34,299,8.72,-4.92,15.17,2.28,135,1406,lincoln,-118.576755,47.508918
No,2019,660,98,16,8,1.04,298,8.39,-5.5,14.91,1.87,129,1402,lincoln,-118.779092,47.700963
No,2019,798,49,86,25,1.61,455,8.23,-4.98,13.73,2.74,154,1214,lincoln,-117.89405,47.709463
No,2019,677,-43,-89,18,1.22,317,8.3,-5.46,14.82,1.79,112,1367,lincoln,-118.598854,47.668654
No,2019,668,-44,89,27,1.43,333,8.44,-5.13,14.72,2.15,127,1337,lincoln,-118.405843,47.559196
No,2019,499,-81,58,17,1.39,269,9.56,-4.88,15.97,3.15,190,1530,lincoln,-118.949222,47.653394
No,2019,714,44,-89,3,1.08,354,8.24,-5.35,14.34,2.14,144,1316,lincoln,-118.407211,47.712836
No,2019,624,-73,68,13,1.48,313,8.75,-4.76,15.11,2.39,141,1385,lincoln,-118.383782,47.394505
No,2019,574,-70,70,1,1.36,283,8.96,-4.9,15.45,2.46,147,1451,lincoln,-118.747687,47.545547
No,2019,522,31,-94,6,1.48,255,9.49,-4.65,16.04,2.94,166,1527,lincoln,-118.927092,47.484795
Yes,2019,1627,-91,40,58,-0.9,1314,4.23,-7.02,8.5,-0.03,138,720,pend_oreille,-117.310455,48.721756
Yes,2019,708,98,-16,4,1.59,700,7.73,-5.42,14.01,1.45,68,1245,pend_oreille,-117.055558,48.0913
Yes,2019,1542,-38,-92,69,-2.49,1456,2.46,-9.77,7.72,-2.8,86,720,pend_oreille,-117.137346,48.754704
Yes,2019,1280,-98,-19,47,-0.49,955,5.39,-7.39,10.51,0.28,148,920,pend_oreille,-117.469102,48.57784
Yes,2019,900,64,76,94,0.39,930,6.36,-7.06,12.94,-0.23,67,1143,pend_oreille,-117.061701,48.444917
Yes,2019,956,92,39,25,0.27,735,5.86,-7.42,12.5,-0.78,50,1095,pend_oreille,-117.492427,48.750642
Yes,2019,627,-89,-44,4,1.46,661,7.81,-5.51,14.54,1.09,66,1317,pend_oreille,-117.204096,48.236864
Yes,2021,943,-91,40,68,0.28,779,6.28,-7.25,12.93,-0.36,79,1138,pend_oreille,-117.254655,48.570846
No,2019,627,-75,-65,31,1.1,682,7.42,-6.35,14.12,0.72,82,1252,pend_oreille,-117.276587,48.389449
Yes,2019,998,92,37,52,-0.07,868,5.42,-7.77,11.89,-1.04,60,1027,pend_oreille,-117.105855,48.595214
Yes,2019,952,80,-59,23,0.61,823,6.35,-7.18,13.16,-0.45,43,1186,pend_oreille,-117.426755,48.283294
Yes,2019,779,64,-76,36,0.94,707,7.39,-6.21,13.85,0.94,84,1245,pend_oreille,-117.434476,48.08939
Yes,2019,964,-72,-69,73,0.51,833,6.42,-7,12.76,0.08,77,1124,pend_oreille,-117.288925,48.862409
Yes,2019,1054,88,-45,43,0.13,896,5.62,-7.8,12.46,-1.22,51,1103,pend_oreille,-117.411257,48.428092
Yes,2019,904,-84,-52,28,1.88,884,8.21,-4.48,13.34,3.08,165,1160,spokane,-117.188625,47.894246
No,2019,568,38,-92,15,1.84,511,8.57,-4.92,15.27,1.87,79,1372,spokane,-117.349181,47.942181
No,2019,702,19,-98,28,1.79,469,8.71,-4.02,15.03,2.38,107,1333,spokane,-117.345235,47.274823
Yes,2019,834,-44,-89,28,1.61,627,8.07,-4.71,13.79,2.38,126,1225,spokane,-117.172795,47.574271
No,2019,743,-37,92,22,1.31,456,8.09,-4.88,14.38,1.81,98,1291,spokane,-117.689755,47.432988
Yes,2021,659,-58,81,23,1.87,573,8.51,-4.48,14.34,2.67,133,1265,spokane,-117.220354,47.742636
No,2019,819,90,-42,23,1.66,589,8.18,-4.33,14.16,2.2,100,1242,spokane,-117.135834,47.408524
No,2019,644,-89,-44,8,1.69,442,8.81,-4.19,15.28,2.33,114,1376,spokane,-117.672301,47.266929
No,2019,738,0,100,5,1.67,452,8.26,-4.96,14.12,2.39,125,1250,spokane,-117.709483,47.587907
Yes,2019,670,-39,-91,18,1.54,683,8.05,-5.33,14.59,1.51,79,1308,spokane,-117.27225,48.038084
No,2019,647,94,-31,1,1.64,425,8.78,-4.26,15.16,2.4,122,1368,spokane,-117.802768,47.261585
Yes,2021,592,80,-59,20,1.63,672,8.07,-5.19,13.91,2.23,114,1213,stevens,-117.882509,48.881203
Yes,2019,705,91,39,48,1.3,414,9.14,-4.9,14.96,3.33,204,1408,stevens,-118.311675,48.008792
Yes,2019,693,62,77,36,1.23,466,8.93,-4.75,14.72,3.14,197,1391,stevens,-118.07923,47.903153
Yes,2021,613,-94,31,16,1.57,521,8.18,-5.52,14.95,1.44,58,1351,stevens,-117.74994,48.06902
Yes,2019,1453,-99,-6,52,-1.1,813,4.78,-8,9.85,-0.29,148,852,stevens,-117.514364,48.921985
Yes,2019,1215,-98,17,69,-0.54,654,6.48,-6.73,11.25,1.72,223,1015,stevens,-117.984589,48.363177
Yes,2019,1308,57,82,91,-0.58,752,5.5,-7.34,10.38,0.62,170,892,stevens,-117.834516,48.733259
No,2019,606,-99,3,33,1.29,576,8.09,-5.76,14.44,1.75,106,1299,stevens,-117.946773,48.732669
Yes,2019,739,-44,89,3,1.46,478,8.9,-4.57,14.54,3.26,186,1334,stevens,-117.913521,47.86199
Yes,2019,739,99,-3,14,1.31,562,7.83,-5.89,14.27,1.39,90,1290,stevens,-117.944671,48.053418
Yes,2019,1172,76,-64,115,-0.3,671,6.65,-6.42,11.67,1.64,204,1057,stevens,-118.001357,48.517688
Yes,2019,390,0,0,0,2.14,434,9.54,-4.19,16.12,2.95,119,1515,stevens,-118.176566,48.387255
Yes,2021,651,-87,-48,33,1.23,561,8.02,-5.84,14.86,1.21,80,1363,stevens,-117.793979,48.238885
Yes,2019,1324,-68,72,55,-0.35,616,6.16,-6.73,10.9,1.41,191,964,stevens,-117.937351,48.188012
Yes,2019,955,-75,-65,107,0.24,584,7.9,-5.4,12.97,2.83,243,1176,stevens,-118.091268,48.047575
Yes,2019,896,-85,-51,29,0.9,670,8.02,-5.23,13.56,2.49,169,1232,stevens,-117.731036,47.916308
Yes,2019,945,-84,52,49,0.61,604,6.94,-6.25,12.42,1.47,138,1119,stevens,-118.029215,48.828124
Yes,2019,770,-83,55,86,1.21,480,8.8,-5.01,14.55,3.05,193,1341,stevens,-118.131253,48.214346
No,2019,480,-95,29,26,3.07,596,10.91,-1.89,16.71,5.1,249,1495,walla_walla,-118.196987,46.089455
No,2019,374,-96,27,14,3.38,495,11.49,-1.65,17.47,5.51,261,1597,walla_walla,-118.254718,46.03175
No,2019,485,-77,63,33,3.01,462,10.96,-1.94,16.55,5.37,250,1475,walla_walla,-118.241882,46.261357
Yes,2019,949,62,78,94,1.26,1168,9.03,-3.15,14.19,3.89,240,1168,walla_walla,-118.058185,46.090509
No,2019,545,93,-34,56,2.69,448,10.79,-2.24,16.42,5.17,246,1463,walla_walla,-118.265368,46.424395
No,2019,104,0,0,0,4.01,239,12.31,-1.19,18.47,6.16,229,1719,walla_walla,-118.912894,46.069746
No,2019,286,51,85,4,3.05,320,11.13,-2.19,17.6,4.66,206,1660,walla_walla,-118.75765,46.193994000000004
No,2019,147,-44,89,1,3.79,292,11.97,-1.56,18.37,5.57,206,1705,walla_walla,-118.727408,46.031878
No,2019,329,80,59,64,2.99,308,11.37,-2.31,17.87,4.88,213,1718,walla_walla,-118.28585,46.585467
No,2019,250,-27,96,20,2.85,282,11.12,-2.38,17.68,4.56,213,1682,walla_walla,-118.619392,46.404717
No,2019,470,82,-56,38,2.7,337,11.05,-2.59,17.16,4.95,239,1601,walla_walla,-118.446285,46.543058
No,2019,485,-82,56,14,2.68,367,10.9,-2.55,16.76,5.05,244,1529,walla_walla,-118.347551,46.504574
No,2019,801,-82,-56,20,1.52,562,8.35,-3.74,14.47,2.24,118,1266,whitman,-117.110432,47.092164
No,2019,763,38,92,47,1.88,589,8.75,-3.23,14.77,2.72,125,1274,whitman,-117.102431,46.93538
No,2019,591,3,-99,27,2.11,434,9.63,-2.97,16.07,3.18,142,1439,whitman,-117.62729,46.941463
No,2019,651,-34,-94,28,2.24,446,9.34,-3.11,15.42,3.25,150,1334,whitman,-117.567215,47.025165
No,2019,703,-99,6,19,2,486,8.91,-3.38,14.99,2.83,135,1293,whitman,-117.46944,47.076507
No,2019,607,89,-45,25,2.17,429,9.45,-3.19,15.8,3.1,144,1392,whitman,-117.63741,47.103196
No,2019,414,-26,96,4,2.58,347,10.63,-2.89,17.09,4.16,192,1603,whitman,-118.12772,46.71826
No,2019,786,63,-77,18,1.72,524,8.53,-3.7,14.64,2.41,117,1279,whitman,-117.299429,47.121195
No,2019,689,26,-96,15,1.86,455,8.86,-3.85,15.1,2.63,124,1334,whitman,-117.496803,47.225396
No,2019,673,23,97,15,1.64,426,8.69,-4.4,14.98,2.42,126,1348,whitman,-117.833187,47.229803
No,2019,750,-65,75,8,1.65,527,8.53,-3.86,14.82,2.25,104,1309,whitman,-117.133826,47.250028
No,2019,784,-70,70,20,1.78,537,8.71,-3.39,14.7,2.72,130,1280,whitman,-117.266654,46.969173
No,2019,527,96,-27,10,2.05,400,9.65,-3.4,16.29,3.02,137,1483,whitman,-117.814418,47.059392
No,2019,531,47,88,16,2,403,9.76,-3.07,16.5,3.02,127,1510,whitman,-117.783435,46.894621
No,2019,539,-98,-16,14,2.37,459,10.49,-2.22,16.43,4.55,196,1479,whitman,-117.610834,46.779717
Yes,2004,982,-82,56,224,-0.25,2486,7.22,-3.2,11.86,2.58,187,946,skagit,-121.190102,48.402687
No,2020,80,31,-94,3,6.76,1141,11.54,1.5,16.84,6.24,60,1073,clark,-122.608811,45.681202999999996
No,2020,458,-78,-62,76,2.81,498,9.63,-2.64,15.24,4.03,178,1258,klickitat,-121.062613,45.681534
No,2020,215,-16,98,26,5.91,1664,10.94,0.9,16.39,5.48,61,1103,clark,-122.445672,45.730166
Yes,2020,535,-81,-58,75,3.88,3237,9.15,-1.5,13.94,4.35,122,964,skamania,-121.912748,45.755071
Yes,2022,632,65,75,146,3.99,3237,8.74,-1.57,13.41,4.07,103,893,skamania,-122.142779,45.756615
No,2020,516,-22,97,9,2.8,404,10.12,-2.48,16.25,3.99,178,1405,klickitat,-120.827782,45.738974
No,2020,55,-84,-53,13,6.62,1201,11.54,1.43,16.89,6.19,59,1088,clark,-122.635915,45.849623
Yes,2020,182,-81,58,50,4.14,379,10.95,-1.5,17.18,4.72,141,1446,klickitat,-121.078706,45.835317
No,2020,482,51,85,6,2.95,384,9.83,-2.83,16.52,3.15,118,1430,klickitat,-120.906549,45.805747
Yes,2020,644,80,59,21,4.78,2912,9.26,-0.28,13.7,4.81,105,878,clark,-122.280919,45.855334
No,2020,541,46,-88,13,2.53,413,9.98,-2.82,16.12,3.83,201,1402,klickitat,-120.580098,45.83502
Yes,2021,270,-99,1,40,5.56,1952,10.1,-0.09,15.34,4.86,52,969,clark,-122.484033,45.900446
Yes,2020,1003,12,99,91,3.37,2798,7.35,-1.93,11.8,2.91,67,784,skamania,-122.154994,45.92328
Yes,2020,418,99,-11,53,3.34,2480,8.68,-1.81,13.97,3.4,110,1005,skamania,-121.972019,45.89927
No,2020,194,53,84,4,3.33,227,11.6,-1.85,18.05,5.16,197,1702,klickitat,-119.887328,45.878127
Yes,2020,1073,-82,-56,59,1.39,2430,6.33,-3.37,11.11,1.54,100,795,skamania,-121.758937,45.947466
Yes,2021,884,12,-99,60,1.41,744,8.48,-2.74,12.84,4.13,214,967,klickitat,-121.071255,45.983253
Yes,2020,914,83,-55,8,1.26,674,7.76,-4.17,13.53,2,135,1108,klickitat,-120.935876,45.981787
No,2020,3,-99,6,4,6.83,1115,11.44,2.05,16.34,6.55,70,974,cowlitz,-122.867787,46.027582
Yes,2020,242,-69,-71,39,6.04,1794,10.39,0.88,15.52,5.27,49,950,cowlitz,-122.682193,45.998143
Yes,2020,578,77,-63,115,4.57,3748,9.28,-0.45,13.89,4.67,95,896,cowlitz,-122.350555,46.049511
Yes,2020,589,-57,-81,34,2.4,575,9.22,-2.64,15.32,3.12,150,1289,klickitat,-121.123262,46.003057
No,2020,150,-70,-70,6,3.47,225,11.95,-1.72,18.44,5.46,199,1741,benton,-119.373939,45.953618
Yes,2020,408,-75,-65,63,4.67,3063,9.47,-0.81,14.9,4.03,63,990,cowlitz,-122.504296,46.042506
No,2020,171,13,-99,107,3.49,270,11.53,-1.74,17.57,5.49,215,1581,benton,-119.03955,45.974768
Yes,2020,884,91,40,59,3.57,3459,7.7,-1.37,11.84,3.56,94,726,skamania,-122.168137,46.08856
Yes,2020,1139,-91,-40,60,1.19,1960,6,-4.04,10.74,1.25,85,746,skamania,-121.617713,46.086793
No,2020,993,83,55,11,0.08,559,7.97,-4.69,13.79,2.15,246,1249,yakima,-120.424504,46.056997
Yes,2022,824,99,8,55,1.46,985,7.66,-3.65,13.34,1.97,115,1063,yakima,-121.304599,46.108795
No,2020,768,86,-49,4,0.94,332,9.09,-3.87,15.02,3.16,235,1363,yakima,-120.092803,46.077603
Yes,2020,275,-46,88,64,5.36,2085,10.49,-0.01,16.39,4.59,47,1148,cowlitz,-122.554745,46.048206
Yes,2020,1740,-80,-58,35,-2.67,2157,3.69,-6.23,8.37,-0.99,144,690,yakima,-121.466689,46.134793
No,2020,1181,85,-51,112,-0.03,1216,7.86,-4.01,13.15,2.58,223,1099,walla_walla,-118.018718,46.015572
Yes,2020,1112,22,-97,18,0.06,613,8.68,-3.82,13.98,3.38,268,1277,garfield,-117.485802,46.007818
Yes,2020,121,-96,-25,63,6.07,1501,10.74,0.96,16.14,5.35,52,1011,cowlitz,-122.859216,46.192221
Yes,2021,1338,-98,19,120,1.98,3072,5.66,-2.56,9.42,1.91,72,553,cowlitz,-122.361985,46.190455
No,2020,491,-74,-66,8,2.79,258,10.35,-3.14,16.23,4.46,181,1436,benton,-119.401663,46.118953
No,2020,168,68,73,14,3.5,219,12.08,-1.69,18.37,5.78,238,1752,benton,-119.062757,46.138996
No,2020,167,12,-99,6,3.46,242,11.84,-1.76,18.21,5.48,221,1723,walla_walla,-118.881907,46.106896
Yes,2022,935,0,-100,11,0.75,472,9.26,-3.4,14.92,3.6,254,1360,asotin,-117.351181,46.036187
No,2020,353,15,98,49,3.05,362,12.04,-0.88,18.36,5.72,255,1775,asotin,-117.129671,46.040462
Yes,2020,657,30,-95,41,4.91,2419,9,-0.76,13.63,4.38,68,820,cowlitz,-122.566553,46.200741
No,2020,436,76,-64,64,2.86,239,11.02,-2.81,17.04,5.01,259,1538,yakima,-120.286515,46.188549
No,2020,309,-92,37,4,3.05,327,11.11,-2.09,17.47,4.75,207,1639,walla_walla,-118.718437,46.158225
No,2020,458,93,-34,151,2.58,395,11.35,-1.57,17.27,5.43,254,1675,asotin,-117.014086,46.076046
No,2020,1145,-35,93,10,1.1,2695,5.96,-2.8,10.09,1.84,107,672,skamania,-122.187515,46.239784
Yes,2020,1442,-20,-97,18,0.27,2439,5,-4.13,9.35,0.65,102,635,skamania,-121.681538,46.24155
No,2020,214,44,89,2,2.06,199,10.78,-3.31,18.01,3.56,204,1747,yakima,-120.112178,46.235893
No,2020,214,11,99,3,2.33,203,10.89,-3.11,18.09,3.69,170,1748,yakima,-119.938819,46.212945
No,2020,484,99,-8,54,3.01,586,10.84,-1.92,16.55,5.13,247,1469,walla_walla,-118.195254,46.139511
Yes,2020,1042,99,-11,94,0.36,1153,8.21,-4.02,13.41,3.01,237,1114,columbia,-117.86204,46.15911
Yes,2021,110,-52,-85,50,6.49,2615,10.43,1.62,15.65,5.22,30,842,wahkiakum,-123.592978,46.297378
Yes,2022,1241,92,-38,45,-0.13,874,5.44,-4.98,10.45,0.44,112,821,yakima,-121.362666,46.27908
No,2020,656,69,71,62,1.92,759,9.81,-2.86,15.24,4.37,232,1304,walla_walla,-118.051203,46.183858
Yes,2020,1723,97,20,80,-1.23,1015,5.05,-6.21,9.88,0.23,195,789,garfield,-117.499106,46.16055
Yes,2021,269,5,-99,110,5.89,2342,9.98,0.89,15.09,4.87,41,900,wahkiakum,-123.278817,46.314115
Yes,2021,1431,12,99,20,-1.41,1890,4,-5.88,8.98,-0.99,92,757,skamania,-121.543181,46.282
No,2020,169,-98,-18,22,3.25,267,11.7,-2.11,18.22,5.18,234,1757,franklin,-118.908152,46.261364
No,2020,1094,-64,-76,155,0.52,977,8.23,-4.25,13.54,2.91,233,1131,columbia,-117.709604,46.222813
Yes,2020,1496,-11,99,30,-0.53,764,6.57,-4.94,11.31,1.83,239,905,asotin,-117.372033,46.161152
Yes,2021,233,-56,-82,31,6.35,1396,10.92,1.03,16.45,5.39,36,1025,lewis,-123.08344,46.690753
No,2020,288,82,56,7,2.04,207,10.66,-3.91,17.88,3.45,194,1722,yakima,-120.642544,46.325255
No,2020,224,0,-100,1,1.93,190,10.74,-3.62,17.82,3.65,217,1728,yakima,-120.301926,46.345476
No,2020,1145,81,57,43,0.21,452,8.42,-3.61,13.41,3.43,300,1095,asotin,-117.34034,46.232427
Yes,2021,153,-83,54,62,6.21,2766,9.95,1.55,14.93,4.97,28,761,pacific,-123.808342,46.395361
Yes,2021,821,-3,99,97,3.69,2337,7.31,-1.61,11.45,3.18,65,651,lewis,-122.247959,46.412141
Yes,2020,1584,-97,-22,139,-0.15,2422,4.32,-3.99,8.45,0.2,100,553,skamania,-122.039125,46.38166
No,2020,244,0,-100,1,2.07,193,10.78,-3.84,17.82,3.73,209,1734,yakima,-120.472154,46.375002
No,2020,324,45,-88,13,2.78,200,10.88,-2.96,17.22,4.55,212,1562,yakima,-119.966434,46.373377
No,2020,232,23,-97,18,3.04,270,11.23,-2.24,17.79,4.68,225,1707,walla_walla,-118.73163,46.313261
No,2020,464,95,30,35,3.04,435,11.16,-1.94,17.04,5.28,241,1532,columbia,-118.211935,46.303491
Yes,2021,161,-99,9,66,5.53,2891,9.68,0.7,15.22,4.15,27,858,pacific,-123.655072,46.442807
Yes,2021,480,-96,27,76,5.52,3346,9.33,0.79,13.92,4.74,52,748,pacific,-123.456055,46.492522
Yes,2020,413,-28,95,88,3.82,1735,9.68,-0.93,15.56,3.79,74,1164,lewis,-121.890699,46.439121
Yes,2020,1161,-8,99,24,1.43,1890,6.34,-2.77,10.88,1.82,88,750,lewis,-121.71499,46.411731
Yes,2020,1551,-96,-26,122,-0.19,1754,4.29,-5.17,8.94,-0.37,68,628,lewis,-121.576611,46.426868
No,2020,298,-65,-75,8,2.4,201,10.73,-3.3,17.38,4.08,239,1601,yakima,-120.132963,46.395543
No,2020,851,-94,-33,55,0.34,314,8.42,-4.5,14.23,2.61,223,1316,benton,-119.614214,46.390193
No,2020,438,-93,36,42,3.04,395,11.08,-1.94,16.82,5.33,244,1517,walla_walla,-118.397169,46.330611
No,2020,683,88,46,37,1.95,624,9.82,-2.5,15.16,4.5,236,1308,columbia,-117.838169,46.326805
Yes,2021,412,23,-97,44,5.17,1850,9.41,-0.26,14.71,4.12,39,944,lewis,-122.371878,46.543771
Yes,2020,136,99,-5,22,6.26,1473,10.69,0.96,16.42,4.96,24,1039,lewis,-123.09483,46.444486
No,2020,841,-15,-98,49,0.8,244,8.78,-4.28,14.45,3.13,237,1333,benton,-119.797199,46.41799
No,2020,627,-99,-1,16,2.51,512,10.66,-1.94,15.8,5.52,268,1353,columbia,-118.043285,46.348747
No,2020,138,42,90,5,6.44,1379,10.88,1.12,16.53,5.22,26,1049,lewis,-122.925806,46.486978
No,2020,236,98,14,3,5.82,1594,10.33,0.35,16.04,4.63,28,1031,lewis,-122.42571,46.518657
No,2020,414,27,-96,20,1.7,302,9.84,-4.29,16.45,3.22,206,1528,yakima,-120.680284,46.479821
No,2020,245,-98,-15,8,2.88,241,11.22,-2.51,17.88,4.57,219,1746,franklin,-118.920994,46.427127
No,2020,764,97,-22,106,2.1,501,10.09,-2.38,15.41,4.76,245,1343,columbia,-117.704558,46.388437
Yes,2021,246,77,-62,35,5.69,2577,9.45,1,14.49,4.4,27,743,pacific,-123.833797,46.546902
Yes,2021,595,51,85,62,4.57,1830,9.01,-0.68,14.28,3.74,46,967,lewis,-122.06788,46.536405
No,2020,323,-1,99,74,2.94,286,11.06,-2.34,17.3,4.82,217,1623,walla_walla,-118.575855,46.452228
No,2020,638,79,-60,75,1.75,393,10.33,-2.23,16.09,4.58,259,1473,asotin,-117.340727,46.376804
Yes,2021,491,63,-77,164,5.4,1960,9.65,0.7,14.7,4.6,64,926,lewis,-122.281877,46.577736
No,2020,542,-62,-78,15,1.84,235,9.78,-3.91,16.14,3.42,199,1489,yakima,-119.984601,46.532911
No,2020,319,-17,98,12,2.68,267,10.79,-2.85,17.42,4.16,200,1667,franklin,-118.750745,46.474769
No,2020,492,-7,99,37,2.71,384,10.97,-2.48,16.87,5.07,242,1556,columbia,-118.231662,46.468368
Yes,2021,147,95,28,63,5.67,2382,9.48,0.74,14.63,4.33,26,759,pacific,-123.669535,46.586867
Yes,2021,198,-6,-99,16,5.93,1345,10.7,0.52,16.84,4.56,22,1106,lewis,-123.143959,46.618807
Yes,2020,1094,-93,35,131,2.02,2281,6.39,-2.33,10.58,2.2,88,646,lewis,-121.895196,46.584246
No,2020,211,80,59,5,2.5,208,11.99,-2.71,18.43,5.55,319,1941,benton,-119.63621500000001,46.550584
No,2020,421,-99,-13,28,2.94,360,11.07,-2.25,17.09,5.06,234,1567,walla_walla,-118.40793,46.496128
No,2020,104,81,-58,4,6.5,1460,10.95,1.16,16.67,5.23,25,1065,lewis,-122.784873,46.637898
Yes,2022,1675,53,-84,78,-1.8,1049,4.1,-5.26,8.71,-0.52,162,687,yakima,-121.022031,46.638464
No,2020,384,-10,-99,27,2.69,226,11.16,-2.66,17.11,5.22,275,1650,benton,-119.820276,46.586752
No,2020,275,-31,94,3,2.66,227,10.78,-3,17.3,4.26,190,1632,franklin,-119.084142,46.582667
No,2020,351,-31,94,63,2.92,352,11.43,-1.72,17.62,5.24,241,1659,columbia,-118.064937,46.51887
No,2020,708,-56,-82,6,2.05,460,10.15,-2.27,15.6,4.7,240,1365,garfield,-117.5433,46.49867
No,2020,49,44,-89,1,7.06,1203,11.17,1.69,16.67,5.67,20,995,lewis,-122.988235,46.661715
Yes,2021,820,56,-82,172,4.3,1944,8.03,-0.84,12.4,3.68,63,727,lewis,-122.433074,46.691616
Yes,2021,1429,-39,-91,61,-0.57,1131,4.59,-5.32,9.09,0.09,119,669,yakima,-121.218329,46.656475
No,2020,496,99,6,4,1.49,256,9.47,-4.69,16.09,2.86,200,1490,yakima,-120.698889,46.645074
No,2020,256,-66,-74,27,2.77,209,11.55,-2.62,17.82,5.27,278,1852,benton,-119.475556,46.597421
No,2020,233,-70,70,1,2.65,219,10.95,-2.84,17.5,4.41,200,1652,franklin,-119.122595,46.627119
No,2020,288,38,-92,6,2.62,228,10.79,-3,17.41,4.17,189,1670,franklin,-118.941197,46.591609
Yes,2021,396,-70,-70,105,5.78,2193,9.86,0.25,15.08,4.64,37,940,lewis,-122.638764,46.69453
Yes,2020,715,-26,96,73,4.03,2256,8.15,-1,13.01,3.3,63,841,lewis,-122.086137,46.688875
Yes,2020,994,-90,41,25,1,477,7.89,-4.46,13.09,2.7,200,1162,yakima,-120.879802,46.67304
No,2020,265,6,99,51,2.68,237,11,-2.84,17.7,4.31,192,1689,franklin,-118.771384,46.639343
No,2020,445,-44,89,19,2.65,278,10.73,-2.83,16.82,4.64,219,1554,franklin,-118.594591,46.623361
No,2020,404,72,-69,27,2.35,218,10.86,-3.33,16.92,4.8,277,1602,yakima,-120.010929,46.690699
No,2020,430,-40,-91,22,2.75,292,10.87,-2.76,17.11,4.63,210,1595,franklin,-118.432313,46.659038
No,2020,421,-99,2,28,2.47,313,10.93,-2.8,17.32,4.55,222,1663,franklin,-118.255247,46.628144
Yes,2021,145,51,85,70,6.26,2204,9.82,1.14,14.68,4.97,26,732,pacific,-123.714738,46.770367
Yes,2021,157,54,83,30,6.39,1425,10.93,1.11,16.57,5.3,31,1040,lewis,-123.165815,46.778152
No,2020,439,-34,-93,8,1.56,227,9.65,-4.86,16.4,2.89,195,1528,yakima,-120.564253,46.738367
No,2020,194,24,-97,2,2.54,192,11.75,-3.27,18.4,5.11,272,1894,grant,-119.653246,46.712405
No,2020,273,-60,-79,11,2.56,203,10.85,-3.19,17.34,4.37,207,1634,franklin,-119.313606,46.736625
No,2020,584,-4,99,32,2.24,474,10.63,-1.93,16.3,4.96,236,1477,garfield,-117.562447,46.66054
Yes,2020,231,98,-18,36,6.01,2258,10.17,0.45,15.67,4.67,24,932,pacific,-123.458601,46.638608
Yes,2022,74,23,-97,24,6.65,1436,10.86,1.49,16.26,5.47,29,973,thurston,-123.033349,46.835329
Yes,2021,113,70,-71,53,6.57,1317,10.88,1.28,16.36,5.4,29,1000,thurston,-122.848493,46.786989
Yes,2022,1679,-62,77,150,-3.23,2096,2.75,-7.11,7.47,-1.97,152,603,yakima,-121.245013,46.81876
Yes,2021,1207,60,79,25,0.53,1037,5.84,-4.69,10.95,0.73,87,905,yakima,-121.106047,46.773348
No,2020,272,-18,-98,10,2.5,196,11.14,-3.37,17.57,4.69,252,1742,grant,-119.491199,46.760998
No,2020,371,-44,-89,2,2.36,225,10.15,-3.7,16.65,3.63,165,1529,adams,-118.971127,46.75784
Yes,2021,137,9,99,8,6.41,1192,10.66,1.11,16.02,5.3,29,977,thurston,-122.667339,46.859082
No,2020,324,-55,-83,3,2.35,210,10.44,-3.58,16.89,4,193,1569,adams,-119.14637,46.78718
No,2020,21,37,92,4,6.9,1454,11.12,1.79,16.62,5.62,24,991,grays_harbor,-123.240567,46.832275
Yes,2022,806,23,-97,87,3.93,1842,7.5,-1.03,12.01,2.99,52,687,pierce,-122.110512,46.863191
No,2020,2068,-68,73,39,-4.13,4241,1.32,-7.02,5.6,-2.96,110,472,pierce,-121.809587,46.91471
No,2020,941,-13,99,53,0.83,484,8.1,-4.92,13.88,2.34,176,1216,kittitas,-120.584942,46.856151
No,2020,211,-29,-95,15,2.71,194,11.21,-3.18,17.81,4.62,212,1722,adams,-119.319781,46.817125
No,2020,459,-51,-85,16,2.2,313,10.09,-3.6,16.77,3.4,158,1586,adams,-118.280099,46.796445
Yes,2021,121,-80,-59,68,6.12,2392,9.86,0.83,14.85,4.88,28,753,grays_harbor,-123.565766,46.896438
Yes,2020,1011,-21,97,100,2.82,1627,6.44,-2.33,10.62,2.27,54,590,pierce,-121.966341,46.910663
Yes,2022,1751,96,26,134,-1.62,2005,3.47,-5.69,7.91,-0.97,119,567,yakima,-121.43414,46.923465
No,2020,950,-60,-79,35,0.72,376,8.06,-5.21,13.92,2.2,170,1273,kittitas,-120.214841,46.879381
Yes,2021,62,99,-6,16,6.97,1940,10.86,1.69,16.3,5.43,18,886,grays_harbor,-123.391013,46.955569
Yes,2020,389,-71,69,28,5.14,2576,9.6,0.03,14.75,4.45,61,912,grays_harbor,-123.229226,46.934201
Yes,2020,1799,65,75,73,-2.05,2158,3.07,-6,7.54,-1.41,121,562,pierce,-121.621982,46.946028
Yes,2020,1094,3,-99,47,1.03,879,6.45,-4.19,11.56,1.33,87,1057,yakima,-121.08834,46.921075
No,2020,314,-94,-31,8,2.61,201,10.72,-3.65,17.07,4.36,202,1617,adams,-119.336468,46.895379
No,2020,476,-99,11,10,2.25,363,10.15,-3.25,16.77,3.54,154,1563,adams,-118.104238,46.841394
No,2020,585,42,-90,25,2.19,467,9.86,-2.64,16.09,3.63,153,1439,whitman,-117.577351,46.82215
No,2020,6,55,-83,2,7.49,1908,10.75,2.53,15.53,5.98,18,700,grays_harbor,-123.591383,46.97682
Yes,2022,128,60,-79,30,6.49,2048,10.98,1.38,16.12,5.84,50,992,thurston,-123.032381,46.987616
No,2020,357,37,-92,7,2.38,191,10.56,-3.82,16.75,4.38,222,1571,grant,-119.511064,46.928182
No,2020,411,97,22,8,2.15,231,9.94,-4,16.35,3.54,176,1502,grant,-118.98736,46.920764
No,2020,468,-98,16,4,2.16,370,10.05,-3.36,16.78,3.32,146,1562,adams,-118.076373,46.880783
No,2020,477,99,-2,20,2.13,402,10.11,-2.87,16.95,3.26,130,1572,whitman,-117.761972,46.857281
Yes,2021,182,-21,97,25,6.4,1182,10.52,1.14,15.51,5.53,32,950,pierce,-122.189393,47.016045
No,2020,333,98,-18,12,2.16,216,10.29,-4.01,16.79,3.8,192,1589,grant,-119.17274,46.946176
No,2020,726,-68,-72,18,1.93,503,9.12,-3.1,15.2,3.05,139,1329,whitman,-117.410623,46.873636
Yes,2020,68,-2,-99,27,6.69,2371,10.3,1.65,15.24,5.37,25,755,grays_harbor,-123.596881,47.062117
Yes,2021,1254,-35,93,191,1.28,2816,4.71,-3.38,8.49,0.93,82,428,pierce,-121.822003,47.052719
No,2020,486,-91,-39,2,2.14,234,9.06,-5.32,15.43,2.68,145,1347,kittitas,-120.575972,47.024196
No,2020,506,100,0,1,1.98,296,9.66,-3.9,16.3,3.01,141,1516,adams,-118.294401,46.950226
No,2020,837,33,94,24,1.35,665,7.94,-3.83,13.79,2.09,119,1191,whitman,-117.040836,46.887518
Yes,2020,63,-73,68,49,6.92,2514,10.2,1.95,14.69,5.7,28,673,grays_harbor,-123.809531,47.084054
Yes,2021,109,-70,-70,7,6.42,2267,10.54,1.43,15.82,5.27,28,919,grays_harbor,-123.241243,47.073629
Yes,2020,359,-67,-74,39,5.47,1664,9.22,0.09,13.99,4.46,23,859,pierce,-122.011021,47.085652
No,2020,1071,-99,6,10,0.63,519,7.19,-5.78,12.44,1.95,159,1084,kittitas,-120.230846,47.041645
No,2020,354,70,-70,1,1.98,174,10.21,-4.65,16.78,3.64,200,1604,grant,-119.707503,47.036802
No,2020,503,0,-100,4,2,338,9.73,-3.71,16.4,3.04,138,1516,adams,-118.116127,47.000244
No,2020,481,97,24,17,2.13,381,10.01,-3.23,16.82,3.2,134,1556,whitman,-117.942982,46.96803
Yes,2020,130,-78,61,67,6.81,2203,10.76,1.76,16.11,5.42,21,884,mason,-123.463203,47.130431
Yes,2022,1162,70,71,71,2.08,2392,5.77,-3.19,9.96,1.57,58,603,pierce,-121.679756,47.105791
No,2020,631,-98,-17,17,2.2,428,9.55,-3,15.82,3.29,149,1398,whitman,-117.597094,46.982527
Yes,2020,149,-49,86,34,6.61,2776,10.02,1.42,14.65,5.38,27,700,grays_harbor,-123.804111,47.17559
Yes,2020,38,-17,98,22,6.62,1516,10.82,1.61,15.97,5.68,34,930,mason,-123.078351,47.129106
No,2020,197,-37,92,4,6.35,1251,10.63,1.38,15.45,5.81,45,926,pierce,-122.187843,47.207345
No,2020,370,94,-31,3,1.87,214,10.16,-4.3,16.68,3.64,200,1592,grant,-119.191692,47.105446
No,2020,719,99,5,30,1.93,503,8.92,-3.38,15.07,2.76,132,1313,whitman,-117.426274,47.032892
No,2020,781,52,-84,17,1.78,540,8.69,-3.42,14.78,2.6,124,1288,whitman,-117.249613,46.987985
No,2020,24,-70,-70,3,6.91,1104,11.47,1.81,16.42,6.52,50,967,pierce,-122.207784,47.185034
Yes,2021,704,-79,60,34,1.89,843,7.48,-4.44,12.97,1.99,91,1033,kittitas,-121.069532,47.17124
No,2020,625,98,14,2,2.19,620,8.03,-4.78,13.88,2.19,88,1112,kittitas,-120.949171,47.180433
Yes,2020,1217,-94,-33,93,-0.33,816,5.86,-5.4,10.82,0.89,166,921,kittitas,-120.608033,47.182923
Yes,2020,1193,-80,59,134,0.19,782,5.97,-5.65,10.94,0.99,138,896,kittitas,-120.442529,47.16223
No,2020,805,-39,-91,15,1.51,587,8.34,-3.61,14.38,2.31,124,1252,whitman,-117.079357,47.047048
Yes,2020,45,-31,-94,7,7.47,2479,10.36,2.79,14.46,6.27,26,615,grays_harbor,-124.164105,47.227963
Yes,2020,148,-85,-51,8,6.46,2867,9.87,1.44,14.46,5.27,27,688,grays_harbor,-123.597569,47.227424
Yes,2021,104,100,0,3,6.63,1092,10.91,1.49,15.77,6.05,40,925,pierce,-122.387162,47.204374
Yes,2022,918,-69,-72,43,3.6,2661,6.67,-2.03,10.4,2.95,62,500,king,-121.869143,47.23224
Yes,2022,1711,97,-22,4,-2.53,717,4.03,-6.66,8.51,-0.43,212,673,kittitas,-120.295991,47.21545
No,2020,636,-99,8,25,1.45,331,9.56,-4.86,14.88,4.25,264,1351,kittitas,-120.080494,47.167527
No,2020,549,-85,51,10,1.75,294,9.27,-4.4,15.91,2.63,132,1468,adams,-118.487949,47.140711
No,2020,549,-31,-94,2,1.69,304,9.26,-4.34,15.89,2.63,135,1472,adams,-118.321236,47.114407
No,2020,581,84,-53,20,1.73,385,9.17,-4.09,15.77,2.57,130,1440,adams,-117.960632,47.134767
Yes,2020,115,-66,-74,9,6.52,2987,9.96,1.45,14.58,5.34,28,703,grays_harbor,-123.80433,47.225061
Yes,2020,73,-82,-56,7,6.44,1721,10.71,1.5,15.81,5.61,36,921,mason,-123.155233,47.228254
Yes,2020,168,-26,-96,3,6.33,2402,10.76,1.25,15.87,5.66,47,949,mason,-123.29366,47.278724
Yes,2021,658,-10,-99,140,4.14,2304,7.8,-0.87,12.07,3.53,59,735,king,-121.719125,47.279073
Yes,2020,962,-58,80,175,1.94,2446,6.43,-2.94,10.89,1.97,61,731,king,-121.500065,47.232128
No,2020,402,91,39,2,1.92,213,10.38,-4.42,16.23,4.51,262,1525,grant,-119.914647,47.22504
No,2020,377,-84,-53,6,1.78,191,10.23,-4.73,16.62,3.84,219,1595,grant,-119.733824,47.202402
No,2020,557,86,-49,13,1.68,337,9.24,-4.25,15.92,2.57,132,1475,adams,-118.139983,47.159663
No,2020,650,75,-65,26,2.2,443,9.21,-3.47,15.29,3.14,142,1331,whitman,-117.623192,47.147356
Yes,2020,121,-9,-99,8,6.38,1954,10.63,1.35,15.58,5.69,43,897,mason,-123.129745,47.301649
Yes,2020,1123,-86,-49,60,0.33,953,6.31,-4.82,11.29,1.34,130,944,kittitas,-120.792864,47.278
Yes,2020,998,-99,2,79,0.67,824,7.22,-5.32,12.63,1.8,156,1097,kittitas,-120.64314,47.252394
No,2020,459,-100,0,13,1.72,231,9.76,-4.36,16.27,3.25,176,1537,grant,-119.03211,47.241135
No,2020,630,-18,-98,25,1.79,426,8.91,-4.21,15.22,2.6,132,1368,whitman,-117.788511,47.177447
Yes,2022,33,-70,70,22,6.63,1341,11.07,1.83,15.99,6.16,53,929,pierce,-122.75838,47.357839
Yes,2021,1339,18,98,137,-0.15,638,6.47,-5.87,11.48,1.47,185,996,chelan,-120.460753,47.330468
No,2020,497,33,-94,10,1.67,216,9.84,-4.94,15.78,3.89,231,1474,grant,-119.804297,47.278178
No,2020,693,72,68,19,1.86,456,8.91,-3.81,15.24,2.57,121,1350,whitman,-117.475368,47.201956
Yes,2021,93,72,69,49,7.16,2819,10.13,2.21,14.45,5.82,21,621,grays_harbor,-124.182734,47.372818
Yes,2020,73,-96,25,9,7.08,2851,10.18,1.96,14.61,5.75,22,650,grays_harbor,-124.029071,47.332126
Yes,2020,1051,6,99,67,1.02,846,7.4,-4.8,12.55,2.25,145,1073,chelan,-120.639813,47.361356
No,2020,206,73,67,46,2.04,224,11.23,-3.75,17.32,5.13,293,1702,chelan,-120.107633,47.345861
No,2020,578,-94,31,2,1.49,308,8.98,-4.54,15.6,2.37,135,1450,lincoln,-118.329861,47.280924
No,2020,787,47,-88,7,1.65,523,8.51,-3.78,14.75,2.25,105,1300,whitman,-117.091747,47.208635
Yes,2020,469,48,87,103,6.22,4814,9.8,2.22,13.63,5.98,87,636,grays_harbor,-123.864896,47.403579
Yes,2022,373,97,-20,87,6.23,4497,10.24,0.56,14.68,5.81,59,772,grays_harbor,-123.679066,47.376665
Yes,2021,312,36,-93,67,5.31,3339,10.09,0.91,14.78,5.4,84,891,mason,-123.321313,47.432213
Yes,2020,478,15,98,14,3.14,2642,8.42,-2.09,13.9,2.94,72,1036,king,-121.546916,47.395928
No,2020,669,89,-44,40,0.88,339,9.26,-5.08,14.46,4.07,266,1335,chelan,-120.295422,47.369483
No,2020,768,90,-41,23,0.21,249,8.36,-6,13.98,2.73,216,1311,grant,-119.754067,47.361766
No,2020,530,95,-30,58,1.63,284,9.34,-4.57,15.95,2.73,146,1492,lincoln,-118.514524,47.309735
Yes,2021,920,66,-74,65,4.09,4622,8.18,-0.09,12.53,3.86,87,719,mason,-123.470825,47.424256
Yes,2020,81,99,-10,15,6.35,1958,10.75,1.52,15.69,5.8,49,927,mason,-122.968059,47.450519
Yes,2020,709,-93,-36,104,3.91,2737,7.47,-1.25,11.31,3.64,60,589,king,-121.714738,47.423412
Yes,2021,1052,-86,-50,100,0.42,2945,4.88,-5.07,8.81,0.96,104,571,kittitas,-121.289821,47.413006
Yes,2020,1055,-36,-92,163,0.58,1662,5.95,-4.58,10.49,1.4,114,826,kittitas,-121.152849,47.425332
No,2020,316,-89,44,15,1.75,213,10.83,-4.15,17.03,4.63,263,1665,douglas,-119.930825,47.388371
No,2020,536,5,-99,5,1.6,283,9.25,-4.59,15.81,2.7,146,1473,lincoln,-118.552714,47.348309
No,2020,673,-24,97,6,1.73,450,8.68,-4.25,14.98,2.38,112,1337,spokane,-117.651012,47.298574
Yes,2020,246,74,-67,21,5.98,2753,11.02,1.08,16.04,6.01,79,1019,mason,-123.150616,47.477464
No,2020,104,75,-65,28,6.35,1295,10.77,1.74,15.45,6.1,61,892,kitsap,-122.615327,47.499312
No,2020,1470,-28,-95,203,-1.3,3228,3.41,-5,7.39,-0.57,115,489,kittitas,-121.358034,47.462919
Yes,2020,1827,50,-86,166,-2.87,1489,3.68,-6.86,8.44,-1.07,170,753,chelan,-120.851884,47.461768
No,2020,696,42,-90,20,0.43,262,8.52,-6.33,14.53,2.52,205,1386,grant,-119.579632,47.413261
No,2020,459,-99,3,8,1.57,241,9.8,-4.55,16.45,3.15,175,1589,grant,-119.054536,47.401941
Yes,2022,656,-70,70,15,1.59,421,8.6,-4.52,15.1,2.11,104,1363,spokane,-117.790708,47.348645
Yes,2022,239,-97,-23,76,6.72,3536,9.7,1.29,14.27,5.12,32,653,jefferson,-124.028446,47.521876
Yes,2021,1600,99,-12,81,-1.91,1883,3.63,-6.71,8.23,-0.98,141,679,kittitas,-120.999092,47.460274
No,2020,407,-36,93,150,1.52,452,10.12,-4.65,16.15,4.05,229,1554,chelan,-120.486164,47.479527
No,2020,379,11,99,3,1.43,236,10.13,-4.67,16.93,3.33,197,1662,grant,-119.240573,47.43054
No,2020,528,56,-82,15,1.6,274,9.44,-4.55,16.07,2.82,150,1514,lincoln,-118.702929,47.419131
No,2020,1593,18,98,193,0.38,4243,4.28,-3.82,8.06,0.51,91,532,mason,-123.259891,47.524148
No,2020,16,39,91,3,7.1,1198,11.61,2.22,16.25,6.96,62,948,king,-121.935645,47.673427
Yes,2020,689,-3,99,76,1.05,670,8.98,-5.58,14.83,3.13,191,1380,chelan,-120.652906,47.512623
No,2020,833,81,57,76,-0.42,323,7.84,-6.21,13.36,2.32,234,1257,douglas,-120.132171,47.5073
No,2020,670,-7,99,10,1.36,319,8.35,-5.01,14.7,1.99,124,1338,lincoln,-118.343563,47.437303
No,2020,779,98,16,4,1.71,579,8.31,-4.19,14.46,2.17,95,1267,spokane,-117.107209,47.366739
Yes,2021,1004,58,-80,186,3.32,3710,7.5,-1.12,11.65,3.36,92,664,mason,-123.374673,47.584765
Yes,2021,1098,14,99,118,1.7,3609,6.01,-2.46,9.85,2.17,77,556,king,-121.580655,47.567901
No,2020,515,24,97,156,1.43,295,10.45,-4.44,16.25,4.64,282,1614,chelan,-120.310789,47.5289
No,2020,717,-99,6,15,0.56,281,8.49,-6.48,14.3,2.68,202,1361,douglas,-119.783061,47.521917
No,2020,648,0,0,2,1.3,305,8.62,-4.96,15.05,2.21,135,1392,lincoln,-118.533427,47.471369
No,2020,189,62,-77,65,5.81,1698,10.76,1.16,15.7,5.83,74,955,jefferson,-122.999672,47.61047
Yes,2020,314,-99,-8,29,5.43,1999,9.73,0.47,14.45,5.02,48,869,king,-121.763237,47.585722
Yes,2020,1568,-64,76,156,-1.51,2775,4.12,-4.77,8.28,-0.05,145,603,king,-121.206734,47.623347
No,2020,760,35,-93,12,0.23,292,7.99,-6.94,13.96,2.01,179,1318,douglas,-119.610879,47.575694
No,2020,720,0,0,0,1.21,463,8.03,-4.92,14.48,1.59,91,1307,spokane,-117.642986,47.449341
Yes,2022,1091,30,-95,252,1,2894,5.35,-3.01,9.33,1.36,103,605,jefferson,-123.188526,47.63372
Yes,2022,1381,-97,-21,145,0.31,3722,4.72,-3.73,8.74,0.71,99,550,king,-121.427643,47.615719
No,2020,547,44,89,1,1.19,253,9.48,-5.09,15.73,3.23,202,1516,grant,-119.255685,47.592499
No,2020,585,8,99,9,1.23,264,9.14,-5.19,15.48,2.8,179,1478,grant,-119.076498,47.561491
No,2020,603,-89,-44,6,1.19,286,8.83,-5.07,15.27,2.38,152,1440,lincoln,-118.80092,47.57534
Yes,2020,202,2,99,79,6.41,3431,9.8,1.37,14.3,5.32,26,667,jefferson,-124.101137,47.674725
No,2020,84,42,-90,12,6.9,973,11.17,2.1,15.66,6.67,58,873,king,-122.290919,47.67182
Yes,2020,927,-84,-53,63,0.28,805,7.75,-5.37,13,2.52,194,1143,chelan,-120.700052,47.648727
Yes,2020,921,-37,-92,99,-0.28,765,7.82,-5.56,13.17,2.47,236,1194,chelan,-120.488622,47.646056
No,2020,606,-66,-74,8,1.17,281,8.98,-5.06,15.4,2.55,164,1459,lincoln,-118.903622,47.61264
No,2020,621,-89,-44,3,1.33,292,8.64,-5.13,15.1,2.18,131,1405,lincoln,-118.720272,47.579824
Yes,2020,853,92,-38,38,1.43,724,8.02,-4.56,13.77,2.28,124,1216,spokane,-117.132919,47.543092
Yes,2020,582,31,-95,84,5.29,3957,9.85,1.63,14.27,5.44,95,813,jefferson,-123.960737,47.724161
No,2020,8,89,-44,1,7.25,1093,11.6,2.4,16.12,7.06,48,914,king,-122.146142,47.719997
Yes,2020,14,-17,-98,6,6.93,1237,11.32,1.92,16,6.65,56,933,king,-121.950992,47.688703
No,2021,549,88,-46,77,0.78,374,9.55,-5.33,15.43,3.67,245,1500,chelan,-120.334585,47.696455
No,2020,781,-34,93,7,-0.24,302,7.99,-6.96,14.06,1.93,194,1376,douglas,-119.80857,47.685805
No,2020,688,-81,58,3,1.19,323,8.14,-5.5,14.62,1.67,108,1343,lincoln,-118.558075,47.636892
No,2020,704,-97,-24,5,1.38,345,8.16,-5.33,14.4,1.92,117,1297,lincoln,-118.374021,47.601567
No,2020,1559,-91,41,155,-0.19,2286,4.2,-4.03,8.37,0.04,110,590,jefferson,-123.36342,47.72046
Yes,2020,807,37,92,25,4.12,2856,8.38,0.17,11.88,4.87,74,570,king,-121.790669,47.765838
Yes,2020,1223,-96,-26,133,1.2,4054,5.57,-2.63,9.58,1.55,76,556,king,-121.574917,47.716043
Yes,2020,1201,-98,-16,135,-0.99,2562,4.97,-4.09,9.03,0.92,140,674,king,-121.246179,47.762552
No,2020,670,-70,-70,1,0.64,290,8.65,-6.17,14.59,2.72,197,1359,douglas,-119.448344,47.702101
Yes,2022,1119,63,77,198,2.74,1970,6.7,-1.2,10.2,3.21,99,558,jefferson,-123.032976,47.773332
No,2020,649,-98,-14,17,0.31,286,8.57,-6.56,14.6,2.54,204,1387,douglas,-119.636071,47.738029
No,2020,727,36,-92,19,0.4,305,8.28,-6.51,14.59,1.99,173,1399,grant,-119.088692,47.736728
No,2020,756,97,22,4,1.36,452,7.9,-5.36,13.93,1.88,116,1243,lincoln,-117.846567,47.666181
Yes,2022,775,98,16,54,1.73,577,8.28,-4.88,13.97,2.6,137,1238,spokane,-117.312657,47.63319
Yes,2020,2,19,-98,2,6.76,938,10.63,1.93,14.99,6.26,52,764,jefferson,-122.868115,47.814271
Yes,2020,109,-94,-31,7,6.67,1054,10.84,2.1,15.03,6.65,68,795,snohomish,-122.306773,47.824525
No,2020,704,-38,-92,24,0.42,284,8.39,-6.46,14.5,2.29,184,1385,douglas,-119.286243,47.758672
No,2020,656,-27,-96,6,1.24,301,8.4,-5.48,14.93,1.88,118,1386,lincoln,-118.749108,47.747113
Yes,2020,109,-55,-83,35,6.32,3235,10.25,1.84,14.88,5.62,33,750,jefferson,-124.134055,47.81826
No,2020,15,-31,94,1,6.95,1284,11.02,1.72,15.81,6.23,37,867,snohomish,-121.989816,47.859989
Yes,2020,594,96,-27,9,-0.08,685,7.96,-5.65,14.41,1.51,134,1349,chelan,-120.727614,47.82407
No,2020,695,-78,-62,12,0.59,309,8.11,-5.94,14.41,1.82,152,1360,lincoln,-118.937273,47.772958
Yes,2020,628,-31,-94,1,2.28,496,9.08,-3.73,15.15,3.01,121,1342,spokane,-117.142089,47.698884
Yes,2020,579,19,-98,126,5.38,3837,9.12,1.41,13.05,5.19,87,633,jefferson,-123.947973,47.865512
No,2020,136,85,51,6,6.95,1122,10.8,2.08,14.91,6.69,57,755,snohomish,-122.153827,47.872769
Yes,2021,1372,-90,-42,79,-1.35,756,6.44,-5.88,11.3,1.58,217,1018,chelan,-120.357062,47.84512
No,2020,851,76,64,12,-0.47,318,7.88,-6.44,13.28,2.49,240,1269,douglas,-119.831538,47.845338
No,2020,757,-99,-4,10,1.12,338,8.22,-5.61,14.23,2.21,146,1298,lincoln,-118.576704,47.797802
Yes,2020,825,78,-61,97,3.81,1084,8.01,-0.71,12.47,3.56,87,715,clallam,-123.10668,47.916347
Yes,2020,925,88,-46,141,0.44,2579,6.56,-3.83,11.27,1.85,123,872,snohomish,-121.277121,47.907508
Yes,2020,51,-86,49,35,6.95,2784,10.02,2.82,13.88,6.16,25,604,clallam,-124.546281,47.971505
Yes,2020,1612,-78,61,158,-0.34,1477,3.75,-4.79,8,-0.51,87,554,clallam,-123.266821,47.960806
Yes,2020,1373,-24,96,173,-0.65,3710,4.57,-4.11,8.51,0.63,100,574,snohomish,-121.466315,47.937545
Yes,2022,423,-77,63,32,1.99,400,9.6,-3.87,16.32,2.88,121,1530,stevens,-117.865893,47.847371
Yes,2020,575,-76,-64,118,5.88,3084,8.7,0.25,13.24,4.17,33,589,clallam,-124.171454,47.989179
Yes,2022,641,-23,97,81,4.18,1471,8.44,0.22,12.66,4.22,85,695,clallam,-123.363883,47.970014
Yes,2022,101,51,85,22,6.23,834,10.16,1.24,14.85,5.48,38,795,jefferson,-122.914096,47.974314
No,2020,1627,87,48,142,-2.56,2595,3.33,-6.92,8.02,-1.37,121,676,chelan,-121.13012,47.958649
No,2020,700,-94,-31,4,0.23,290,8.49,-6.4,14.61,2.37,193,1400,douglas,-119.313595,47.921373
No,2020,19,-76,64,26,6.94,761,10.36,1.93,14.75,5.96,28,714,island,-122.534732,48.014708
Yes,2021,182,98,18,24,6.78,1339,10.66,1.87,14.75,6.57,61,753,snohomish,-122.009565,48.01902
Yes,2020,1039,-98,17,60,-1.11,1616,6.22,-6.12,11.52,0.91,153,1017,chelan,-120.761375,47.998409
No,2020,335,0,0,0,0.86,316,10.2,-4.84,16.3,4.1,260,1640,chelan,-120.218392,47.993254
Yes,2021,998,-63,-77,91,0.82,441,8.4,-4.82,12.97,3.83,268,1155,ferry,-118.42727,47.910281
Yes,2021,825,-89,-43,61,2,893,8.49,-3.96,13.32,3.66,194,1159,spokane,-117.143584,47.847965
Yes,2020,470,-77,-63,54,5,2617,9.06,0.77,13.57,4.56,72,706,clallam,-123.989971,48.042082
No,2020,0,0,0,0,6.69,976,10.35,1.56,14.95,5.76,38,742,snohomish,-122.202174,48.042355
Yes,2020,1119,21,97,75,-0.5,552,8.26,-5.86,13.21,3.3,292,1247,okanogan,-120.02836,48.033206
No,2020,238,0,0,0,1.32,296,10.75,-4.48,16.93,4.57,286,1716,douglas,-119.867093,48.005557
Yes,2022,814,-66,-74,18,0.64,335,8.4,-5.46,14.03,2.77,198,1293,ferry,-118.582287,47.960696
Yes,2022,519,80,-59,25,1.71,389,9.88,-3.84,16.17,3.59,196,1557,stevens,-118.235245,47.953149
Yes,2022,1049,7,-99,40,0.19,550,7.49,-5.71,12.69,2.29,224,1153,stevens,-118.084801,47.954445
No,2020,69,64,76,5,6.61,461,10.36,2.06,14.72,6,36,738,clallam,-123.121802,48.080632
Yes,2020,572,-70,70,2,0.73,2801,7.9,-3.84,13.42,2.39,123,1081,snohomish,-121.3172,48.087211
No,2020,737,-76,64,15,0.39,310,8.56,-5.96,14.2,2.93,220,1350,douglas,-119.280567,48.043219
Yes,2022,703,-98,-14,26,1.4,672,8.41,-5.01,14.28,2.55,139,1278,stevens,-117.710658,47.94564
Yes,2020,122,39,-92,36,6.62,2852,10.2,2.25,14.62,5.77,26,723,clallam,-124.549322,48.116691
Yes,2022,77,-98,19,3,6.43,629,9.87,1.98,13.75,5.98,39,635,clallam,-123.301712,48.109632
No,2020,2547,-90,-42,157,-8.84,2707,-1.96,-9.63,2.52,-6.43,99,450,snohomish,-121.118018,48.099826
No,2020,2188,41,-90,133,-5.77,2265,0.21,-8.88,4.65,-4.24,100,524,chelan,-120.976227,48.099507
No,2020,330,99,-10,25,1.65,277,10.64,-4.5,16.9,4.38,243,1701,okanogan,-119.336755,48.073275
Yes,2022,694,5,-99,9,1.5,654,7.79,-5.83,14.46,1.11,58,1295,spokane,-117.533216,48.011364
Yes,2020,598,70,70,1,1.47,587,8.17,-5.44,15.01,1.33,68,1360,spokane,-117.355245,47.990785
Yes,2022,147,-59,-80,35,6.59,2805,10.05,1.89,14.55,5.56,25,703,clallam,-124.401024,48.165643
Yes,2020,91,26,96,11,6.56,2050,10.2,2.34,14.53,5.87,29,711,clallam,-124.190955,48.167691
Yes,2020,83,-95,-29,11,7.01,656,10.2,1.93,14.55,5.86,28,676,island,-122.602324,48.162474
Yes,2020,1556,29,95,49,-2.72,1423,3.85,-7.59,8.47,-0.76,129,755,chelan,-120.756654,48.149674
Yes,2022,791,99,9,54,0.67,523,8.36,-5.17,13.66,3.07,223,1246,ferry,-118.42234500000001,48.105834
Yes,2020,1539,81,-58,249,-1.96,1242,4.46,-7.3,9.71,-0.78,97,845,chelan,-120.819952,48.193514
Yes,2020,1250,99,-6,48,-2.49,734,5.93,-7.15,10.99,0.86,219,1070,okanogan,-120.22991,48.135663
Yes,2022,1024,-79,-61,100,0.43,408,7.87,-6.01,12.97,2.77,221,1179,ferry,-118.648103,48.12058
Yes,2022,1191,50,-86,120,0.23,526,7.26,-5.87,12.02,2.51,224,1054,stevens,-118.083877,48.097024
Yes,2021,779,55,-83,124,1.72,3710,7.25,-0.93,11.01,3.5,79,596,snohomish,-121.873419,48.212739
Yes,2020,303,79,60,8,2.25,2514,9.17,-1.95,14.32,4.01,128,1045,snohomish,-121.341278,48.261069
No,2020,695,21,-97,58,0.02,437,8.56,-6.01,14.16,2.95,240,1373,okanogan,-120.071301,48.196958
Yes,2021,571,-1,-99,44,0.97,470,8.66,-5.5,15.21,2.1,151,1454,ferry,-118.290158,48.150371
Yes,2020,1119,42,-90,86,0.58,621,7.88,-5.5,12.82,2.95,236,1131,stevens,-118.02063,48.094259
Yes,2022,15,83,54,17,7.07,2807,10.15,3.73,13.27,7.04,41,521,clallam,-124.626262,48.264897
Yes,2020,976,-99,6,83,1.4,3219,7.02,-1.8,11.24,2.81,87,644,snohomish,-121.488476,48.254173
No,2020,1922,99,3,162,-4.48,2148,1.34,-8.21,5.75,-3.07,97,549,chelan,-120.9743,48.243672
No,2020,244,94,31,8,1.5,308,10.6,-4.73,16.92,4.28,245,1717,okanogan,-119.723673,48.218451
Yes,2021,810,94,-31,112,0.79,567,7.31,-6.42,13.82,0.81,84,1265,stevens,-117.912172,48.149822
Yes,2020,452,-84,-53,135,0.16,991,8.56,-5.13,14.2,2.92,201,1337,chelan,-120.628121,48.281172
No,2020,418,95,-28,16,0.69,312,9.7,-5.56,16.05,3.35,236,1619,okanogan,-119.365845,48.219473
Yes,2021,1038,75,-66,97,-0.61,483,7.11,-6.87,12.33,1.9,224,1151,ferry,-118.814807,48.239162
Yes,2022,1058,-5,-99,108,0.16,698,6.91,-6.39,12.72,1.1,141,1156,stevens,-117.552764,48.177756
Yes,2020,1254,-55,-83,74,-1.46,629,6.13,-7.03,11.02,1.24,194,1014,okanogan,-120.269932,48.308136
No,2020,859,-92,38,11,-0.34,379,8.1,-6.4,13.39,2.83,246,1292,okanogan,-119.509412,48.274158
Yes,2020,880,33,-94,67,0.5,545,7.88,-5.57,13.35,2.41,204,1213,ferry,-118.343098,48.304901
Yes,2021,983,91,41,27,0.86,791,7.11,-6.17,13.09,1.12,103,1161,pend_oreille,-117.207749,48.189607
Yes,2021,253,-75,-65,73,4.84,1762,9.55,-0.66,14.55,4.54,43,861,skagit,-122.252465,48.600049
Yes,2020,1109,83,-54,85,0.72,3845,6.41,-1.96,10.47,2.36,82,644,skagit,-121.706572,48.360364
Yes,2020,1625,-28,95,106,-2.21,915,5.11,-7.23,9.84,0.38,166,905,okanogan,-120.4589,48.337932
Yes,2020,1092,-45,-89,70,-1.53,492,6.4,-7.25,11.84,0.96,207,1130,okanogan,-119.932761,48.323485
Yes,2021,959,-51,-85,48,0.33,497,7.65,-6,12.87,2.44,212,1172,ferry,-118.640608,48.305775
Yes,2021,904,-99,-4,48,0.67,535,8.13,-5.36,13.38,2.88,223,1196,stevens,-118.095318,48.241537
Yes,2020,867,21,97,64,2.37,3759,8.34,-0.05,12.14,4.54,84,673,skagit,-121.928112,48.414392
No,2020,436,-60,79,47,0.51,341,9.41,-5.82,15.6,3.23,238,1571,okanogan,-119.545341,48.348943
No,2020,581,-83,-54,24,1.09,470,8.3,-5.81,15.18,1.42,99,1431,ferry,-118.268756,48.304254
No,2020,518,44,-89,3,1.6,537,8.47,-5.5,15.53,1.41,71,1437,stevens,-117.721444,48.287084
No,2020,511,97,-22,5,1.16,358,9.48,-4.9,15.91,3.06,195,1552,ferry,-118.717968,48.205639
Yes,2022,1179,-43,-90,52,0.2,684,7.33,-5.73,11.92,2.75,252,1064,stevens,-117.948648,48.336586
Yes,2021,672,-83,55,34,1.52,654,7.67,-6.03,14.53,0.82,55,1316,pend_oreille,-117.34902,48.292497
Yes,2020,879,91,40,113,-0.96,2251,5.99,-4.96,10.82,1.17,136,869,skagit,-121.187885,48.444157
Yes,2020,940,-98,16,41,-0.88,400,7.36,-6.98,12.7,2.01,231,1215,okanogan,-119.367789,48.410913
Yes,2021,821,-79,60,129,-0.35,429,7.39,-7.09,13.76,1.02,162,1323,okanogan,-118.849991,48.412752
Yes,2020,1199,-98,15,98,-0.47,743,6.16,-6.9,11.38,0.94,161,1025,stevens,-117.570733,48.335399
No,2020,9,-77,-62,15,6.93,692,10.31,2.34,14.16,6.48,47,634,skagit,-122.687962,48.498664
No,2020,29,-31,94,1,5.79,1125,10.72,1.36,15.55,5.89,55,887,skagit,-122.083694,48.500001
Yes,2022,914,-77,-63,29,-1.81,1505,5.69,-6.79,11.56,-0.17,122,1033,chelan,-120.83925,48.47155
No,2020,2220,-17,98,140,-5.39,1470,0.77,-9.8,4.86,-3.32,120,554,okanogan,-120.479221,48.508983
Yes,2020,1108,66,74,43,-0.11,525,6.69,-7.38,12.31,1.08,165,1135,ferry,-118.669135,48.436846
Yes,2020,1253,-85,-52,90,-1.24,637,5.68,-8.13,11.26,0.1,165,1053,ferry,-118.491321,48.40172
Yes,2021,972,-19,98,73,0.69,789,6.72,-6.17,12.74,0.69,85,1138,pend_oreille,-117.134665,48.090832
No,2020,49,70,70,2,6.86,729,10.53,1.75,14.79,6.29,45,722,skagit,-122.621945,48.547471
Yes,2021,23,-15,98,34,6.72,1245,10.66,1.25,15.45,5.88,37,818,skagit,-122.297495,48.552327
Yes,2021,495,-75,-65,104,4.32,2254,8.72,-0.23,12.72,4.72,61,665,skagit,-122.173626,48.556317
Yes,2020,139,0,100,12,4.9,1712,9.74,-0.25,14.65,4.84,54,865,skagit,-121.944174,48.550384
Yes,2020,47,-22,97,12,5.44,1629,10.16,0.48,14.81,5.51,50,845,skagit,-121.75108,48.525951
Yes,2020,1677,-68,-72,83,-3.61,641,3.81,-8.51,8.88,-1.25,155,843,okanogan,-119.925126,48.472379
Yes,2021,875,18,98,69,0.75,572,8.32,-5.09,13.64,3.03,225,1224,stevens,-118.098269,48.4368
No,2020,846,10,-99,30,-0.77,401,7.35,-9.27,13.2,1.49,208,1250,okanogan,-119.768508,48.548897
No,2020,654,14,-98,69,0.89,2532,8.41,-0.93,12.67,4.14,210,905,skagit,-121.236038,48.602588
No,2020,606,-96,-25,16,0.13,344,8.56,-6.41,14.68,2.45,213,1441,okanogan,-119.430657,48.568675
Yes,2020,1628,75,65,56,-2.98,610,4.59,-8.11,9.18,0.01,210,867,okanogan,-119.2187,48.524224
Yes,2020,870,-93,-34,19,0.6,824,6.85,-6.77,13.51,0.18,80,1200,pend_oreille,-117.405043,48.475175
Yes,2020,644,60,79,123,3.74,2529,8.41,-0.42,12.36,4.46,57,633,whatcom,-122.156849,48.651586
Yes,2020,1686,75,-65,125,-3.57,1334,3.01,-7.87,7.88,-1.86,112,696,skagit,-120.886605,48.639749
Yes,2021,1023,-42,-90,26,-1.38,388,6.07,-8.8,12.25,-0.11,154,1187,okanogan,-119.06731,48.610835
Yes,2020,1187,94,32,33,-1.3,504,6.05,-7.88,11.45,0.64,192,1068,ferry,-118.845977,48.557379
Yes,2020,961,-99,-11,15,0.14,834,6.09,-7.41,12.73,-0.54,86,1131,pend_oreille,-117.221716,48.513405
Yes,2020,800,58,81,43,1.08,874,6.72,-6.54,13.19,0.26,57,1154,pend_oreille,-117.069047,48.482793
Yes,2020,1349,85,-52,176,-2.24,841,4.51,-7.68,9.27,-0.24,134,810,okanogan,-120.50778,48.680939
Yes,2020,1870,22,97,27,-4.26,796,2.53,-9.26,7.45,-2.39,120,726,okanogan,-119.97903,48.669917
Yes,2020,1071,70,-70,66,-0.36,503,6.01,-8.32,11.78,0.23,118,1083,ferry,-118.693173,48.604106
No,2020,745,-51,-85,21,-0.57,363,7.91,-6.96,13.67,2.15,215,1330,okanogan,-119.574357,48.66461
Yes,2021,546,20,-97,67,2.34,2454,8.02,-1.72,12.28,3.77,78,767,whatcom,-121.618579,48.746469
Yes,2021,1125,99,-7,103,-1.45,1864,5.19,-5.17,9.91,0.47,131,787,whatcom,-121.072665,48.751955
Yes,2021,970,-73,68,29,-1,355,6.57,-8.1,12.12,1,197,1151,okanogan,-119.278201,48.704024
Yes,2021,722,99,-13,101,0.48,556,6.99,-6.51,13.4,0.6,90,1233,stevens,-117.948513,48.633044
Yes,2020,46,84,53,5,6.44,976,10.56,1.19,14.92,6.19,57,769,whatcom,-122.543055,48.799657
Yes,2020,1907,99,1,28,-3.88,732,3.13,-7.9,7.94,-1.69,139,732,okanogan,-120.050824,48.724127
No,2020,344,-65,-75,61,1.45,324,9.98,-4.86,16.37,3.6,208,1598,okanogan,-119.422333,48.710042
Yes,2020,1222,-50,86,52,-1.69,491,4.87,-9.31,10.7,-0.96,133,1013,okanogan,-118.865637,48.731819
Yes,2020,1078,63,-77,46,0.37,804,5.79,-7.4,12.3,-0.72,49,1071,pend_oreille,-117.069394,48.621046
Yes,2020,116,-70,-70,8,5.52,1587,10,-0.07,14.79,5.2,49,838,whatcom,-122.175669,48.795206
Yes,2020,1990,-96,-27,134,-4.12,1054,2.06,-8.73,6.69,-2.58,110,605,okanogan,-120.355513,48.773886
Yes,2021,1305,-43,-90,13,-2.25,474,4.5,-9.63,10.4,-1.39,144,1012,okanogan,-119.054736,48.7567
Yes,2020,1165,93,-34,31,-0.33,1061,4.82,-8.14,11.01,-1.37,66,951,pend_oreille,-117.243805,48.666312
Yes,2021,54,62,77,26,6.59,1070,10.54,0.78,15.22,5.85,40,810,whatcom,-122.402134,48.847953
Yes,2020,1726,92,38,54,-3.43,712,3.27,-8.48,8.17,-1.64,119,775,okanogan,-119.972684,48.81457
Yes,2021,908,-98,-16,13,-0.29,473,6.09,-8.63,12.59,-0.4,87,1170,ferry,-118.710729,48.75958
Yes,2020,1066,98,14,55,0.18,553,7.24,-5.88,12.07,2.4,222,1102,ferry,-118.199632,48.757581
No,2020,928,68,72,110,-0.81,2932,6.6,-2.99,10.96,2.25,153,815,whatcom,-121.570489,48.854731
No,2020,1988,54,84,58,-4.12,867,1.95,-8.55,6.57,-2.67,105,590,okanogan,-120.182698,48.848293
Yes,2021,1059,-90,-41,23,-0.93,495,5.51,-9.17,11.68,-0.65,114,1095,ferry,-118.754788,48.792982
Yes,2022,842,-66,-74,23,0.55,628,6.81,-6.44,13,0.62,108,1164,stevens,-117.798941,48.782646
Yes,2020,1549,60,79,148,-0.81,2658,4.91,-4.19,9.12,0.71,91,656,whatcom,-121.620062,48.898157
Yes,2020,1157,-52,-84,38,-1.77,427,5.84,-7.89,10.88,0.81,215,1023,okanogan,-119.273821,48.85594
Yes,2020,520,-83,54,14,2.11,566,8.78,-5.01,14.98,2.6,109,1350,stevens,-117.987766,48.804877
Yes,2021,612,82,-56,74,1.1,719,7.14,-6.66,13.65,0.63,65,1201,pend_oreille,-117.422359,48.790013
No,2020,276,-19,-98,2,1.82,355,10.27,-4.03,16.47,4.08,214,1577,okanogan,-119.43822,48.894807
Yes,2022,1174,13,-99,56,-0.85,422,5.57,-9.03,11.58,-0.44,118,1072,okanogan,-118.910896,48.878526
Yes,2020,1402,0,100,52,-0.29,1144,4.47,-7.75,9.36,-0.42,112,775,pend_oreille,-117.067913,48.800986
No,2020,11,-44,89,2,6.33,1351,10.48,0.53,15.3,5.66,44,848,whatcom,-122.217574,48.981127
Yes,2020,1188,88,-47,5,-2.38,784,4.41,-9.03,10.16,-1.34,98,907,okanogan,-120.567848,48.97754
Yes,2020,2104,95,-30,86,-4.58,1804,1.67,-8.96,6.43,-3.09,92,618,okanogan,-120.37645,48.94595
Yes,2020,2019,3,99,19,-4.37,1231,1.59,-8.9,6.34,-3.17,86,604,okanogan,-120.268674,48.972518
Yes,2020,1612,91,39,96,-0.61,1130,4.39,-7.6,8.4,0.38,151,704,pend_oreille,-117.432257,48.873967
Yes,2020,866,60,79,137,-0.07,860,6.1,-7.27,12.51,-0.31,85,1118,pend_oreille,-117.261203,48.836335
Yes,2020,2089,25,-96,86,-5.12,863,1.14,-9.88,6.07,-3.79,92,607,okanogan,-120.042162,48.966464
Yes,2022,643,-10,99,18,0.58,556,7.59,-6.9,14.02,1.16,125,1294,stevens,-118.170771,48.925308
Yes,2020,552,96,-26,49,2.22,579,8.53,-4.96,14.46,2.63,100,1262,stevens,-117.803941,48.93164
Yes,2021,552,42,-90,88,1.71,633,7.97,-5.38,13.87,2.07,100,1203,stevens,-117.647772,48.989002
Yes,2020,1590,99,3,127,-1.77,1279,4.48,-6.91,9.5,-0.55,150,832,stevens,-117.468112,48.947397
Yes,2020,1167,-99,1,59,-0.17,888,5.21,-7.4,10.31,0.12,123,886,pend_oreille,-117.27911,48.992256
Yes,2006,115,99,-11,10,6.9,678,10.28,1.83,14.48,6.08,36,686,island,-122.571396,48.123215
No,2006,1695,-14,98,156,-0.48,5019,3.36,-5.25,7.55,-0.82,90,544,jefferson,-123.301075,47.628819
No,2006,1673,12,99,160,-0.39,2560,4.09,-4.15,8.21,-0.03,111,583,jefferson,-123.318265,47.730321000000004
No,2006,684,-67,73,98,0.04,426,8.53,-7.38,14.54,2.55,219,1425,okanogan,-120.032557,48.32642
No,2006,115,94,-33,8,6.55,1140,10.78,1.67,15.49,6.08,56,885,pierce,-122.534961,47.209461
Yes,2006,1074,-23,97,59,-2.43,2300,5.24,-5.81,10,0.47,168,862,skagit,-121.142524,48.409811
Yes,2006,71,-99,-10,30,6.5,1264,10.52,0.87,15.32,5.72,51,823,snohomish,-122.013011,48.064046
Yes,2006,145,-82,56,15,6.33,1204,10.66,1,16.12,5.21,29,999,thurston,-122.645511,46.836834
Yes,2006,165,85,-51,74,5.74,1606,10.04,0,14.61,5.48,50,810,whatcom,-122.16989,48.844843
Yes,2006,1412,89,-45,140,-1.58,2847,4.07,-5.25,8.18,-0.05,95,614,whatcom,-121.43105,48.925815
Yes,2006,270,-31,-94,23,1.33,345,10.77,-4.07,16.94,4.6,275,1726,chelan,-120.300286,47.669413
